name_gt,name_pred,dataSubtype_gt,dataSubtype_pred,dataType_gt,dataType_pred,fileFormat_gt,fileFormat_pred,individualID_gt,individualID_pred,resourceType_gt,resourceType_pred,specimenID_gt,specimenID_pred,studyId_gt,studyId_pred,runType_gt,runType_pred,modifiedBy_gt,modifiedBy_pred,diagnosis_gt,diagnosis_pred,studyName_gt,studyName_pred,platform_gt,platform_pred,readPairOrientation_gt,readPairOrientation_pred,accessType_gt,accessType_pred,libraryPreparationMethod_gt,libraryPreparationMethod_pred,assay_gt,assay_pred,species_gt,species_pred,fundingAgency_gt,fundingAgency_pred,sex_gt,sex_pred,initiative_gt,initiative_pred,organ_gt,organ_pred,tissue_gt,tissue_pred,readPair_gt,readPair_pred,nucleicAcidSource_gt,nucleicAcidSource_pred,readStrandOrigin_gt,readStrandOrigin_pred,age_pred,age_gt,ageUnit_pred,ageUnit_gt,aliquotID_pred,aliquotID_gt,averageBaseQuality_pred,averageBaseQuality_gt,averageInsertSize_pred,averageInsertSize_gt,averageReadLength_pred,averageReadLength_gt,cellType_pred,cellType_gt,channel_pred,channel_gt,comments_pred,comments_gt,Component_pred,Component_gt,compoundDose_pred,compoundDose_gt,compoundDoseUnit_pred,compoundDoseUnit_gt,compoundName_pred,compoundName_gt,dissociationMethod_pred,dissociationMethod_gt,drugScreenType_pred,drugScreenType_gt,experimentalCondition_pred,experimentalCondition_gt,experimentalTimepoint_pred,experimentalTimepoint_gt,expressionUnit_pred,expressionUnit_gt,genePerturbationTechnology_pred,genePerturbationTechnology_gt,genePerturbationType_pred,genePerturbationType_gt,genePerturbed_pred,genePerturbed_gt,genomicReference_pred,genomicReference_gt,individualIdSource_pred,individualIdSource_gt,isCellLine_pred,isCellLine_gt,isMultiIndividual_pred,isMultiIndividual_gt,isMultiSpecimen_pred,isMultiSpecimen_gt,isPrimaryCell_pred,isPrimaryCell_gt,isStranded_pred,isStranded_gt,isXenograft_pred,isXenograft_gt,libraryPrep_pred,libraryPrep_gt,libraryStrand_pred,libraryStrand_gt,modelSystemName_pred,modelSystemName_gt,nf1Genotype_pred,nf1Genotype_gt,nf2Genotype_pred,nf2Genotype_gt,pairsOnDifferentChr_pred,pairsOnDifferentChr_gt,parentSpecimenID_pred,parentSpecimenID_gt,progressReportNumber_pred,progressReportNumber_gt,readDepth_pred,readDepth_gt,readLength_pred,readLength_gt,readsDuplicatedPercent_pred,readsDuplicatedPercent_gt,readsMappedPercent_pred,readsMappedPercent_gt,specimenPreparationMethod_pred,specimenPreparationMethod_gt,targetCaptureKitID_pred,targetCaptureKitID_gt,targetDepth_pred,targetDepth_gt,totalReads_pred,totalReads_gt,transplantationRecipientSpecies_pred,transplantationRecipientSpecies_gt,transplantationRecipientTissue_pred,transplantationRecipientTissue_gt,transplantationType_pred,transplantationType_gt,tumorType_pred,tumorType_gt,workflow_pred,workflow_gt,workflowLink_pred,workflowLink_gt
swn_patient_10_tumor_108_S6_L001_R1_001.fastq.gz,swn_patient_10_tumor_108_S6_L001_R1_001.fastq.gz,raw,Raw,geneExpression,genomicVariants,fastq,Gzip,swn_patient_10,10,experimentalData,Result,swn_patient_10_tumor_108,108,syn9727752,Schwannomatosis Genomic Landscape Study,pairedEnd,PairedEnd,3342573,,Schwannomatosis,Neurofibromatosistype1,Synodos Schwannomatosis,"Epigenomic, genomic, and transcriptomic landscape of schwannomatosis",Illumina HiSeq 2000,IlluminaHiSeq2500,inward,Inward,PRIVATE,,TruSeq,TruSeq,RNA-seq,RNAseq,Homo sapiens,Musmusculus,CTF,,Female,,Synodos,,nerves,,primary tumor,,1.0,Read 1,bulk cell,Bulkcell,reverse,,,,,,,,,,,,,,,,,,,,,,,,,,,,,,,,,,,,,,,,,,,,,,,,,,No,,No,,No,,Yes,,,,,,FirstStranded,,,,,,,,,,,,,,,,,,,,,,Freshcollected,,,,,,,,,,,,,,PlexiformNeurofibroma,,,,,
swn_patient_10_tumor_108_S6_L001_R2_001.fastq.gz,swn_patient_10_tumor_108_S6_L001_R2_001.fastq.gz,raw,Raw,geneExpression,genomicVariants,fastq,Gzip,swn_patient_10,10,experimentalData,Result,swn_patient_10_tumor_108,108,syn9727752,Schwannomatosis Genomic Landscape Study,pairedEnd,PairedEnd,3342573,,Schwannomatosis,Neurofibromatosistype1,Synodos Schwannomatosis,"Epigenomic, genomic, and transcriptomic landscape of schwannomatosis",Illumina HiSeq 2000,IlluminaHiSeq2500,inward,Inward,PRIVATE,,TruSeq,TruSeq,RNA-seq,RNAseq,Homo sapiens,Musmusculus,CTF,,Female,,Synodos,,nerves,,primary tumor,,2.0,Read 2,bulk cell,Bulkcell,reverse,,,,,,,,,,,,,,,,,,,,,,,,,,,,,,,,,,,,,,,,,,,,,,,,,,No,,No,,No,,Yes,,,,,,FirstStranded,,,,,,,,,,,,,,,,,,,,,,Freshcollected,,,,,,,,,,,,,,PlexiformNeurofibroma,,,,,
swn_patient_10_tumor_108_S6_L002_R1_001.fastq.gz,swn_patient_10_tumor_108_S6_L002_R1_001.fastq.gz,raw,,geneExpression,,fastq,Gzip,swn_patient_10,,experimentalData,,swn_patient_10_tumor_108,,syn9727752,,pairedEnd,,3342573,,Schwannomatosis,,Synodos Schwannomatosis,,Illumina HiSeq 2000,,inward,,PRIVATE,,TruSeq,,RNA-seq,,Homo sapiens,Musmusculus,CTF,,Female,,Synodos,,nerves,,primary tumor,,1.0,Read 1,bulk cell,Bulkcell,reverse,,,,,,,,,,,,,,,,,,,,,,,,,,,,,,,,,,,,,,,,,,,,,,,,,,No,,,,,,,,,,,,FirstStranded,,,,,,,,,,,,,,,,,,,,,,Freshcollected,,,,,,,,,,,,,,,,,,,
swn_patient_10_tumor_108_S6_L002_R2_001.fastq.gz,swn_patient_10_tumor_108_S6_L002_R2_001.fastq.gz,raw,,geneExpression,,fastq,Gzip,swn_patient_10,,experimentalData,,swn_patient_10_tumor_108,,syn9727752,,pairedEnd,,3342573,,Schwannomatosis,,Synodos Schwannomatosis,,Illumina HiSeq 2000,,inward,,PRIVATE,,TruSeq,,RNA-seq,,Homo sapiens,Musmusculus,CTF,,Female,,Synodos,,nerves,,primary tumor,,2.0,Read 2,bulk cell,Bulkcell,reverse,,,,,,,,,,,,,,,,,,,,,,,,,,,,,,,,,,,,,,,,,,,,,,,,,,No,,,,,,,,,,,,FirstStranded,,,,,,,,,,,,,,,,,,,,,,Freshcollected,,,,,,,,,,,,,,,,,,,
swn_patient_10_tumor_108_S6_L003_R1_001.fastq.gz,swn_patient_10_tumor_108_S6_L003_R1_001.fastq.gz,raw,,geneExpression,,fastq,Gzip,swn_patient_10,,experimentalData,,swn_patient_10_tumor_108,,syn9727752,,pairedEnd,,3342573,,Schwannomatosis,,Synodos Schwannomatosis,,Illumina HiSeq 2000,,inward,,PRIVATE,,TruSeq,,RNA-seq,,Homo sapiens,Musmusculus,CTF,,Female,,Synodos,,nerves,,primary tumor,,1.0,Read 1,bulk cell,Bulkcell,reverse,,,,,,,,,,,,,,,,,,,,,,,,,,,,,,,,,,,,,,,,,,,,,,,,,,No,,,,,,,,,,,,FirstStranded,,,,,,,,,,,,,,,,,,,,,,Freshcollected,,,,,,,,,,,,,,,,,,,
swn_patient_10_tumor_108_S6_L003_R2_001.fastq.gz,swn_patient_10_tumor_108_S6_L003_R2_001.fastq.gz,raw,,geneExpression,,fastq,Gzip,swn_patient_10,,experimentalData,,swn_patient_10_tumor_108,,syn9727752,,pairedEnd,,3342573,,Schwannomatosis,,Synodos Schwannomatosis,,Illumina HiSeq 2000,,inward,,PRIVATE,,TruSeq,,RNA-seq,,Homo sapiens,Musmusculus,CTF,,Female,,Synodos,,nerves,,primary tumor,,2.0,Read 2,bulk cell,Bulkcell,reverse,,,,,,,,,,,,,,,,,,,,,,,,,,,,,,,,,,,,,,,,,,,,,,,,,,No,,,,,,,,,,,,FirstStranded,,,,,,,,,,,,,,,,,,,,,,Freshcollected,,,,,,,,,,,,,,,,,,,
swn_patient_10_tumor_108_S6_L004_R1_001.fastq.gz,swn_patient_10_tumor_108_S6_L004_R1_001.fastq.gz,raw,,geneExpression,,fastq,Gzip,swn_patient_10,,experimentalData,,swn_patient_10_tumor_108,,syn9727752,,pairedEnd,,3342573,,Schwannomatosis,,Synodos Schwannomatosis,,Illumina HiSeq 2000,,inward,,PRIVATE,,TruSeq,,RNA-seq,,Homo sapiens,Musmusculus,CTF,,Female,,Synodos,,nerves,,primary tumor,,1.0,Read 1,bulk cell,Bulkcell,reverse,,,,,,,,,,,,,,,,,,,,,,,,,,,,,,,,,,,,,,,,,,,,,,,,,,No,,,,,,,,,,,,FirstStranded,,,,,,,,,,,,,,,,,,,,,,Freshcollected,,,,,,,,,,,,,,,,,,,
swn_patient_10_tumor_108_S6_L004_R2_001.fastq.gz,swn_patient_10_tumor_108_S6_L004_R2_001.fastq.gz,raw,,geneExpression,,fastq,Gzip,swn_patient_10,,experimentalData,,swn_patient_10_tumor_108,,syn9727752,,pairedEnd,,3342573,,Schwannomatosis,,Synodos Schwannomatosis,,Illumina HiSeq 2000,,inward,,PRIVATE,,TruSeq,,RNA-seq,,Homo sapiens,Musmusculus,CTF,,Female,,Synodos,,nerves,,primary tumor,,2.0,Read 2,bulk cell,Bulkcell,reverse,,,,,,,,,,,,,,,,,,,,,,,,,,,,,,,,,,,,,,,,,,,,,,,,,,No,,,,,,,,,,,,FirstStranded,,,,,,,,,,,,,,,,,,,,,,Freshcollected,,,,,,,,,,,,,,,,,,,
swn_patient_10_tumor_109_S2_L001_R1_001.fastq.gz,swn_patient_10_tumor_109_S2_L001_R1_001.fastq.gz,raw,Raw,geneExpression,genomicVariants,fastq,Gzip,swn_patient_10,10,experimentalData,Result,swn_patient_10_tumor_109,109,syn9727752,Schwannomatosis Genomic Landscape Study,pairedEnd,PairedEnd,3342573,,Schwannomatosis,Neurofibromatosistype1,Synodos Schwannomatosis,"Epigenomic, genomic, and transcriptomic landscape of schwannomatosis",Illumina HiSeq 2000,IlluminaHiSeq2500,inward,Inward,PRIVATE,,TruSeq,TruSeq,RNA-seq,RNAseq,Homo sapiens,Musmusculus,CTF,,Female,,Synodos,,nerves,,primary tumor,,1.0,Read 1,bulk cell,Bulkcell,reverse,,,,,,,,,,,,,,,,,,,,,,,,,,,,,,,,,,,,,,,,,,,,,,,,,,No,,No,,No,,Yes,,,,,,FirstStranded,,,,,,,,,,,,,,,,,,,,,,Freshcollected,,,,,,,,,,,,,,PlexiformNeurofibroma,,,,,
swn_patient_10_tumor_109_S2_L001_R2_001.fastq.gz,swn_patient_10_tumor_109_S2_L001_R2_001.fastq.gz,raw,Raw,geneExpression,genomicVariants,fastq,Gzip,swn_patient_10,10,experimentalData,Result,swn_patient_10_tumor_109,109,syn9727752,Schwannomatosis Genomic Landscape Study,pairedEnd,PairedEnd,3342573,,Schwannomatosis,Neurofibromatosistype1,Synodos Schwannomatosis,"Epigenomic, genomic, and transcriptomic landscape of schwannomatosis",Illumina HiSeq 2000,IlluminaHiSeq2500,inward,Inward,PRIVATE,,TruSeq,TruSeq,RNA-seq,RNAseq,Homo sapiens,Musmusculus,CTF,,Female,,Synodos,,nerves,,primary tumor,,2.0,Read 2,bulk cell,Bulkcell,reverse,,,,,,,,,,,,,,,,,,,,,,,,,,,,,,,,,,,,,,,,,,,,,,,,,,No,,No,,No,,Yes,,,,,,FirstStranded,,,,,,,,,,,,,,,,,,,,,,Freshcollected,,,,,,,,,,,,,,PlexiformNeurofibroma,,,,,
swn_patient_10_tumor_109_S2_L002_R1_001.fastq.gz,swn_patient_10_tumor_109_S2_L002_R1_001.fastq.gz,raw,,geneExpression,,fastq,,swn_patient_10,,experimentalData,,swn_patient_10_tumor_109,,syn9727752,,pairedEnd,,3342573,,Schwannomatosis,,Synodos Schwannomatosis,,Illumina HiSeq 2000,,inward,,PRIVATE,,TruSeq,,RNA-seq,,Homo sapiens,,CTF,,Female,,Synodos,,nerves,,primary tumor,,1.0,,bulk cell,,reverse,,,,,,,,,,,,,,,,,,,,,,,,,,,,,,,,,,,,,,,,,,,,,,,,,,,,,,,,,,,,,,,,,,,,,,,,,,,,,,,,,,,,,,,,,,,,,,,,,,,,,,,
swn_patient_10_tumor_109_S2_L002_R2_001.fastq.gz,swn_patient_10_tumor_109_S2_L002_R2_001.fastq.gz,raw,,geneExpression,,fastq,,swn_patient_10,,experimentalData,,swn_patient_10_tumor_109,,syn9727752,,pairedEnd,,3342573,,Schwannomatosis,,Synodos Schwannomatosis,,Illumina HiSeq 2000,,inward,,PRIVATE,,TruSeq,,RNA-seq,,Homo sapiens,,CTF,,Female,,Synodos,,nerves,,primary tumor,,2.0,,bulk cell,,reverse,,,,,,,,,,,,,,,,,,,,,,,,,,,,,,,,,,,,,,,,,,,,,,,,,,,,,,,,,,,,,,,,,,,,,,,,,,,,,,,,,,,,,,,,,,,,,,,,,,,,,,,
swn_patient_10_tumor_109_S2_L003_R1_001.fastq.gz,swn_patient_10_tumor_109_S2_L003_R1_001.fastq.gz,raw,,geneExpression,,fastq,,swn_patient_10,,experimentalData,,swn_patient_10_tumor_109,,syn9727752,,pairedEnd,,3342573,,Schwannomatosis,,Synodos Schwannomatosis,,Illumina HiSeq 2000,,inward,,PRIVATE,,TruSeq,,RNA-seq,,Homo sapiens,,CTF,,Female,,Synodos,,nerves,,primary tumor,,1.0,,bulk cell,,reverse,,,,,,,,,,,,,,,,,,,,,,,,,,,,,,,,,,,,,,,,,,,,,,,,,,,,,,,,,,,,,,,,,,,,,,,,,,,,,,,,,,,,,,,,,,,,,,,,,,,,,,,
swn_patient_10_tumor_109_S2_L003_R2_001.fastq.gz,swn_patient_10_tumor_109_S2_L003_R2_001.fastq.gz,raw,,geneExpression,,fastq,,swn_patient_10,,experimentalData,,swn_patient_10_tumor_109,,syn9727752,,pairedEnd,,3342573,,Schwannomatosis,,Synodos Schwannomatosis,,Illumina HiSeq 2000,,inward,,PRIVATE,,TruSeq,,RNA-seq,,Homo sapiens,,CTF,,Female,,Synodos,,nerves,,primary tumor,,2.0,,bulk cell,,reverse,,,,,,,,,,,,,,,,,,,,,,,,,,,,,,,,,,,,,,,,,,,,,,,,,,,,,,,,,,,,,,,,,,,,,,,,,,,,,,,,,,,,,,,,,,,,,,,,,,,,,,,
swn_patient_10_tumor_109_S2_L004_R1_001.fastq.gz,swn_patient_10_tumor_109_S2_L004_R1_001.fastq.gz,raw,,geneExpression,,fastq,,swn_patient_10,,experimentalData,,swn_patient_10_tumor_109,,syn9727752,,pairedEnd,,3342573,,Schwannomatosis,,Synodos Schwannomatosis,,Illumina HiSeq 2000,,inward,,PRIVATE,,TruSeq,,RNA-seq,,Homo sapiens,,CTF,,Female,,Synodos,,nerves,,primary tumor,,1.0,,bulk cell,,reverse,,,,,,,,,,,,,,,,,,,,,,,,,,,,,,,,,,,,,,,,,,,,,,,,,,,,,,,,,,,,,,,,,,,,,,,,,,,,,,,,,,,,,,,,,,,,,,,,,,,,,,,
swn_patient_10_tumor_109_S2_L004_R2_001.fastq.gz,swn_patient_10_tumor_109_S2_L004_R2_001.fastq.gz,raw,,geneExpression,,fastq,,swn_patient_10,,experimentalData,,swn_patient_10_tumor_109,,syn9727752,,pairedEnd,,3342573,,Schwannomatosis,,Synodos Schwannomatosis,,Illumina HiSeq 2000,,inward,,PRIVATE,,TruSeq,,RNA-seq,,Homo sapiens,,CTF,,Female,,Synodos,,nerves,,primary tumor,,2.0,,bulk cell,,reverse,,,,,,,,,,,,,,,,,,,,,,,,,,,,,,,,,,,,,,,,,,,,,,,,,,,,,,,,,,,,,,,,,,,,,,,,,,,,,,,,,,,,,,,,,,,,,,,,,,,,,,,
swn_patient_10_tumor_110_S8_L001_R1_001.fastq.gz,swn_patient_10_tumor_110_S8_L001_R1_001.fastq.gz,raw,,geneExpression,,fastq,,swn_patient_10,,experimentalData,,swn_patient_10_tumor_110,,syn9727752,,pairedEnd,PairedEnd,3342573,,Schwannomatosis,,Synodos Schwannomatosis,,Illumina HiSeq 2000,IlluminaHiSeq2500,inward,,PRIVATE,,TruSeq,,RNA-seq,RNAseq,Homo sapiens,,CTF,,Female,,Synodos,,nerves,,primary tumor,,1.0,,bulk cell,,reverse,,,,,,,,,,,,,,,,,,,,,,,,,,,,,,,,,,,,,,,,,,,,,,,,,,,,,,,,,,,,,,,,,,,,,,,,,,,,,,,,,,,,,,,,,,,,,,,,,,PlexiformNeurofibroma,,,,,
swn_patient_10_tumor_110_S8_L001_R2_001.fastq.gz,swn_patient_10_tumor_110_S8_L001_R2_001.fastq.gz,raw,,geneExpression,,fastq,,swn_patient_10,,experimentalData,,swn_patient_10_tumor_110,,syn9727752,,pairedEnd,PairedEnd,3342573,,Schwannomatosis,,Synodos Schwannomatosis,,Illumina HiSeq 2000,IlluminaHiSeq2500,inward,,PRIVATE,,TruSeq,,RNA-seq,RNAseq,Homo sapiens,,CTF,,Female,,Synodos,,nerves,,primary tumor,,2.0,,bulk cell,,reverse,,,,,,,,,,,,,,,,,,,,,,,,,,,,,,,,,,,,,,,,,,,,,,,,,,,,,,,,,,,,,,,,,,,,,,,,,,,,,,,,,,,,,,,,,,,,,,,,,,PlexiformNeurofibroma,,,,,
swn_patient_10_tumor_110_S8_L002_R1_001.fastq.gz,swn_patient_10_tumor_110_S8_L002_R1_001.fastq.gz,raw,,geneExpression,,fastq,,swn_patient_10,,experimentalData,,swn_patient_10_tumor_110,,syn9727752,,pairedEnd,,3342573,,Schwannomatosis,,Synodos Schwannomatosis,,Illumina HiSeq 2000,,inward,,PRIVATE,,TruSeq,,RNA-seq,,Homo sapiens,,CTF,,Female,,Synodos,,nerves,,primary tumor,,1.0,,bulk cell,,reverse,,,,,,,,,,,,,,,,,,,,,,,,,,,,,,,,,,,,,,,,,,,,,,,,,,,,,,,,,,,,,,,,,,,,,,,,,,,,,,,,,,,,,,,,,,,,,,,,,,,,,,,
swn_patient_10_tumor_110_S8_L002_R2_001.fastq.gz,swn_patient_10_tumor_110_S8_L002_R2_001.fastq.gz,raw,,geneExpression,,fastq,,swn_patient_10,,experimentalData,,swn_patient_10_tumor_110,,syn9727752,,pairedEnd,,3342573,,Schwannomatosis,,Synodos Schwannomatosis,,Illumina HiSeq 2000,,inward,,PRIVATE,,TruSeq,,RNA-seq,,Homo sapiens,,CTF,,Female,,Synodos,,nerves,,primary tumor,,2.0,,bulk cell,,reverse,,,,,,,,,,,,,,,,,,,,,,,,,,,,,,,,,,,,,,,,,,,,,,,,,,,,,,,,,,,,,,,,,,,,,,,,,,,,,,,,,,,,,,,,,,,,,,,,,,,,,,,
swn_patient_10_tumor_110_S8_L003_R1_001.fastq.gz,swn_patient_10_tumor_110_S8_L003_R1_001.fastq.gz,raw,,geneExpression,,fastq,,swn_patient_10,,experimentalData,,swn_patient_10_tumor_110,,syn9727752,,pairedEnd,,3342573,,Schwannomatosis,,Synodos Schwannomatosis,,Illumina HiSeq 2000,,inward,,PRIVATE,,TruSeq,,RNA-seq,,Homo sapiens,,CTF,,Female,,Synodos,,nerves,,primary tumor,,1.0,,bulk cell,,reverse,,,,,,,,,,,,,,,,,,,,,,,,,,,,,,,,,,,,,,,,,,,,,,,,,,,,,,,,,,,,,,,,,,,,,,,,,,,,,,,,,,,,,,,,,,,,,,,,,,,,,,,
swn_patient_10_tumor_110_S8_L003_R2_001.fastq.gz,swn_patient_10_tumor_110_S8_L003_R2_001.fastq.gz,raw,,geneExpression,,fastq,,swn_patient_10,,experimentalData,,swn_patient_10_tumor_110,,syn9727752,,pairedEnd,,3342573,,Schwannomatosis,,Synodos Schwannomatosis,,Illumina HiSeq 2000,,inward,,PRIVATE,,TruSeq,,RNA-seq,,Homo sapiens,,CTF,,Female,,Synodos,,nerves,,primary tumor,,2.0,,bulk cell,,reverse,,,,,,,,,,,,,,,,,,,,,,,,,,,,,,,,,,,,,,,,,,,,,,,,,,,,,,,,,,,,,,,,,,,,,,,,,,,,,,,,,,,,,,,,,,,,,,,,,,,,,,,
swn_patient_10_tumor_110_S8_L004_R1_001.fastq.gz,swn_patient_10_tumor_110_S8_L004_R1_001.fastq.gz,raw,,geneExpression,,fastq,,swn_patient_10,,experimentalData,,swn_patient_10_tumor_110,,syn9727752,,pairedEnd,,3342573,,Schwannomatosis,,Synodos Schwannomatosis,,Illumina HiSeq 2000,,inward,,PRIVATE,,TruSeq,,RNA-seq,,Homo sapiens,,CTF,,Female,,Synodos,,nerves,,primary tumor,,1.0,,bulk cell,,reverse,,,,,,,,,,,,,,,,,,,,,,,,,,,,,,,,,,,,,,,,,,,,,,,,,,,,,,,,,,,,,,,,,,,,,,,,,,,,,,,,,,,,,,,,,,,,,,,,,,,,,,,
swn_patient_10_tumor_110_S8_L004_R2_001.fastq.gz,swn_patient_10_tumor_110_S8_L004_R2_001.fastq.gz,raw,,geneExpression,,fastq,,swn_patient_10,,experimentalData,,swn_patient_10_tumor_110,,syn9727752,,pairedEnd,,3342573,,Schwannomatosis,,Synodos Schwannomatosis,,Illumina HiSeq 2000,,inward,,PRIVATE,,TruSeq,,RNA-seq,,Homo sapiens,,CTF,,Female,,Synodos,,nerves,,primary tumor,,2.0,,bulk cell,,reverse,,,,,,,,,,,,,,,,,,,,,,,,,,,,,,,,,,,,,,,,,,,,,,,,,,,,,,,,,,,,,,,,,,,,,,,,,,,,,,,,,,,,,,,,,,,,,,,,,,,,,,,
swn_patient_10_tumor_111_S4_L001_R1_001.fastq.gz,swn_patient_10_tumor_111_S4_L001_R1_001.fastq.gz,raw,,geneExpression,,fastq,,swn_patient_10,,experimentalData,,swn_patient_10_tumor_111,,syn9727752,,pairedEnd,PairedEnd,3342573,,Schwannomatosis,,Synodos Schwannomatosis,,Illumina HiSeq 2000,IlluminaHiSeq2500,inward,,PRIVATE,,TruSeq,,RNA-seq,RNAseq,Homo sapiens,,CTF,,Female,,Synodos,,nerves,,primary tumor,,1.0,,bulk cell,,reverse,,,,,,,,,,,,,,,,,,,,,,,,,,,,,,,,,,,,,,,,,,,,,,,,,,,,,,,,,,,,,,,,,,,,,,,,,,,,,,,,,,,,,,,,,,,,,,,,,,PlexiformNeurofibroma,,,,,
swn_patient_10_tumor_111_S4_L001_R2_001.fastq.gz,swn_patient_10_tumor_111_S4_L001_R2_001.fastq.gz,raw,,geneExpression,,fastq,,swn_patient_10,,experimentalData,,swn_patient_10_tumor_111,,syn9727752,,pairedEnd,PairedEnd,3342573,,Schwannomatosis,,Synodos Schwannomatosis,,Illumina HiSeq 2000,IlluminaHiSeq2500,inward,,PRIVATE,,TruSeq,,RNA-seq,RNAseq,Homo sapiens,,CTF,,Female,,Synodos,,nerves,,primary tumor,,2.0,,bulk cell,,reverse,,,,,,,,,,,,,,,,,,,,,,,,,,,,,,,,,,,,,,,,,,,,,,,,,,,,,,,,,,,,,,,,,,,,,,,,,,,,,,,,,,,,,,,,,,,,,,,,,,PlexiformNeurofibroma,,,,,
swn_patient_10_tumor_111_S4_L002_R1_001.fastq.gz,swn_patient_10_tumor_111_S4_L002_R1_001.fastq.gz,raw,,geneExpression,,fastq,,swn_patient_10,,experimentalData,,swn_patient_10_tumor_111,,syn9727752,,pairedEnd,,3342573,,Schwannomatosis,,Synodos Schwannomatosis,,Illumina HiSeq 2000,,inward,,PRIVATE,,TruSeq,,RNA-seq,,Homo sapiens,,CTF,,Female,,Synodos,,nerves,,primary tumor,,1.0,,bulk cell,,reverse,,,,,,,,,,,,,,,,,,,,,,,,,,,,,,,,,,,,,,,,,,,,,,,,,,,,,,,,,,,,,,,,,,,,,,,,,,,,,,,,,,,,,,,,,,,,,,,,,,,,,,,
swn_patient_10_tumor_111_S4_L002_R2_001.fastq.gz,swn_patient_10_tumor_111_S4_L002_R2_001.fastq.gz,raw,,geneExpression,,fastq,,swn_patient_10,,experimentalData,,swn_patient_10_tumor_111,,syn9727752,,pairedEnd,,3342573,,Schwannomatosis,,Synodos Schwannomatosis,,Illumina HiSeq 2000,,inward,,PRIVATE,,TruSeq,,RNA-seq,,Homo sapiens,,CTF,,Female,,Synodos,,nerves,,primary tumor,,2.0,,bulk cell,,reverse,,,,,,,,,,,,,,,,,,,,,,,,,,,,,,,,,,,,,,,,,,,,,,,,,,,,,,,,,,,,,,,,,,,,,,,,,,,,,,,,,,,,,,,,,,,,,,,,,,,,,,,
swn_patient_10_tumor_111_S4_L003_R1_001.fastq.gz,swn_patient_10_tumor_111_S4_L003_R1_001.fastq.gz,raw,,geneExpression,,fastq,,swn_patient_10,,experimentalData,,swn_patient_10_tumor_111,,syn9727752,,pairedEnd,,3342573,,Schwannomatosis,,Synodos Schwannomatosis,,Illumina HiSeq 2000,,inward,,PRIVATE,,TruSeq,,RNA-seq,,Homo sapiens,,CTF,,Female,,Synodos,,nerves,,primary tumor,,1.0,,bulk cell,,reverse,,,,,,,,,,,,,,,,,,,,,,,,,,,,,,,,,,,,,,,,,,,,,,,,,,,,,,,,,,,,,,,,,,,,,,,,,,,,,,,,,,,,,,,,,,,,,,,,,,,,,,,
swn_patient_10_tumor_111_S4_L003_R2_001.fastq.gz,swn_patient_10_tumor_111_S4_L003_R2_001.fastq.gz,raw,,geneExpression,,fastq,,swn_patient_10,,experimentalData,,swn_patient_10_tumor_111,,syn9727752,,pairedEnd,,3342573,,Schwannomatosis,,Synodos Schwannomatosis,,Illumina HiSeq 2000,,inward,,PRIVATE,,TruSeq,,RNA-seq,,Homo sapiens,,CTF,,Female,,Synodos,,nerves,,primary tumor,,2.0,,bulk cell,,reverse,,,,,,,,,,,,,,,,,,,,,,,,,,,,,,,,,,,,,,,,,,,,,,,,,,,,,,,,,,,,,,,,,,,,,,,,,,,,,,,,,,,,,,,,,,,,,,,,,,,,,,,
swn_patient_10_tumor_111_S4_L004_R1_001.fastq.gz,swn_patient_10_tumor_111_S4_L004_R1_001.fastq.gz,raw,,geneExpression,,fastq,,swn_patient_10,,experimentalData,,swn_patient_10_tumor_111,,syn9727752,,pairedEnd,,3342573,,Schwannomatosis,,Synodos Schwannomatosis,,Illumina HiSeq 2000,,inward,,PRIVATE,,TruSeq,,RNA-seq,,Homo sapiens,,CTF,,Female,,Synodos,,nerves,,primary tumor,,1.0,,bulk cell,,reverse,,,,,,,,,,,,,,,,,,,,,,,,,,,,,,,,,,,,,,,,,,,,,,,,,,,,,,,,,,,,,,,,,,,,,,,,,,,,,,,,,,,,,,,,,,,,,,,,,,,,,,,
swn_patient_10_tumor_111_S4_L004_R2_001.fastq.gz,swn_patient_10_tumor_111_S4_L004_R2_001.fastq.gz,raw,,geneExpression,,fastq,,swn_patient_10,,experimentalData,,swn_patient_10_tumor_111,,syn9727752,,pairedEnd,,3342573,,Schwannomatosis,,Synodos Schwannomatosis,,Illumina HiSeq 2000,,inward,,PRIVATE,,TruSeq,,RNA-seq,,Homo sapiens,,CTF,,Female,,Synodos,,nerves,,primary tumor,,2.0,,bulk cell,,reverse,,,,,,,,,,,,,,,,,,,,,,,,,,,,,,,,,,,,,,,,,,,,,,,,,,,,,,,,,,,,,,,,,,,,,,,,,,,,,,,,,,,,,,,,,,,,,,,,,,,,,,,
swn_patient_10_tumor_112_S7_L001_R1_001.fastq.gz,swn_patient_10_tumor_112_S7_L001_R1_001.fastq.gz,raw,,geneExpression,,fastq,,swn_patient_10,,experimentalData,,swn_patient_10_tumor_112,,syn9727752,,pairedEnd,PairedEnd,3342573,,Schwannomatosis,,Synodos Schwannomatosis,,Illumina HiSeq 2000,IlluminaHiSeq2500,inward,,PRIVATE,,TruSeq,,RNA-seq,RNAseq,Homo sapiens,,CTF,,Female,,Synodos,,nerves,,primary tumor,,1.0,,bulk cell,,reverse,,,,,,,,,,,,,,,,,,,,,,,,,,,,,,,,,,,,,,,,,,,,,,,,,,,,,,,,,,,,,,,,,,,,,,,,,,,,,,,,,,,,,,,,,,,,,,,,,,PlexiformNeurofibroma,,,,,
swn_patient_10_tumor_112_S7_L001_R2_001.fastq.gz,swn_patient_10_tumor_112_S7_L001_R2_001.fastq.gz,raw,,geneExpression,,fastq,,swn_patient_10,,experimentalData,,swn_patient_10_tumor_112,,syn9727752,,pairedEnd,PairedEnd,3342573,,Schwannomatosis,,Synodos Schwannomatosis,,Illumina HiSeq 2000,IlluminaHiSeq2500,inward,,PRIVATE,,TruSeq,,RNA-seq,RNAseq,Homo sapiens,,CTF,,Female,,Synodos,,nerves,,primary tumor,,2.0,,bulk cell,,reverse,,,,,,,,,,,,,,,,,,,,,,,,,,,,,,,,,,,,,,,,,,,,,,,,,,,,,,,,,,,,,,,,,,,,,,,,,,,,,,,,,,,,,,,,,,,,,,,,,,PlexiformNeurofibroma,,,,,
swn_patient_10_tumor_112_S7_L002_R1_001.fastq.gz,swn_patient_10_tumor_112_S7_L002_R1_001.fastq.gz,raw,,geneExpression,,fastq,,swn_patient_10,,experimentalData,,swn_patient_10_tumor_112,,syn9727752,,pairedEnd,,3342573,,Schwannomatosis,,Synodos Schwannomatosis,,Illumina HiSeq 2000,,inward,,PRIVATE,,TruSeq,,RNA-seq,,Homo sapiens,,CTF,,Female,,Synodos,,nerves,,primary tumor,,1.0,,bulk cell,,reverse,,,,,,,,,,,,,,,,,,,,,,,,,,,,,,,,,,,,,,,,,,,,,,,,,,,,,,,,,,,,,,,,,,,,,,,,,,,,,,,,,,,,,,,,,,,,,,,,,,,,,,,
swn_patient_10_tumor_112_S7_L002_R2_001.fastq.gz,swn_patient_10_tumor_112_S7_L002_R2_001.fastq.gz,raw,,geneExpression,,fastq,,swn_patient_10,,experimentalData,,swn_patient_10_tumor_112,,syn9727752,,pairedEnd,,3342573,,Schwannomatosis,,Synodos Schwannomatosis,,Illumina HiSeq 2000,,inward,,PRIVATE,,TruSeq,,RNA-seq,,Homo sapiens,,CTF,,Female,,Synodos,,nerves,,primary tumor,,2.0,,bulk cell,,reverse,,,,,,,,,,,,,,,,,,,,,,,,,,,,,,,,,,,,,,,,,,,,,,,,,,,,,,,,,,,,,,,,,,,,,,,,,,,,,,,,,,,,,,,,,,,,,,,,,,,,,,,
swn_patient_10_tumor_112_S7_L003_R1_001.fastq.gz,swn_patient_10_tumor_112_S7_L003_R1_001.fastq.gz,raw,,geneExpression,,fastq,,swn_patient_10,,experimentalData,,swn_patient_10_tumor_112,,syn9727752,,pairedEnd,,3342573,,Schwannomatosis,,Synodos Schwannomatosis,,Illumina HiSeq 2000,,inward,,PRIVATE,,TruSeq,,RNA-seq,,Homo sapiens,,CTF,,Female,,Synodos,,nerves,,primary tumor,,1.0,,bulk cell,,reverse,,,,,,,,,,,,,,,,,,,,,,,,,,,,,,,,,,,,,,,,,,,,,,,,,,,,,,,,,,,,,,,,,,,,,,,,,,,,,,,,,,,,,,,,,,,,,,,,,,,,,,,
swn_patient_10_tumor_112_S7_L003_R2_001.fastq.gz,swn_patient_10_tumor_112_S7_L003_R2_001.fastq.gz,raw,,geneExpression,,fastq,,swn_patient_10,,experimentalData,,swn_patient_10_tumor_112,,syn9727752,,pairedEnd,,3342573,,Schwannomatosis,,Synodos Schwannomatosis,,Illumina HiSeq 2000,,inward,,PRIVATE,,TruSeq,,RNA-seq,,Homo sapiens,,CTF,,Female,,Synodos,,nerves,,primary tumor,,2.0,,bulk cell,,reverse,,,,,,,,,,,,,,,,,,,,,,,,,,,,,,,,,,,,,,,,,,,,,,,,,,,,,,,,,,,,,,,,,,,,,,,,,,,,,,,,,,,,,,,,,,,,,,,,,,,,,,,
swn_patient_10_tumor_112_S7_L004_R1_001.fastq.gz,swn_patient_10_tumor_112_S7_L004_R1_001.fastq.gz,raw,,geneExpression,,fastq,,swn_patient_10,,experimentalData,,swn_patient_10_tumor_112,,syn9727752,,pairedEnd,,3342573,,Schwannomatosis,,Synodos Schwannomatosis,,Illumina HiSeq 2000,,inward,,PRIVATE,,TruSeq,,RNA-seq,,Homo sapiens,,CTF,,Female,,Synodos,,nerves,,primary tumor,,1.0,,bulk cell,,reverse,,,,,,,,,,,,,,,,,,,,,,,,,,,,,,,,,,,,,,,,,,,,,,,,,,,,,,,,,,,,,,,,,,,,,,,,,,,,,,,,,,,,,,,,,,,,,,,,,,,,,,,
swn_patient_10_tumor_112_S7_L004_R2_001.fastq.gz,swn_patient_10_tumor_112_S7_L004_R2_001.fastq.gz,raw,,geneExpression,,fastq,,swn_patient_10,,experimentalData,,swn_patient_10_tumor_112,,syn9727752,,pairedEnd,,3342573,,Schwannomatosis,,Synodos Schwannomatosis,,Illumina HiSeq 2000,,inward,,PRIVATE,,TruSeq,,RNA-seq,,Homo sapiens,,CTF,,Female,,Synodos,,nerves,,primary tumor,,2.0,,bulk cell,,reverse,,,,,,,,,,,,,,,,,,,,,,,,,,,,,,,,,,,,,,,,,,,,,,,,,,,,,,,,,,,,,,,,,,,,,,,,,,,,,,,,,,,,,,,,,,,,,,,,,,,,,,,
swn_patient_17_tumor_31_S5_L001_R1_001.fastq.gz,swn_patient_17_tumor_31_S5_L001_R1_001.fastq.gz,raw,,geneExpression,,fastq,,swn_patient_17,,experimentalData,,swn_patient_17_tumor_31,,syn9727752,,pairedEnd,PairedEnd,3342573,,Schwannomatosis,,Synodos Schwannomatosis,,Illumina HiSeq 2000,IlluminaHiSeq2500,inward,,PRIVATE,,TruSeq,,RNA-seq,RNAseq,Homo sapiens,,CTF,,Female,,Synodos,,nerves,,primary tumor,,1.0,,bulk cell,,reverse,,,,,,,,,,,,,,,,,,,,,,,,,,,,,,,,,,,,,,,,,,,,,,,,,,,,,,,,,,,,,,,,,,,,,,,,,,,,,,,,,,,,,,,,,,,,,,,,,,PlexiformNeurofibroma,,,,,
swn_patient_17_tumor_31_S5_L001_R2_001.fastq.gz,swn_patient_17_tumor_31_S5_L001_R2_001.fastq.gz,raw,,geneExpression,,fastq,,swn_patient_17,,experimentalData,,swn_patient_17_tumor_31,,syn9727752,,pairedEnd,PairedEnd,3342573,,Schwannomatosis,,Synodos Schwannomatosis,,Illumina HiSeq 2000,IlluminaHiSeq2500,inward,,PRIVATE,,TruSeq,,RNA-seq,RNAseq,Homo sapiens,,CTF,,Female,,Synodos,,nerves,,primary tumor,,2.0,,bulk cell,,reverse,,,,,,,,,,,,,,,,,,,,,,,,,,,,,,,,,,,,,,,,,,,,,,,,,,,,,,,,,,,,,,,,,,,,,,,,,,,,,,,,,,,,,,,,,,,,,,,,,,PlexiformNeurofibroma,,,,,
swn_patient_17_tumor_31_S5_L002_R1_001.fastq.gz,swn_patient_17_tumor_31_S5_L002_R1_001.fastq.gz,raw,,geneExpression,,fastq,,swn_patient_17,,experimentalData,,swn_patient_17_tumor_31,,syn9727752,,pairedEnd,,3342573,,Schwannomatosis,,Synodos Schwannomatosis,,Illumina HiSeq 2000,,inward,,PRIVATE,,TruSeq,,RNA-seq,,Homo sapiens,,CTF,,Female,,Synodos,,nerves,,primary tumor,,1.0,,bulk cell,,reverse,,,,,,,,,,,,,,,,,,,,,,,,,,,,,,,,,,,,,,,,,,,,,,,,,,,,,,,,,,,,,,,,,,,,,,,,,,,,,,,,,,,,,,,,,,,,,,,,,,,,,,,
swn_patient_17_tumor_31_S5_L002_R2_001.fastq.gz,swn_patient_17_tumor_31_S5_L002_R2_001.fastq.gz,raw,,geneExpression,,fastq,,swn_patient_17,,experimentalData,,swn_patient_17_tumor_31,,syn9727752,,pairedEnd,,3342573,,Schwannomatosis,,Synodos Schwannomatosis,,Illumina HiSeq 2000,,inward,,PRIVATE,,TruSeq,,RNA-seq,,Homo sapiens,,CTF,,Female,,Synodos,,nerves,,primary tumor,,2.0,,bulk cell,,reverse,,,,,,,,,,,,,,,,,,,,,,,,,,,,,,,,,,,,,,,,,,,,,,,,,,,,,,,,,,,,,,,,,,,,,,,,,,,,,,,,,,,,,,,,,,,,,,,,,,,,,,,
swn_patient_17_tumor_31_S5_L003_R1_001.fastq.gz,swn_patient_17_tumor_31_S5_L003_R1_001.fastq.gz,raw,,geneExpression,,fastq,,swn_patient_17,,experimentalData,,swn_patient_17_tumor_31,,syn9727752,,pairedEnd,,3342573,,Schwannomatosis,,Synodos Schwannomatosis,,Illumina HiSeq 2000,,inward,,PRIVATE,,TruSeq,,RNA-seq,,Homo sapiens,,CTF,,Female,,Synodos,,nerves,,primary tumor,,1.0,,bulk cell,,reverse,,,,,,,,,,,,,,,,,,,,,,,,,,,,,,,,,,,,,,,,,,,,,,,,,,,,,,,,,,,,,,,,,,,,,,,,,,,,,,,,,,,,,,,,,,,,,,,,,,,,,,,
swn_patient_17_tumor_31_S5_L003_R2_001.fastq.gz,swn_patient_17_tumor_31_S5_L003_R2_001.fastq.gz,raw,,geneExpression,,fastq,,swn_patient_17,,experimentalData,,swn_patient_17_tumor_31,,syn9727752,,pairedEnd,,3342573,,Schwannomatosis,,Synodos Schwannomatosis,,Illumina HiSeq 2000,,inward,,PRIVATE,,TruSeq,,RNA-seq,,Homo sapiens,,CTF,,Female,,Synodos,,nerves,,primary tumor,,2.0,,bulk cell,,reverse,,,,,,,,,,,,,,,,,,,,,,,,,,,,,,,,,,,,,,,,,,,,,,,,,,,,,,,,,,,,,,,,,,,,,,,,,,,,,,,,,,,,,,,,,,,,,,,,,,,,,,,
swn_patient_17_tumor_31_S5_L004_R1_001.fastq.gz,swn_patient_17_tumor_31_S5_L004_R1_001.fastq.gz,raw,,geneExpression,,fastq,,swn_patient_17,,experimentalData,,swn_patient_17_tumor_31,,syn9727752,,pairedEnd,,3342573,,Schwannomatosis,,Synodos Schwannomatosis,,Illumina HiSeq 2000,,inward,,PRIVATE,,TruSeq,,RNA-seq,,Homo sapiens,,CTF,,Female,,Synodos,,nerves,,primary tumor,,1.0,,bulk cell,,reverse,,,,,,,,,,,,,,,,,,,,,,,,,,,,,,,,,,,,,,,,,,,,,,,,,,,,,,,,,,,,,,,,,,,,,,,,,,,,,,,,,,,,,,,,,,,,,,,,,,,,,,,
swn_patient_17_tumor_31_S5_L004_R2_001.fastq.gz,swn_patient_17_tumor_31_S5_L004_R2_001.fastq.gz,raw,,geneExpression,,fastq,,swn_patient_17,,experimentalData,,swn_patient_17_tumor_31,,syn9727752,,pairedEnd,,3342573,,Schwannomatosis,,Synodos Schwannomatosis,,Illumina HiSeq 2000,,inward,,PRIVATE,,TruSeq,,RNA-seq,,Homo sapiens,,CTF,,Female,,Synodos,,nerves,,primary tumor,,2.0,,bulk cell,,reverse,,,,,,,,,,,,,,,,,,,,,,,,,,,,,,,,,,,,,,,,,,,,,,,,,,,,,,,,,,,,,,,,,,,,,,,,,,,,,,,,,,,,,,,,,,,,,,,,,,,,,,,
swn_patient_19_tumor_29_S10_L001_R1_001.fastq.gz,swn_patient_19_tumor_29_S10_L001_R1_001.fastq.gz,raw,,geneExpression,,fastq,,swn_patient_19,,experimentalData,,swn_patient_19_tumor_29,,syn9727752,,pairedEnd,PairedEnd,3342573,,Schwannomatosis,,Synodos Schwannomatosis,,Illumina HiSeq 2000,IlluminaHiSeq2500,inward,,PRIVATE,,TruSeq,,RNA-seq,RNAseq,Homo sapiens,,CTF,,Male,,Synodos,,nerves,,primary tumor,,1.0,,bulk cell,,reverse,,,,,,,,,,,,,,,,,,,,,,,,,,,,,,,,,,,,,,,,,,,,,,,,,,,,,,,,,,,,,,,,,,,,,,,,,,,,,,,,,,,,,,,,,,,,,,,,,,PlexiformNeurofibroma,,,,,
swn_patient_19_tumor_29_S10_L001_R2_001.fastq.gz,swn_patient_19_tumor_29_S10_L001_R2_001.fastq.gz,raw,,geneExpression,,fastq,,swn_patient_19,,experimentalData,,swn_patient_19_tumor_29,,syn9727752,,pairedEnd,PairedEnd,3342573,,Schwannomatosis,,Synodos Schwannomatosis,,Illumina HiSeq 2000,IlluminaHiSeq2500,inward,,PRIVATE,,TruSeq,,RNA-seq,RNAseq,Homo sapiens,,CTF,,Male,,Synodos,,nerves,,primary tumor,,2.0,,bulk cell,,reverse,,,,,,,,,,,,,,,,,,,,,,,,,,,,,,,,,,,,,,,,,,,,,,,,,,,,,,,,,,,,,,,,,,,,,,,,,,,,,,,,,,,,,,,,,,,,,,,,,,PlexiformNeurofibroma,,,,,
swn_patient_19_tumor_29_S10_L002_R1_001.fastq.gz,swn_patient_19_tumor_29_S10_L002_R1_001.fastq.gz,raw,,geneExpression,,fastq,,swn_patient_19,,experimentalData,,swn_patient_19_tumor_29,,syn9727752,,pairedEnd,,3342573,,Schwannomatosis,,Synodos Schwannomatosis,,Illumina HiSeq 2000,,inward,,PRIVATE,,TruSeq,,RNA-seq,,Homo sapiens,,CTF,,Male,,Synodos,,nerves,,primary tumor,,1.0,,bulk cell,,reverse,,,,,,,,,,,,,,,,,,,,,,,,,,,,,,,,,,,,,,,,,,,,,,,,,,,,,,,,,,,,,,,,,,,,,,,,,,,,,,,,,,,,,,,,,,,,,,,,,,,,,,,
swn_patient_19_tumor_29_S10_L002_R2_001.fastq.gz,swn_patient_19_tumor_29_S10_L002_R2_001.fastq.gz,raw,,geneExpression,,fastq,,swn_patient_19,,experimentalData,,swn_patient_19_tumor_29,,syn9727752,,pairedEnd,,3342573,,Schwannomatosis,,Synodos Schwannomatosis,,Illumina HiSeq 2000,,inward,,PRIVATE,,TruSeq,,RNA-seq,,Homo sapiens,,CTF,,Male,,Synodos,,nerves,,primary tumor,,2.0,,bulk cell,,reverse,,,,,,,,,,,,,,,,,,,,,,,,,,,,,,,,,,,,,,,,,,,,,,,,,,,,,,,,,,,,,,,,,,,,,,,,,,,,,,,,,,,,,,,,,,,,,,,,,,,,,,,
swn_patient_19_tumor_29_S10_L003_R1_001.fastq.gz,swn_patient_19_tumor_29_S10_L003_R1_001.fastq.gz,raw,,geneExpression,,fastq,,swn_patient_19,,experimentalData,,swn_patient_19_tumor_29,,syn9727752,,pairedEnd,,3342573,,Schwannomatosis,,Synodos Schwannomatosis,,Illumina HiSeq 2000,,inward,,PRIVATE,,TruSeq,,RNA-seq,,Homo sapiens,,CTF,,Male,,Synodos,,nerves,,primary tumor,,1.0,,bulk cell,,reverse,,,,,,,,,,,,,,,,,,,,,,,,,,,,,,,,,,,,,,,,,,,,,,,,,,,,,,,,,,,,,,,,,,,,,,,,,,,,,,,,,,,,,,,,,,,,,,,,,,,,,,,
swn_patient_19_tumor_29_S10_L003_R2_001.fastq.gz,swn_patient_19_tumor_29_S10_L003_R2_001.fastq.gz,raw,,geneExpression,,fastq,,swn_patient_19,,experimentalData,,swn_patient_19_tumor_29,,syn9727752,,pairedEnd,,3342573,,Schwannomatosis,,Synodos Schwannomatosis,,Illumina HiSeq 2000,,inward,,PRIVATE,,TruSeq,,RNA-seq,,Homo sapiens,,CTF,,Male,,Synodos,,nerves,,primary tumor,,2.0,,bulk cell,,reverse,,,,,,,,,,,,,,,,,,,,,,,,,,,,,,,,,,,,,,,,,,,,,,,,,,,,,,,,,,,,,,,,,,,,,,,,,,,,,,,,,,,,,,,,,,,,,,,,,,,,,,,
swn_patient_19_tumor_29_S10_L004_R1_001.fastq.gz,swn_patient_19_tumor_29_S10_L004_R1_001.fastq.gz,raw,,geneExpression,,fastq,,swn_patient_19,,experimentalData,,swn_patient_19_tumor_29,,syn9727752,,pairedEnd,,3342573,,Schwannomatosis,,Synodos Schwannomatosis,,Illumina HiSeq 2000,,inward,,PRIVATE,,TruSeq,,RNA-seq,,Homo sapiens,,CTF,,Male,,Synodos,,nerves,,primary tumor,,1.0,,bulk cell,,reverse,,,,,,,,,,,,,,,,,,,,,,,,,,,,,,,,,,,,,,,,,,,,,,,,,,,,,,,,,,,,,,,,,,,,,,,,,,,,,,,,,,,,,,,,,,,,,,,,,,,,,,,
swn_patient_19_tumor_29_S10_L004_R2_001.fastq.gz,swn_patient_19_tumor_29_S10_L004_R2_001.fastq.gz,raw,,geneExpression,,fastq,,swn_patient_19,,experimentalData,,swn_patient_19_tumor_29,,syn9727752,,pairedEnd,,3342573,,Schwannomatosis,,Synodos Schwannomatosis,,Illumina HiSeq 2000,,inward,,PRIVATE,,TruSeq,,RNA-seq,,Homo sapiens,,CTF,,Male,,Synodos,,nerves,,primary tumor,,2.0,,bulk cell,,reverse,,,,,,,,,,,,,,,,,,,,,,,,,,,,,,,,,,,,,,,,,,,,,,,,,,,,,,,,,,,,,,,,,,,,,,,,,,,,,,,,,,,,,,,,,,,,,,,,,,,,,,,
swn_patient_38_tumor_89_S5_L001_R1_001.fastq.gz,swn_patient_38_tumor_89_S5_L001_R1_001.fastq.gz,raw,,geneExpression,,fastq,,swn_patient_38,,experimentalData,,swn_patient_38_tumor_89,,syn9727752,,pairedEnd,PairedEnd,3342573,,Schwannomatosis,,Synodos Schwannomatosis,,Illumina HiSeq 2000,IlluminaHiSeq2500,inward,,PRIVATE,,TruSeq,,RNA-seq,RNAseq,Homo sapiens,,CTF,,Male,,Synodos,,nerves,,primary tumor,,1.0,,bulk cell,,reverse,,,,,,,,,,,,,,,,,,,,,,,,,,,,,,,,,,,,,,,,,,,,,,,,,,,,,,,,,,,,,,,,,,,,,,,,,,,,,,,,,,,,,,,,,,,,,,,,,,PlexiformNeurofibroma,,,,,
swn_patient_38_tumor_89_S5_L001_R2_001.fastq.gz,swn_patient_38_tumor_89_S5_L001_R2_001.fastq.gz,raw,,geneExpression,,fastq,,swn_patient_38,,experimentalData,,swn_patient_38_tumor_89,,syn9727752,,pairedEnd,PairedEnd,3342573,,Schwannomatosis,,Synodos Schwannomatosis,,Illumina HiSeq 2000,IlluminaHiSeq2500,inward,,PRIVATE,,TruSeq,,RNA-seq,RNAseq,Homo sapiens,,CTF,,Male,,Synodos,,nerves,,primary tumor,,2.0,,bulk cell,,reverse,,,,,,,,,,,,,,,,,,,,,,,,,,,,,,,,,,,,,,,,,,,,,,,,,,,,,,,,,,,,,,,,,,,,,,,,,,,,,,,,,,,,,,,,,,,,,,,,,,PlexiformNeurofibroma,,,,,
swn_patient_38_tumor_89_S5_L002_R1_001.fastq.gz,swn_patient_38_tumor_89_S5_L002_R1_001.fastq.gz,raw,,geneExpression,,fastq,,swn_patient_38,,experimentalData,,swn_patient_38_tumor_89,,syn9727752,,pairedEnd,,3342573,,Schwannomatosis,,Synodos Schwannomatosis,,Illumina HiSeq 2000,,inward,,PRIVATE,,TruSeq,,RNA-seq,,Homo sapiens,,CTF,,Male,,Synodos,,nerves,,primary tumor,,1.0,,bulk cell,,reverse,,,,,,,,,,,,,,,,,,,,,,,,,,,,,,,,,,,,,,,,,,,,,,,,,,,,,,,,,,,,,,,,,,,,,,,,,,,,,,,,,,,,,,,,,,,,,,,,,,,,,,,
swn_patient_38_tumor_89_S5_L002_R2_001.fastq.gz,swn_patient_38_tumor_89_S5_L002_R2_001.fastq.gz,raw,,geneExpression,,fastq,,swn_patient_38,,experimentalData,,swn_patient_38_tumor_89,,syn9727752,,pairedEnd,,3342573,,Schwannomatosis,,Synodos Schwannomatosis,,Illumina HiSeq 2000,,inward,,PRIVATE,,TruSeq,,RNA-seq,,Homo sapiens,,CTF,,Male,,Synodos,,nerves,,primary tumor,,2.0,,bulk cell,,reverse,,,,,,,,,,,,,,,,,,,,,,,,,,,,,,,,,,,,,,,,,,,,,,,,,,,,,,,,,,,,,,,,,,,,,,,,,,,,,,,,,,,,,,,,,,,,,,,,,,,,,,,
swn_patient_38_tumor_89_S5_L003_R1_001.fastq.gz,swn_patient_38_tumor_89_S5_L003_R1_001.fastq.gz,raw,,geneExpression,,fastq,,swn_patient_38,,experimentalData,,swn_patient_38_tumor_89,,syn9727752,,pairedEnd,,3342573,,Schwannomatosis,,Synodos Schwannomatosis,,Illumina HiSeq 2000,,inward,,PRIVATE,,TruSeq,,RNA-seq,,Homo sapiens,,CTF,,Male,,Synodos,,nerves,,primary tumor,,1.0,,bulk cell,,reverse,,,,,,,,,,,,,,,,,,,,,,,,,,,,,,,,,,,,,,,,,,,,,,,,,,,,,,,,,,,,,,,,,,,,,,,,,,,,,,,,,,,,,,,,,,,,,,,,,,,,,,,
swn_patient_38_tumor_89_S5_L003_R2_001.fastq.gz,swn_patient_38_tumor_89_S5_L003_R2_001.fastq.gz,raw,,geneExpression,,fastq,,swn_patient_38,,experimentalData,,swn_patient_38_tumor_89,,syn9727752,,pairedEnd,,3342573,,Schwannomatosis,,Synodos Schwannomatosis,,Illumina HiSeq 2000,,inward,,PRIVATE,,TruSeq,,RNA-seq,,Homo sapiens,,CTF,,Male,,Synodos,,nerves,,primary tumor,,2.0,,bulk cell,,reverse,,,,,,,,,,,,,,,,,,,,,,,,,,,,,,,,,,,,,,,,,,,,,,,,,,,,,,,,,,,,,,,,,,,,,,,,,,,,,,,,,,,,,,,,,,,,,,,,,,,,,,,
swn_patient_38_tumor_89_S5_L004_R1_001.fastq.gz,swn_patient_38_tumor_89_S5_L004_R1_001.fastq.gz,raw,,geneExpression,,fastq,,swn_patient_38,,experimentalData,,swn_patient_38_tumor_89,,syn9727752,,pairedEnd,,3342573,,Schwannomatosis,,Synodos Schwannomatosis,,Illumina HiSeq 2000,,inward,,PRIVATE,,TruSeq,,RNA-seq,,Homo sapiens,,CTF,,Male,,Synodos,,nerves,,primary tumor,,1.0,,bulk cell,,reverse,,,,,,,,,,,,,,,,,,,,,,,,,,,,,,,,,,,,,,,,,,,,,,,,,,,,,,,,,,,,,,,,,,,,,,,,,,,,,,,,,,,,,,,,,,,,,,,,,,,,,,,
swn_patient_38_tumor_89_S5_L004_R2_001.fastq.gz,swn_patient_38_tumor_89_S5_L004_R2_001.fastq.gz,raw,,geneExpression,,fastq,,swn_patient_38,,experimentalData,,swn_patient_38_tumor_89,,syn9727752,,pairedEnd,,3342573,,Schwannomatosis,,Synodos Schwannomatosis,,Illumina HiSeq 2000,,inward,,PRIVATE,,TruSeq,,RNA-seq,,Homo sapiens,,CTF,,Male,,Synodos,,nerves,,primary tumor,,2.0,,bulk cell,,reverse,,,,,,,,,,,,,,,,,,,,,,,,,,,,,,,,,,,,,,,,,,,,,,,,,,,,,,,,,,,,,,,,,,,,,,,,,,,,,,,,,,,,,,,,,,,,,,,,,,,,,,,
swn_patient_38_tumor_90_S3_L001_R1_001.fastq.gz,swn_patient_38_tumor_90_S3_L001_R1_001.fastq.gz,raw,,geneExpression,,fastq,,swn_patient_38,,experimentalData,,swn_patient_38_tumor_90,,syn9727752,,pairedEnd,PairedEnd,3342573,,Schwannomatosis,,Synodos Schwannomatosis,,Illumina HiSeq 2000,IlluminaHiSeq2500,inward,,PRIVATE,,TruSeq,,RNA-seq,RNAseq,Homo sapiens,,CTF,,Male,,Synodos,,nerves,,primary tumor,,1.0,,bulk cell,,reverse,,,,,,,,,,,,,,,,,,,,,,,,,,,,,,,,,,,,,,,,,,,,,,,,,,,,,,,,,,,,,,,,,,,,,,,,,,,,,,,,,,,,,,,,,,,,,,,,,,PlexiformNeurofibroma,,,,,
swn_patient_38_tumor_90_S3_L001_R2_001.fastq.gz,swn_patient_38_tumor_90_S3_L001_R2_001.fastq.gz,raw,,geneExpression,,fastq,,swn_patient_38,,experimentalData,,swn_patient_38_tumor_90,,syn9727752,,pairedEnd,PairedEnd,3342573,,Schwannomatosis,,Synodos Schwannomatosis,,Illumina HiSeq 2000,IlluminaHiSeq2500,inward,,PRIVATE,,TruSeq,,RNA-seq,RNAseq,Homo sapiens,,CTF,,Male,,Synodos,,nerves,,primary tumor,,2.0,,bulk cell,,reverse,,,,,,,,,,,,,,,,,,,,,,,,,,,,,,,,,,,,,,,,,,,,,,,,,,,,,,,,,,,,,,,,,,,,,,,,,,,,,,,,,,,,,,,,,,,,,,,,,,PlexiformNeurofibroma,,,,,
swn_patient_38_tumor_90_S3_L002_R1_001.fastq.gz,swn_patient_38_tumor_90_S3_L002_R1_001.fastq.gz,raw,,geneExpression,,fastq,,swn_patient_38,,experimentalData,,swn_patient_38_tumor_90,,syn9727752,,pairedEnd,,3342573,,Schwannomatosis,,Synodos Schwannomatosis,,Illumina HiSeq 2000,,inward,,PRIVATE,,TruSeq,,RNA-seq,,Homo sapiens,,CTF,,Male,,Synodos,,nerves,,primary tumor,,1.0,,bulk cell,,reverse,,,,,,,,,,,,,,,,,,,,,,,,,,,,,,,,,,,,,,,,,,,,,,,,,,,,,,,,,,,,,,,,,,,,,,,,,,,,,,,,,,,,,,,,,,,,,,,,,,,,,,,
swn_patient_38_tumor_90_S3_L002_R2_001.fastq.gz,swn_patient_38_tumor_90_S3_L002_R2_001.fastq.gz,raw,,geneExpression,,fastq,,swn_patient_38,,experimentalData,,swn_patient_38_tumor_90,,syn9727752,,pairedEnd,,3342573,,Schwannomatosis,,Synodos Schwannomatosis,,Illumina HiSeq 2000,,inward,,PRIVATE,,TruSeq,,RNA-seq,,Homo sapiens,,CTF,,Male,,Synodos,,nerves,,primary tumor,,2.0,,bulk cell,,reverse,,,,,,,,,,,,,,,,,,,,,,,,,,,,,,,,,,,,,,,,,,,,,,,,,,,,,,,,,,,,,,,,,,,,,,,,,,,,,,,,,,,,,,,,,,,,,,,,,,,,,,,
swn_patient_38_tumor_90_S3_L003_R1_001.fastq.gz,swn_patient_38_tumor_90_S3_L003_R1_001.fastq.gz,raw,,geneExpression,,fastq,,swn_patient_38,,experimentalData,,swn_patient_38_tumor_90,,syn9727752,,pairedEnd,,3342573,,Schwannomatosis,,Synodos Schwannomatosis,,Illumina HiSeq 2000,,inward,,PRIVATE,,TruSeq,,RNA-seq,,Homo sapiens,,CTF,,Male,,Synodos,,nerves,,primary tumor,,1.0,,bulk cell,,reverse,,,,,,,,,,,,,,,,,,,,,,,,,,,,,,,,,,,,,,,,,,,,,,,,,,,,,,,,,,,,,,,,,,,,,,,,,,,,,,,,,,,,,,,,,,,,,,,,,,,,,,,
swn_patient_38_tumor_90_S3_L003_R2_001.fastq.gz,swn_patient_38_tumor_90_S3_L003_R2_001.fastq.gz,raw,,geneExpression,,fastq,,swn_patient_38,,experimentalData,,swn_patient_38_tumor_90,,syn9727752,,pairedEnd,,3342573,,Schwannomatosis,,Synodos Schwannomatosis,,Illumina HiSeq 2000,,inward,,PRIVATE,,TruSeq,,RNA-seq,,Homo sapiens,,CTF,,Male,,Synodos,,nerves,,primary tumor,,2.0,,bulk cell,,reverse,,,,,,,,,,,,,,,,,,,,,,,,,,,,,,,,,,,,,,,,,,,,,,,,,,,,,,,,,,,,,,,,,,,,,,,,,,,,,,,,,,,,,,,,,,,,,,,,,,,,,,,
swn_patient_38_tumor_90_S3_L004_R1_001.fastq.gz,swn_patient_38_tumor_90_S3_L004_R1_001.fastq.gz,raw,,geneExpression,,fastq,,swn_patient_38,,experimentalData,,swn_patient_38_tumor_90,,syn9727752,,pairedEnd,,3342573,,Schwannomatosis,,Synodos Schwannomatosis,,Illumina HiSeq 2000,,inward,,PRIVATE,,TruSeq,,RNA-seq,,Homo sapiens,,CTF,,Male,,Synodos,,nerves,,primary tumor,,1.0,,bulk cell,,reverse,,,,,,,,,,,,,,,,,,,,,,,,,,,,,,,,,,,,,,,,,,,,,,,,,,,,,,,,,,,,,,,,,,,,,,,,,,,,,,,,,,,,,,,,,,,,,,,,,,,,,,,
swn_patient_38_tumor_90_S3_L004_R2_001.fastq.gz,swn_patient_38_tumor_90_S3_L004_R2_001.fastq.gz,raw,,geneExpression,,fastq,,swn_patient_38,,experimentalData,,swn_patient_38_tumor_90,,syn9727752,,pairedEnd,,3342573,,Schwannomatosis,,Synodos Schwannomatosis,,Illumina HiSeq 2000,,inward,,PRIVATE,,TruSeq,,RNA-seq,,Homo sapiens,,CTF,,Male,,Synodos,,nerves,,primary tumor,,2.0,,bulk cell,,reverse,,,,,,,,,,,,,,,,,,,,,,,,,,,,,,,,,,,,,,,,,,,,,,,,,,,,,,,,,,,,,,,,,,,,,,,,,,,,,,,,,,,,,,,,,,,,,,,,,,,,,,,
swn_patient_3_tumor_32_S4_L001_R1_001.fastq.gz,swn_patient_3_tumor_32_S4_L001_R1_001.fastq.gz,raw,,geneExpression,,fastq,,swn_patient_3,,experimentalData,,swn_patient_3_tumor_32,,syn9727752,,pairedEnd,PairedEnd,3342573,,Schwannomatosis,,Synodos Schwannomatosis,,Illumina HiSeq 2000,IlluminaHiSeq2500,inward,,PRIVATE,,TruSeq,,RNA-seq,RNAseq,Homo sapiens,,CTF,,Male,,Synodos,,nerves,,primary tumor,,1.0,,bulk cell,,reverse,,,,,,,,,,,,,,,,,,,,,,,,,,,,,,,,,,,,,,,,,,,,,,,,,,,,,,,,,,,,,,,,,,,,,,,,,,,,,,,,,,,,,,,,,,,,,,,,,,PlexiformNeurofibroma,,,,,
swn_patient_3_tumor_32_S4_L001_R2_001.fastq.gz,swn_patient_3_tumor_32_S4_L001_R2_001.fastq.gz,raw,,geneExpression,,fastq,,swn_patient_3,,experimentalData,,swn_patient_3_tumor_32,,syn9727752,,pairedEnd,PairedEnd,3342573,,Schwannomatosis,,Synodos Schwannomatosis,,Illumina HiSeq 2000,IlluminaHiSeq2500,inward,,PRIVATE,,TruSeq,,RNA-seq,RNAseq,Homo sapiens,,CTF,,Male,,Synodos,,nerves,,primary tumor,,2.0,,bulk cell,,reverse,,,,,,,,,,,,,,,,,,,,,,,,,,,,,,,,,,,,,,,,,,,,,,,,,,,,,,,,,,,,,,,,,,,,,,,,,,,,,,,,,,,,,,,,,,,,,,,,,,PlexiformNeurofibroma,,,,,
swn_patient_3_tumor_32_S4_L002_R1_001.fastq.gz,swn_patient_3_tumor_32_S4_L002_R1_001.fastq.gz,raw,,geneExpression,,fastq,,swn_patient_3,,experimentalData,,swn_patient_3_tumor_32,,syn9727752,,pairedEnd,,3342573,,Schwannomatosis,,Synodos Schwannomatosis,,Illumina HiSeq 2000,,inward,,PRIVATE,,TruSeq,,RNA-seq,,Homo sapiens,,CTF,,Male,,Synodos,,nerves,,primary tumor,,1.0,,bulk cell,,reverse,,,,,,,,,,,,,,,,,,,,,,,,,,,,,,,,,,,,,,,,,,,,,,,,,,,,,,,,,,,,,,,,,,,,,,,,,,,,,,,,,,,,,,,,,,,,,,,,,,,,,,,
swn_patient_3_tumor_32_S4_L002_R2_001.fastq.gz,swn_patient_3_tumor_32_S4_L002_R2_001.fastq.gz,raw,,geneExpression,,fastq,,swn_patient_3,,experimentalData,,swn_patient_3_tumor_32,,syn9727752,,pairedEnd,,3342573,,Schwannomatosis,,Synodos Schwannomatosis,,Illumina HiSeq 2000,,inward,,PRIVATE,,TruSeq,,RNA-seq,,Homo sapiens,,CTF,,Male,,Synodos,,nerves,,primary tumor,,2.0,,bulk cell,,reverse,,,,,,,,,,,,,,,,,,,,,,,,,,,,,,,,,,,,,,,,,,,,,,,,,,,,,,,,,,,,,,,,,,,,,,,,,,,,,,,,,,,,,,,,,,,,,,,,,,,,,,,
swn_patient_3_tumor_32_S4_L003_R1_001.fastq.gz,swn_patient_3_tumor_32_S4_L003_R1_001.fastq.gz,raw,,geneExpression,,fastq,,swn_patient_3,,experimentalData,,swn_patient_3_tumor_32,,syn9727752,,pairedEnd,,3342573,,Schwannomatosis,,Synodos Schwannomatosis,,Illumina HiSeq 2000,,inward,,PRIVATE,,TruSeq,,RNA-seq,,Homo sapiens,,CTF,,Male,,Synodos,,nerves,,primary tumor,,1.0,,bulk cell,,reverse,,,,,,,,,,,,,,,,,,,,,,,,,,,,,,,,,,,,,,,,,,,,,,,,,,,,,,,,,,,,,,,,,,,,,,,,,,,,,,,,,,,,,,,,,,,,,,,,,,,,,,,
swn_patient_3_tumor_32_S4_L003_R2_001.fastq.gz,swn_patient_3_tumor_32_S4_L003_R2_001.fastq.gz,raw,,geneExpression,,fastq,,swn_patient_3,,experimentalData,,swn_patient_3_tumor_32,,syn9727752,,pairedEnd,,3342573,,Schwannomatosis,,Synodos Schwannomatosis,,Illumina HiSeq 2000,,inward,,PRIVATE,,TruSeq,,RNA-seq,,Homo sapiens,,CTF,,Male,,Synodos,,nerves,,primary tumor,,2.0,,bulk cell,,reverse,,,,,,,,,,,,,,,,,,,,,,,,,,,,,,,,,,,,,,,,,,,,,,,,,,,,,,,,,,,,,,,,,,,,,,,,,,,,,,,,,,,,,,,,,,,,,,,,,,,,,,,
swn_patient_3_tumor_32_S4_L004_R1_001.fastq.gz,swn_patient_3_tumor_32_S4_L004_R1_001.fastq.gz,raw,,geneExpression,,fastq,,swn_patient_3,,experimentalData,,swn_patient_3_tumor_32,,syn9727752,,pairedEnd,,3342573,,Schwannomatosis,,Synodos Schwannomatosis,,Illumina HiSeq 2000,,inward,,PRIVATE,,TruSeq,,RNA-seq,,Homo sapiens,,CTF,,Male,,Synodos,,nerves,,primary tumor,,1.0,,bulk cell,,reverse,,,,,,,,,,,,,,,,,,,,,,,,,,,,,,,,,,,,,,,,,,,,,,,,,,,,,,,,,,,,,,,,,,,,,,,,,,,,,,,,,,,,,,,,,,,,,,,,,,,,,,,
swn_patient_3_tumor_32_S4_L004_R2_001.fastq.gz,swn_patient_3_tumor_32_S4_L004_R2_001.fastq.gz,raw,,geneExpression,,fastq,,swn_patient_3,,experimentalData,,swn_patient_3_tumor_32,,syn9727752,,pairedEnd,,3342573,,Schwannomatosis,,Synodos Schwannomatosis,,Illumina HiSeq 2000,,inward,,PRIVATE,,TruSeq,,RNA-seq,,Homo sapiens,,CTF,,Male,,Synodos,,nerves,,primary tumor,,2.0,,bulk cell,,reverse,,,,,,,,,,,,,,,,,,,,,,,,,,,,,,,,,,,,,,,,,,,,,,,,,,,,,,,,,,,,,,,,,,,,,,,,,,,,,,,,,,,,,,,,,,,,,,,,,,,,,,,
swn_patient_51_tumor_1_S1_L001_R1_001.fastq.gz,swn_patient_51_tumor_1_S1_L001_R1_001.fastq.gz,raw,Raw,geneExpression,genomicVariants,fastq,,swn_patient_51,51,experimentalData,Result,swn_patient_51_tumor_1,1,syn9727752,Schwannomatosis Genomic Landscape Study,pairedEnd,PairedEnd,3342573,,Schwannomatosis,Neurofibromatosistype1,Synodos Schwannomatosis,"Epigenomic, genomic, and transcriptomic landscape of schwannomatosis",Illumina HiSeq 2000,IlluminaHiSeq2500,inward,Inward,PRIVATE,,TruSeq,TruSeq,RNA-seq,RNAseq,Homo sapiens,,CTF,,Female,,Synodos,,nerves,,primary tumor,,1.0,,bulk cell,,reverse,,,,,,,,,,,,,,,,,,,,,,,,,,,,,,,,,,,,,,,,,,,,,,,,,,,,No,,No,,Yes,,,,,,,,,,,,,,,,,,,,,,,,,,,,,,,,,,,,,,,,,,PlexiformNeurofibroma,,,,,
swn_patient_51_tumor_1_S1_L001_R2_001.fastq.gz,swn_patient_51_tumor_1_S1_L001_R2_001.fastq.gz,raw,Raw,geneExpression,genomicVariants,fastq,,swn_patient_51,51,experimentalData,Result,swn_patient_51_tumor_1,1,syn9727752,Schwannomatosis Genomic Landscape Study,pairedEnd,PairedEnd,3342573,,Schwannomatosis,Neurofibromatosistype1,Synodos Schwannomatosis,"Epigenomic, genomic, and transcriptomic landscape of schwannomatosis",Illumina HiSeq 2000,IlluminaHiSeq2500,inward,Inward,PRIVATE,,TruSeq,TruSeq,RNA-seq,RNAseq,Homo sapiens,,CTF,,Female,,Synodos,,nerves,,primary tumor,,2.0,,bulk cell,,reverse,,,,,,,,,,,,,,,,,,,,,,,,,,,,,,,,,,,,,,,,,,,,,,,,,,,,No,,No,,Yes,,,,,,,,,,,,,,,,,,,,,,,,,,,,,,,,,,,,,,,,,,PlexiformNeurofibroma,,,,,
swn_patient_51_tumor_1_S1_L002_R1_001.fastq.gz,swn_patient_51_tumor_1_S1_L002_R1_001.fastq.gz,raw,,geneExpression,,fastq,,swn_patient_51,,experimentalData,,swn_patient_51_tumor_1,,syn9727752,,pairedEnd,,3342573,,Schwannomatosis,,Synodos Schwannomatosis,,Illumina HiSeq 2000,,inward,,PRIVATE,,TruSeq,,RNA-seq,,Homo sapiens,,CTF,,Female,,Synodos,,nerves,,primary tumor,,1.0,,bulk cell,,reverse,,,,,,,,,,,,,,,,,,,,,,,,,,,,,,,,,,,,,,,,,,,,,,,,,,,,,,,,,,,,,,,,,,,,,,,,,,,,,,,,,,,,,,,,,,,,,,,,,,,,,,,
swn_patient_51_tumor_1_S1_L002_R2_001.fastq.gz,swn_patient_51_tumor_1_S1_L002_R2_001.fastq.gz,raw,,geneExpression,,fastq,,swn_patient_51,,experimentalData,,swn_patient_51_tumor_1,,syn9727752,,pairedEnd,,3342573,,Schwannomatosis,,Synodos Schwannomatosis,,Illumina HiSeq 2000,,inward,,PRIVATE,,TruSeq,,RNA-seq,,Homo sapiens,,CTF,,Female,,Synodos,,nerves,,primary tumor,,2.0,,bulk cell,,reverse,,,,,,,,,,,,,,,,,,,,,,,,,,,,,,,,,,,,,,,,,,,,,,,,,,,,,,,,,,,,,,,,,,,,,,,,,,,,,,,,,,,,,,,,,,,,,,,,,,,,,,,
swn_patient_51_tumor_1_S1_L003_R1_001.fastq.gz,swn_patient_51_tumor_1_S1_L003_R1_001.fastq.gz,raw,,geneExpression,,fastq,,swn_patient_51,,experimentalData,,swn_patient_51_tumor_1,,syn9727752,,pairedEnd,,3342573,,Schwannomatosis,,Synodos Schwannomatosis,,Illumina HiSeq 2000,,inward,,PRIVATE,,TruSeq,,RNA-seq,,Homo sapiens,,CTF,,Female,,Synodos,,nerves,,primary tumor,,1.0,,bulk cell,,reverse,,,,,,,,,,,,,,,,,,,,,,,,,,,,,,,,,,,,,,,,,,,,,,,,,,,,,,,,,,,,,,,,,,,,,,,,,,,,,,,,,,,,,,,,,,,,,,,,,,,,,,,
swn_patient_51_tumor_1_S1_L003_R2_001.fastq.gz,swn_patient_51_tumor_1_S1_L003_R2_001.fastq.gz,raw,,geneExpression,,fastq,,swn_patient_51,,experimentalData,,swn_patient_51_tumor_1,,syn9727752,,pairedEnd,,3342573,,Schwannomatosis,,Synodos Schwannomatosis,,Illumina HiSeq 2000,,inward,,PRIVATE,,TruSeq,,RNA-seq,,Homo sapiens,,CTF,,Female,,Synodos,,nerves,,primary tumor,,2.0,,bulk cell,,reverse,,,,,,,,,,,,,,,,,,,,,,,,,,,,,,,,,,,,,,,,,,,,,,,,,,,,,,,,,,,,,,,,,,,,,,,,,,,,,,,,,,,,,,,,,,,,,,,,,,,,,,,
swn_patient_51_tumor_1_S1_L004_R2_001.fastq.gz,swn_patient_51_tumor_1_S1_L004_R2_001.fastq.gz,raw,,geneExpression,,fastq,,swn_patient_51,,experimentalData,,swn_patient_51_tumor_1,,syn9727752,,pairedEnd,,3342573,,Schwannomatosis,,Synodos Schwannomatosis,,Illumina HiSeq 2000,,inward,,PRIVATE,,TruSeq,,RNA-seq,,Homo sapiens,,CTF,,Female,,Synodos,,nerves,,primary tumor,,2.0,,bulk cell,,reverse,,,,,,,,,,,,,,,,,,,,,,,,,,,,,,,,,,,,,,,,,,,,,,,,,,,,,,,,,,,,,,,,,,,,,,,,,,,,,,,,,,,,,,,,,,,,,,,,,,,,,,,
swn_patient_51_tumor_2_S6_L001_R1_001.fastq.gz,swn_patient_51_tumor_2_S6_L001_R1_001.fastq.gz,raw,,geneExpression,,fastq,,swn_patient_51,,experimentalData,,swn_patient_51_tumor_2,,syn9727752,,pairedEnd,PairedEnd,3342573,,Schwannomatosis,,Synodos Schwannomatosis,,Illumina HiSeq 2000,IlluminaHiSeq2500,inward,,PRIVATE,,TruSeq,,RNA-seq,RNAseq,Homo sapiens,,CTF,,Female,,Synodos,,nerves,,primary tumor,,1.0,,bulk cell,,reverse,,,,,,,,,,,,,,,,,,,,,,,,,,,,,,,,,,,,,,,,,,,,,,,,,,,,,,,,,,,,,,,,,,,,,,,,,,,,,,,,,,,,,,,,,,,,,,,,,,PlexiformNeurofibroma,,,,,
swn_patient_51_tumor_2_S6_L001_R2_001.fastq.gz,swn_patient_51_tumor_2_S6_L001_R2_001.fastq.gz,raw,,geneExpression,,fastq,,swn_patient_51,,experimentalData,,swn_patient_51_tumor_2,,syn9727752,,pairedEnd,PairedEnd,3342573,,Schwannomatosis,,Synodos Schwannomatosis,,Illumina HiSeq 2000,IlluminaHiSeq2500,inward,,PRIVATE,,TruSeq,,RNA-seq,RNAseq,Homo sapiens,,CTF,,Female,,Synodos,,nerves,,primary tumor,,2.0,,bulk cell,,reverse,,,,,,,,,,,,,,,,,,,,,,,,,,,,,,,,,,,,,,,,,,,,,,,,,,,,,,,,,,,,,,,,,,,,,,,,,,,,,,,,,,,,,,,,,,,,,,,,,,PlexiformNeurofibroma,,,,,
swn_patient_51_tumor_2_S6_L002_R1_001.fastq.gz,swn_patient_51_tumor_2_S6_L002_R1_001.fastq.gz,raw,,geneExpression,,fastq,,swn_patient_51,,experimentalData,,swn_patient_51_tumor_2,,syn9727752,,pairedEnd,,3342573,,Schwannomatosis,,Synodos Schwannomatosis,,Illumina HiSeq 2000,,inward,,PRIVATE,,TruSeq,,RNA-seq,,Homo sapiens,,CTF,,Female,,Synodos,,nerves,,primary tumor,,1.0,,bulk cell,,reverse,,,,,,,,,,,,,,,,,,,,,,,,,,,,,,,,,,,,,,,,,,,,,,,,,,,,,,,,,,,,,,,,,,,,,,,,,,,,,,,,,,,,,,,,,,,,,,,,,,,,,,,
swn_patient_51_tumor_2_S6_L002_R2_001.fastq.gz,swn_patient_51_tumor_2_S6_L002_R2_001.fastq.gz,raw,,geneExpression,,fastq,,swn_patient_51,,experimentalData,,swn_patient_51_tumor_2,,syn9727752,,pairedEnd,,3342573,,Schwannomatosis,,Synodos Schwannomatosis,,Illumina HiSeq 2000,,inward,,PRIVATE,,TruSeq,,RNA-seq,,Homo sapiens,,CTF,,Female,,Synodos,,nerves,,primary tumor,,2.0,,bulk cell,,reverse,,,,,,,,,,,,,,,,,,,,,,,,,,,,,,,,,,,,,,,,,,,,,,,,,,,,,,,,,,,,,,,,,,,,,,,,,,,,,,,,,,,,,,,,,,,,,,,,,,,,,,,
swn_patient_51_tumor_2_S6_L003_R1_001.fastq.gz,swn_patient_51_tumor_2_S6_L003_R1_001.fastq.gz,raw,,geneExpression,,fastq,,swn_patient_51,,experimentalData,,swn_patient_51_tumor_2,,syn9727752,,pairedEnd,,3342573,,Schwannomatosis,,Synodos Schwannomatosis,,Illumina HiSeq 2000,,inward,,PRIVATE,,TruSeq,,RNA-seq,,Homo sapiens,,CTF,,Female,,Synodos,,nerves,,primary tumor,,1.0,,bulk cell,,reverse,,,,,,,,,,,,,,,,,,,,,,,,,,,,,,,,,,,,,,,,,,,,,,,,,,,,,,,,,,,,,,,,,,,,,,,,,,,,,,,,,,,,,,,,,,,,,,,,,,,,,,,
swn_patient_51_tumor_2_S6_L003_R2_001.fastq.gz,swn_patient_51_tumor_2_S6_L003_R2_001.fastq.gz,raw,,geneExpression,,fastq,,swn_patient_51,,experimentalData,,swn_patient_51_tumor_2,,syn9727752,,pairedEnd,,3342573,,Schwannomatosis,,Synodos Schwannomatosis,,Illumina HiSeq 2000,,inward,,PRIVATE,,TruSeq,,RNA-seq,,Homo sapiens,,CTF,,Female,,Synodos,,nerves,,primary tumor,,2.0,,bulk cell,,reverse,,,,,,,,,,,,,,,,,,,,,,,,,,,,,,,,,,,,,,,,,,,,,,,,,,,,,,,,,,,,,,,,,,,,,,,,,,,,,,,,,,,,,,,,,,,,,,,,,,,,,,,
swn_patient_51_tumor_2_S6_L004_R1_001.fastq.gz,swn_patient_51_tumor_2_S6_L004_R1_001.fastq.gz,raw,,geneExpression,,fastq,,swn_patient_51,,experimentalData,,swn_patient_51_tumor_2,,syn9727752,,pairedEnd,,3342573,,Schwannomatosis,,Synodos Schwannomatosis,,Illumina HiSeq 2000,,inward,,PRIVATE,,TruSeq,,RNA-seq,,Homo sapiens,,CTF,,Female,,Synodos,,nerves,,primary tumor,,1.0,,bulk cell,,reverse,,,,,,,,,,,,,,,,,,,,,,,,,,,,,,,,,,,,,,,,,,,,,,,,,,,,,,,,,,,,,,,,,,,,,,,,,,,,,,,,,,,,,,,,,,,,,,,,,,,,,,,
swn_patient_51_tumor_2_S6_L004_R2_001.fastq.gz,swn_patient_51_tumor_2_S6_L004_R2_001.fastq.gz,raw,,geneExpression,,fastq,,swn_patient_51,,experimentalData,,swn_patient_51_tumor_2,,syn9727752,,pairedEnd,,3342573,,Schwannomatosis,,Synodos Schwannomatosis,,Illumina HiSeq 2000,,inward,,PRIVATE,,TruSeq,,RNA-seq,,Homo sapiens,,CTF,,Female,,Synodos,,nerves,,primary tumor,,2.0,,bulk cell,,reverse,,,,,,,,,,,,,,,,,,,,,,,,,,,,,,,,,,,,,,,,,,,,,,,,,,,,,,,,,,,,,,,,,,,,,,,,,,,,,,,,,,,,,,,,,,,,,,,,,,,,,,,
swn_patient_51_tumor_3_S7_L001_R1_001.fastq.gz,swn_patient_51_tumor_3_S7_L001_R1_001.fastq.gz,raw,,geneExpression,,fastq,,swn_patient_51,,experimentalData,,swn_patient_51_tumor_3,,syn9727752,,pairedEnd,PairedEnd,3342573,,Schwannomatosis,,Synodos Schwannomatosis,,Illumina HiSeq 2000,IlluminaHiSeq2500,inward,,PRIVATE,,TruSeq,,RNA-seq,RNAseq,Homo sapiens,,CTF,,Female,,Synodos,,nerves,,primary tumor,,1.0,,bulk cell,,reverse,,,,,,,,,,,,,,,,,,,,,,,,,,,,,,,,,,,,,,,,,,,,,,,,,,,,,,,,,,,,,,,,,,,,,,,,,,,,,,,,,,,,,,,,,,,,,,,,,,PlexiformNeurofibroma,,,,,
swn_patient_51_tumor_3_S7_L001_R2_001.fastq.gz,swn_patient_51_tumor_3_S7_L001_R2_001.fastq.gz,raw,,geneExpression,,fastq,,swn_patient_51,,experimentalData,,swn_patient_51_tumor_3,,syn9727752,,pairedEnd,PairedEnd,3342573,,Schwannomatosis,,Synodos Schwannomatosis,,Illumina HiSeq 2000,IlluminaHiSeq2500,inward,,PRIVATE,,TruSeq,,RNA-seq,RNAseq,Homo sapiens,,CTF,,Female,,Synodos,,nerves,,primary tumor,,2.0,,bulk cell,,reverse,,,,,,,,,,,,,,,,,,,,,,,,,,,,,,,,,,,,,,,,,,,,,,,,,,,,,,,,,,,,,,,,,,,,,,,,,,,,,,,,,,,,,,,,,,,,,,,,,,PlexiformNeurofibroma,,,,,
swn_patient_51_tumor_3_S7_L002_R1_001.fastq.gz,swn_patient_51_tumor_3_S7_L002_R1_001.fastq.gz,raw,,geneExpression,,fastq,,swn_patient_51,,experimentalData,,swn_patient_51_tumor_3,,syn9727752,,pairedEnd,,3342573,,Schwannomatosis,,Synodos Schwannomatosis,,Illumina HiSeq 2000,,inward,,PRIVATE,,TruSeq,,RNA-seq,,Homo sapiens,,CTF,,Female,,Synodos,,nerves,,primary tumor,,1.0,,bulk cell,,reverse,,,,,,,,,,,,,,,,,,,,,,,,,,,,,,,,,,,,,,,,,,,,,,,,,,,,,,,,,,,,,,,,,,,,,,,,,,,,,,,,,,,,,,,,,,,,,,,,,,,,,,,
swn_patient_51_tumor_3_S7_L002_R2_001.fastq.gz,swn_patient_51_tumor_3_S7_L002_R2_001.fastq.gz,raw,,geneExpression,,fastq,,swn_patient_51,,experimentalData,,swn_patient_51_tumor_3,,syn9727752,,pairedEnd,,3342573,,Schwannomatosis,,Synodos Schwannomatosis,,Illumina HiSeq 2000,,inward,,PRIVATE,,TruSeq,,RNA-seq,,Homo sapiens,,CTF,,Female,,Synodos,,nerves,,primary tumor,,2.0,,bulk cell,,reverse,,,,,,,,,,,,,,,,,,,,,,,,,,,,,,,,,,,,,,,,,,,,,,,,,,,,,,,,,,,,,,,,,,,,,,,,,,,,,,,,,,,,,,,,,,,,,,,,,,,,,,,
swn_patient_51_tumor_3_S7_L003_R1_001.fastq.gz,swn_patient_51_tumor_3_S7_L003_R1_001.fastq.gz,raw,,geneExpression,,fastq,,swn_patient_51,,experimentalData,,swn_patient_51_tumor_3,,syn9727752,,pairedEnd,,3342573,,Schwannomatosis,,Synodos Schwannomatosis,,Illumina HiSeq 2000,,inward,,PRIVATE,,TruSeq,,RNA-seq,,Homo sapiens,,CTF,,Female,,Synodos,,nerves,,primary tumor,,1.0,,bulk cell,,reverse,,,,,,,,,,,,,,,,,,,,,,,,,,,,,,,,,,,,,,,,,,,,,,,,,,,,,,,,,,,,,,,,,,,,,,,,,,,,,,,,,,,,,,,,,,,,,,,,,,,,,,,
swn_patient_51_tumor_3_S7_L003_R2_001.fastq.gz,swn_patient_51_tumor_3_S7_L003_R2_001.fastq.gz,raw,,geneExpression,,fastq,,swn_patient_51,,experimentalData,,swn_patient_51_tumor_3,,syn9727752,,pairedEnd,,3342573,,Schwannomatosis,,Synodos Schwannomatosis,,Illumina HiSeq 2000,,inward,,PRIVATE,,TruSeq,,RNA-seq,,Homo sapiens,,CTF,,Female,,Synodos,,nerves,,primary tumor,,2.0,,bulk cell,,reverse,,,,,,,,,,,,,,,,,,,,,,,,,,,,,,,,,,,,,,,,,,,,,,,,,,,,,,,,,,,,,,,,,,,,,,,,,,,,,,,,,,,,,,,,,,,,,,,,,,,,,,,
swn_patient_51_tumor_3_S7_L004_R1_001.fastq.gz,swn_patient_51_tumor_3_S7_L004_R1_001.fastq.gz,raw,,geneExpression,,fastq,,swn_patient_51,,experimentalData,,swn_patient_51_tumor_3,,syn9727752,,pairedEnd,,3342573,,Schwannomatosis,,Synodos Schwannomatosis,,Illumina HiSeq 2000,,inward,,PRIVATE,,TruSeq,,RNA-seq,,Homo sapiens,,CTF,,Female,,Synodos,,nerves,,primary tumor,,1.0,,bulk cell,,reverse,,,,,,,,,,,,,,,,,,,,,,,,,,,,,,,,,,,,,,,,,,,,,,,,,,,,,,,,,,,,,,,,,,,,,,,,,,,,,,,,,,,,,,,,,,,,,,,,,,,,,,,
swn_patient_51_tumor_3_S7_L004_R2_001.fastq.gz,swn_patient_51_tumor_3_S7_L004_R2_001.fastq.gz,raw,,geneExpression,,fastq,,swn_patient_51,,experimentalData,,swn_patient_51_tumor_3,,syn9727752,,pairedEnd,,3342573,,Schwannomatosis,,Synodos Schwannomatosis,,Illumina HiSeq 2000,,inward,,PRIVATE,,TruSeq,,RNA-seq,,Homo sapiens,,CTF,,Female,,Synodos,,nerves,,primary tumor,,2.0,,bulk cell,,reverse,,,,,,,,,,,,,,,,,,,,,,,,,,,,,,,,,,,,,,,,,,,,,,,,,,,,,,,,,,,,,,,,,,,,,,,,,,,,,,,,,,,,,,,,,,,,,,,,,,,,,,,
swn_patient_51_tumor_4_S7_L001_R1_001.fastq.gz,swn_patient_51_tumor_4_S7_L001_R1_001.fastq.gz,raw,,geneExpression,,fastq,,swn_patient_51,,experimentalData,,swn_patient_51_tumor_4,,syn9727752,,pairedEnd,PairedEnd,3342573,,Schwannomatosis,,Synodos Schwannomatosis,,Illumina HiSeq 2000,IlluminaHiSeq2500,inward,,PRIVATE,,TruSeq,,RNA-seq,RNAseq,Homo sapiens,,CTF,,Female,,Synodos,,nerves,,primary tumor,,1.0,,bulk cell,,reverse,,,,,,,,,,,,,,,,,,,,,,,,,,,,,,,,,,,,,,,,,,,,,,,,,,,,,,,,,,,,,,,,,,,,,,,,,,,,,,,,,,,,,,,,,,,,,,,,,,PlexiformNeurofibroma,,,,,
swn_patient_51_tumor_4_S7_L001_R2_001.fastq.gz,swn_patient_51_tumor_4_S7_L001_R2_001.fastq.gz,raw,,geneExpression,,fastq,,swn_patient_51,,experimentalData,,swn_patient_51_tumor_4,,syn9727752,,pairedEnd,PairedEnd,3342573,,Schwannomatosis,,Synodos Schwannomatosis,,Illumina HiSeq 2000,IlluminaHiSeq2500,inward,,PRIVATE,,TruSeq,,RNA-seq,RNAseq,Homo sapiens,,CTF,,Female,,Synodos,,nerves,,primary tumor,,2.0,,bulk cell,,reverse,,,,,,,,,,,,,,,,,,,,,,,,,,,,,,,,,,,,,,,,,,,,,,,,,,,,,,,,,,,,,,,,,,,,,,,,,,,,,,,,,,,,,,,,,,,,,,,,,,PlexiformNeurofibroma,,,,,
swn_patient_51_tumor_4_S7_L002_R1_001.fastq.gz,swn_patient_51_tumor_4_S7_L002_R1_001.fastq.gz,raw,,geneExpression,,fastq,,swn_patient_51,,experimentalData,,swn_patient_51_tumor_4,,syn9727752,,pairedEnd,,3342573,,Schwannomatosis,,Synodos Schwannomatosis,,Illumina HiSeq 2000,,inward,,PRIVATE,,TruSeq,,RNA-seq,,Homo sapiens,,CTF,,Female,,Synodos,,nerves,,primary tumor,,1.0,,bulk cell,,reverse,,,,,,,,,,,,,,,,,,,,,,,,,,,,,,,,,,,,,,,,,,,,,,,,,,,,,,,,,,,,,,,,,,,,,,,,,,,,,,,,,,,,,,,,,,,,,,,,,,,,,,,
swn_patient_51_tumor_4_S7_L002_R2_001.fastq.gz,swn_patient_51_tumor_4_S7_L002_R2_001.fastq.gz,raw,,geneExpression,,fastq,,swn_patient_51,,experimentalData,,swn_patient_51_tumor_4,,syn9727752,,pairedEnd,,3342573,,Schwannomatosis,,Synodos Schwannomatosis,,Illumina HiSeq 2000,,inward,,PRIVATE,,TruSeq,,RNA-seq,,Homo sapiens,,CTF,,Female,,Synodos,,nerves,,primary tumor,,2.0,,bulk cell,,reverse,,,,,,,,,,,,,,,,,,,,,,,,,,,,,,,,,,,,,,,,,,,,,,,,,,,,,,,,,,,,,,,,,,,,,,,,,,,,,,,,,,,,,,,,,,,,,,,,,,,,,,,
swn_patient_51_tumor_4_S7_L003_R1_001.fastq.gz,swn_patient_51_tumor_4_S7_L003_R1_001.fastq.gz,raw,,geneExpression,,fastq,,swn_patient_51,,experimentalData,,swn_patient_51_tumor_4,,syn9727752,,pairedEnd,,3342573,,Schwannomatosis,,Synodos Schwannomatosis,,Illumina HiSeq 2000,,inward,,PRIVATE,,TruSeq,,RNA-seq,,Homo sapiens,,CTF,,Female,,Synodos,,nerves,,primary tumor,,1.0,,bulk cell,,reverse,,,,,,,,,,,,,,,,,,,,,,,,,,,,,,,,,,,,,,,,,,,,,,,,,,,,,,,,,,,,,,,,,,,,,,,,,,,,,,,,,,,,,,,,,,,,,,,,,,,,,,,
swn_patient_51_tumor_4_S7_L003_R2_001.fastq.gz,swn_patient_51_tumor_4_S7_L003_R2_001.fastq.gz,raw,,geneExpression,,fastq,,swn_patient_51,,experimentalData,,swn_patient_51_tumor_4,,syn9727752,,pairedEnd,,3342573,,Schwannomatosis,,Synodos Schwannomatosis,,Illumina HiSeq 2000,,inward,,PRIVATE,,TruSeq,,RNA-seq,,Homo sapiens,,CTF,,Female,,Synodos,,nerves,,primary tumor,,2.0,,bulk cell,,reverse,,,,,,,,,,,,,,,,,,,,,,,,,,,,,,,,,,,,,,,,,,,,,,,,,,,,,,,,,,,,,,,,,,,,,,,,,,,,,,,,,,,,,,,,,,,,,,,,,,,,,,,
swn_patient_51_tumor_4_S7_L004_R1_001.fastq.gz,swn_patient_51_tumor_4_S7_L004_R1_001.fastq.gz,raw,,geneExpression,,fastq,,swn_patient_51,,experimentalData,,swn_patient_51_tumor_4,,syn9727752,,pairedEnd,,3342573,,Schwannomatosis,,Synodos Schwannomatosis,,Illumina HiSeq 2000,,inward,,PRIVATE,,TruSeq,,RNA-seq,,Homo sapiens,,CTF,,Female,,Synodos,,nerves,,primary tumor,,1.0,,bulk cell,,reverse,,,,,,,,,,,,,,,,,,,,,,,,,,,,,,,,,,,,,,,,,,,,,,,,,,,,,,,,,,,,,,,,,,,,,,,,,,,,,,,,,,,,,,,,,,,,,,,,,,,,,,,
swn_patient_51_tumor_4_S7_L004_R2_001.fastq.gz,swn_patient_51_tumor_4_S7_L004_R2_001.fastq.gz,raw,,geneExpression,,fastq,,swn_patient_51,,experimentalData,,swn_patient_51_tumor_4,,syn9727752,,pairedEnd,,3342573,,Schwannomatosis,,Synodos Schwannomatosis,,Illumina HiSeq 2000,,inward,,PRIVATE,,TruSeq,,RNA-seq,,Homo sapiens,,CTF,,Female,,Synodos,,nerves,,primary tumor,,2.0,,bulk cell,,reverse,,,,,,,,,,,,,,,,,,,,,,,,,,,,,,,,,,,,,,,,,,,,,,,,,,,,,,,,,,,,,,,,,,,,,,,,,,,,,,,,,,,,,,,,,,,,,,,,,,,,,,,
swn_patient_52_tumor_119_S6_L001_R1_001.fastq.gz,swn_patient_52_tumor_119_S6_L001_R1_001.fastq.gz,raw,,geneExpression,,fastq,,swn_patient_52,,experimentalData,,swn_patient_52_tumor_119,,syn9727752,,pairedEnd,PairedEnd,3342573,,Schwannomatosis,,Synodos Schwannomatosis,,Illumina HiSeq 2000,IlluminaHiSeq2500,inward,,PRIVATE,,TruSeq,,RNA-seq,RNAseq,Homo sapiens,,CTF,,Male,,Synodos,,nerves,,primary tumor,,1.0,,bulk cell,,reverse,,,,,,,,,,,,,,,,,,,,,,,,,,,,,,,,,,,,,,,,,,,,,,,,,,,,,,,,,,,,,,,,,,,,,,,,,,,,,,,,,,,,,,,,,,,,,,,,,,PlexiformNeurofibroma,,,,,
swn_patient_52_tumor_119_S6_L001_R2_001.fastq.gz,swn_patient_52_tumor_119_S6_L001_R2_001.fastq.gz,raw,,geneExpression,,fastq,,swn_patient_52,,experimentalData,,swn_patient_52_tumor_119,,syn9727752,,pairedEnd,PairedEnd,3342573,,Schwannomatosis,,Synodos Schwannomatosis,,Illumina HiSeq 2000,IlluminaHiSeq2500,inward,,PRIVATE,,TruSeq,,RNA-seq,RNAseq,Homo sapiens,,CTF,,Male,,Synodos,,nerves,,primary tumor,,2.0,,bulk cell,,reverse,,,,,,,,,,,,,,,,,,,,,,,,,,,,,,,,,,,,,,,,,,,,,,,,,,,,,,,,,,,,,,,,,,,,,,,,,,,,,,,,,,,,,,,,,,,,,,,,,,PlexiformNeurofibroma,,,,,
swn_patient_52_tumor_119_S6_L002_R1_001.fastq.gz,swn_patient_52_tumor_119_S6_L002_R1_001.fastq.gz,raw,,geneExpression,,fastq,,swn_patient_52,,experimentalData,,swn_patient_52_tumor_119,,syn9727752,,pairedEnd,,3342573,,Schwannomatosis,,Synodos Schwannomatosis,,Illumina HiSeq 2000,,inward,,PRIVATE,,TruSeq,,RNA-seq,,Homo sapiens,,CTF,,Male,,Synodos,,nerves,,primary tumor,,1.0,,bulk cell,,reverse,,,,,,,,,,,,,,,,,,,,,,,,,,,,,,,,,,,,,,,,,,,,,,,,,,,,,,,,,,,,,,,,,,,,,,,,,,,,,,,,,,,,,,,,,,,,,,,,,,,,,,,
swn_patient_52_tumor_119_S6_L002_R2_001.fastq.gz,swn_patient_52_tumor_119_S6_L002_R2_001.fastq.gz,raw,,geneExpression,,fastq,,swn_patient_52,,experimentalData,,swn_patient_52_tumor_119,,syn9727752,,pairedEnd,,3342573,,Schwannomatosis,,Synodos Schwannomatosis,,Illumina HiSeq 2000,,inward,,PRIVATE,,TruSeq,,RNA-seq,,Homo sapiens,,CTF,,Male,,Synodos,,nerves,,primary tumor,,2.0,,bulk cell,,reverse,,,,,,,,,,,,,,,,,,,,,,,,,,,,,,,,,,,,,,,,,,,,,,,,,,,,,,,,,,,,,,,,,,,,,,,,,,,,,,,,,,,,,,,,,,,,,,,,,,,,,,,
swn_patient_52_tumor_119_S6_L003_R1_001.fastq.gz,swn_patient_52_tumor_119_S6_L003_R1_001.fastq.gz,raw,,geneExpression,,fastq,,swn_patient_52,,experimentalData,,swn_patient_52_tumor_119,,syn9727752,,pairedEnd,,3342573,,Schwannomatosis,,Synodos Schwannomatosis,,Illumina HiSeq 2000,,inward,,PRIVATE,,TruSeq,,RNA-seq,,Homo sapiens,,CTF,,Male,,Synodos,,nerves,,primary tumor,,1.0,,bulk cell,,reverse,,,,,,,,,,,,,,,,,,,,,,,,,,,,,,,,,,,,,,,,,,,,,,,,,,,,,,,,,,,,,,,,,,,,,,,,,,,,,,,,,,,,,,,,,,,,,,,,,,,,,,,
swn_patient_52_tumor_119_S6_L003_R2_001.fastq.gz,swn_patient_52_tumor_119_S6_L003_R2_001.fastq.gz,raw,,geneExpression,,fastq,,swn_patient_52,,experimentalData,,swn_patient_52_tumor_119,,syn9727752,,pairedEnd,,3342573,,Schwannomatosis,,Synodos Schwannomatosis,,Illumina HiSeq 2000,,inward,,PRIVATE,,TruSeq,,RNA-seq,,Homo sapiens,,CTF,,Male,,Synodos,,nerves,,primary tumor,,2.0,,bulk cell,,reverse,,,,,,,,,,,,,,,,,,,,,,,,,,,,,,,,,,,,,,,,,,,,,,,,,,,,,,,,,,,,,,,,,,,,,,,,,,,,,,,,,,,,,,,,,,,,,,,,,,,,,,,
swn_patient_52_tumor_119_S6_L004_R1_001.fastq.gz,swn_patient_52_tumor_119_S6_L004_R1_001.fastq.gz,raw,,geneExpression,,fastq,,swn_patient_52,,experimentalData,,swn_patient_52_tumor_119,,syn9727752,,pairedEnd,,3342573,,Schwannomatosis,,Synodos Schwannomatosis,,Illumina HiSeq 2000,,inward,,PRIVATE,,TruSeq,,RNA-seq,,Homo sapiens,,CTF,,Male,,Synodos,,nerves,,primary tumor,,1.0,,bulk cell,,reverse,,,,,,,,,,,,,,,,,,,,,,,,,,,,,,,,,,,,,,,,,,,,,,,,,,,,,,,,,,,,,,,,,,,,,,,,,,,,,,,,,,,,,,,,,,,,,,,,,,,,,,,
swn_patient_52_tumor_119_S6_L004_R2_001.fastq.gz,swn_patient_52_tumor_119_S6_L004_R2_001.fastq.gz,raw,,geneExpression,,fastq,,swn_patient_52,,experimentalData,,swn_patient_52_tumor_119,,syn9727752,,pairedEnd,,3342573,,Schwannomatosis,,Synodos Schwannomatosis,,Illumina HiSeq 2000,,inward,,PRIVATE,,TruSeq,,RNA-seq,,Homo sapiens,,CTF,,Male,,Synodos,,nerves,,primary tumor,,2.0,,bulk cell,,reverse,,,,,,,,,,,,,,,,,,,,,,,,,,,,,,,,,,,,,,,,,,,,,,,,,,,,,,,,,,,,,,,,,,,,,,,,,,,,,,,,,,,,,,,,,,,,,,,,,,,,,,,
swn_patient_54_tumor_135_S11_L001_R1_001.fastq.gz,swn_patient_54_tumor_135_S11_L001_R1_001.fastq.gz,raw,,geneExpression,,fastq,,swn_patient_54,,experimentalData,,swn_patient_54_tumor_135,,syn9727752,,pairedEnd,PairedEnd,3342573,,Schwannomatosis,,Synodos Schwannomatosis,,Illumina HiSeq 2000,IlluminaHiSeq2500,inward,,PRIVATE,,TruSeq,,RNA-seq,RNAseq,Homo sapiens,,CTF,,Male,,Synodos,,nerves,,primary tumor,,1.0,,bulk cell,,reverse,,,,,,,,,,,,,,,,,,,,,,,,,,,,,,,,,,,,,,,,,,,,,,,,,,,,,,,,,,,,,,,,,,,,,,,,,,,,,,,,,,,,,,,,,,,,,,,,,,PlexiformNeurofibroma,,,,,
swn_patient_54_tumor_135_S11_L001_R2_001.fastq.gz,swn_patient_54_tumor_135_S11_L001_R2_001.fastq.gz,raw,,geneExpression,,fastq,,swn_patient_54,,experimentalData,,swn_patient_54_tumor_135,,syn9727752,,pairedEnd,PairedEnd,3342573,,Schwannomatosis,,Synodos Schwannomatosis,,Illumina HiSeq 2000,IlluminaHiSeq2500,inward,,PRIVATE,,TruSeq,,RNA-seq,RNAseq,Homo sapiens,,CTF,,Male,,Synodos,,nerves,,primary tumor,,2.0,,bulk cell,,reverse,,,,,,,,,,,,,,,,,,,,,,,,,,,,,,,,,,,,,,,,,,,,,,,,,,,,,,,,,,,,,,,,,,,,,,,,,,,,,,,,,,,,,,,,,,,,,,,,,,PlexiformNeurofibroma,,,,,
swn_patient_54_tumor_135_S11_L002_R1_001.fastq.gz,swn_patient_54_tumor_135_S11_L002_R1_001.fastq.gz,raw,,geneExpression,,fastq,,swn_patient_54,,experimentalData,,swn_patient_54_tumor_135,,syn9727752,,pairedEnd,,3342573,,Schwannomatosis,,Synodos Schwannomatosis,,Illumina HiSeq 2000,,inward,,PRIVATE,,TruSeq,,RNA-seq,,Homo sapiens,,CTF,,Male,,Synodos,,nerves,,primary tumor,,1.0,,bulk cell,,reverse,,,,,,,,,,,,,,,,,,,,,,,,,,,,,,,,,,,,,,,,,,,,,,,,,,,,,,,,,,,,,,,,,,,,,,,,,,,,,,,,,,,,,,,,,,,,,,,,,,,,,,,
swn_patient_54_tumor_135_S11_L002_R2_001.fastq.gz,swn_patient_54_tumor_135_S11_L002_R2_001.fastq.gz,raw,,geneExpression,,fastq,,swn_patient_54,,experimentalData,,swn_patient_54_tumor_135,,syn9727752,,pairedEnd,,3342573,,Schwannomatosis,,Synodos Schwannomatosis,,Illumina HiSeq 2000,,inward,,PRIVATE,,TruSeq,,RNA-seq,,Homo sapiens,,CTF,,Male,,Synodos,,nerves,,primary tumor,,2.0,,bulk cell,,reverse,,,,,,,,,,,,,,,,,,,,,,,,,,,,,,,,,,,,,,,,,,,,,,,,,,,,,,,,,,,,,,,,,,,,,,,,,,,,,,,,,,,,,,,,,,,,,,,,,,,,,,,
swn_patient_54_tumor_135_S11_L003_R1_001.fastq.gz,swn_patient_54_tumor_135_S11_L003_R1_001.fastq.gz,raw,,geneExpression,,fastq,,swn_patient_54,,experimentalData,,swn_patient_54_tumor_135,,syn9727752,,pairedEnd,,3342573,,Schwannomatosis,,Synodos Schwannomatosis,,Illumina HiSeq 2000,,inward,,PRIVATE,,TruSeq,,RNA-seq,,Homo sapiens,,CTF,,Male,,Synodos,,nerves,,primary tumor,,1.0,,bulk cell,,reverse,,,,,,,,,,,,,,,,,,,,,,,,,,,,,,,,,,,,,,,,,,,,,,,,,,,,,,,,,,,,,,,,,,,,,,,,,,,,,,,,,,,,,,,,,,,,,,,,,,,,,,,
swn_patient_54_tumor_135_S11_L003_R2_001.fastq.gz,swn_patient_54_tumor_135_S11_L003_R2_001.fastq.gz,raw,,geneExpression,,fastq,,swn_patient_54,,experimentalData,,swn_patient_54_tumor_135,,syn9727752,,pairedEnd,,3342573,,Schwannomatosis,,Synodos Schwannomatosis,,Illumina HiSeq 2000,,inward,,PRIVATE,,TruSeq,,RNA-seq,,Homo sapiens,,CTF,,Male,,Synodos,,nerves,,primary tumor,,2.0,,bulk cell,,reverse,,,,,,,,,,,,,,,,,,,,,,,,,,,,,,,,,,,,,,,,,,,,,,,,,,,,,,,,,,,,,,,,,,,,,,,,,,,,,,,,,,,,,,,,,,,,,,,,,,,,,,,
swn_patient_54_tumor_135_S11_L004_R1_001.fastq.gz,swn_patient_54_tumor_135_S11_L004_R1_001.fastq.gz,raw,,geneExpression,,fastq,,swn_patient_54,,experimentalData,,swn_patient_54_tumor_135,,syn9727752,,pairedEnd,,3342573,,Schwannomatosis,,Synodos Schwannomatosis,,Illumina HiSeq 2000,,inward,,PRIVATE,,TruSeq,,RNA-seq,,Homo sapiens,,CTF,,Male,,Synodos,,nerves,,primary tumor,,1.0,,bulk cell,,reverse,,,,,,,,,,,,,,,,,,,,,,,,,,,,,,,,,,,,,,,,,,,,,,,,,,,,,,,,,,,,,,,,,,,,,,,,,,,,,,,,,,,,,,,,,,,,,,,,,,,,,,,
swn_patient_54_tumor_135_S11_L004_R2_001.fastq.gz,swn_patient_54_tumor_135_S11_L004_R2_001.fastq.gz,raw,,geneExpression,,fastq,,swn_patient_54,,experimentalData,,swn_patient_54_tumor_135,,syn9727752,,pairedEnd,,3342573,,Schwannomatosis,,Synodos Schwannomatosis,,Illumina HiSeq 2000,,inward,,PRIVATE,,TruSeq,,RNA-seq,,Homo sapiens,,CTF,,Male,,Synodos,,nerves,,primary tumor,,2.0,,bulk cell,,reverse,,,,,,,,,,,,,,,,,,,,,,,,,,,,,,,,,,,,,,,,,,,,,,,,,,,,,,,,,,,,,,,,,,,,,,,,,,,,,,,,,,,,,,,,,,,,,,,,,,,,,,,
swn_patient_55_tumor_118_S5_L001_R1_001.fastq.gz,swn_patient_55_tumor_118_S5_L001_R1_001.fastq.gz,raw,,geneExpression,,fastq,,swn_patient_55,,experimentalData,,swn_patient_55_tumor_118,,syn9727752,,pairedEnd,PairedEnd,3342573,,Schwannomatosis,,Synodos Schwannomatosis,,Illumina HiSeq 2000,IlluminaHiSeq2500,inward,,PRIVATE,,TruSeq,,RNA-seq,RNAseq,Homo sapiens,,CTF,,Male,,Synodos,,nerves,,primary tumor,,1.0,,bulk cell,,reverse,,,,,,,,,,,,,,,,,,,,,,,,,,,,,,,,,,,,,,,,,,,,,,,,,,,,,,,,,,,,,,,,,,,,,,,,,,,,,,,,,,,,,,,,,,,,,,,,,,PlexiformNeurofibroma,,,,,
swn_patient_55_tumor_118_S5_L001_R2_001.fastq.gz,swn_patient_55_tumor_118_S5_L001_R2_001.fastq.gz,raw,,geneExpression,,fastq,,swn_patient_55,,experimentalData,,swn_patient_55_tumor_118,,syn9727752,,pairedEnd,PairedEnd,3342573,,Schwannomatosis,,Synodos Schwannomatosis,,Illumina HiSeq 2000,IlluminaHiSeq2500,inward,,PRIVATE,,TruSeq,,RNA-seq,RNAseq,Homo sapiens,,CTF,,Male,,Synodos,,nerves,,primary tumor,,2.0,,bulk cell,,reverse,,,,,,,,,,,,,,,,,,,,,,,,,,,,,,,,,,,,,,,,,,,,,,,,,,,,,,,,,,,,,,,,,,,,,,,,,,,,,,,,,,,,,,,,,,,,,,,,,,PlexiformNeurofibroma,,,,,
swn_patient_55_tumor_118_S5_L002_R1_001.fastq.gz,swn_patient_55_tumor_118_S5_L002_R1_001.fastq.gz,raw,,geneExpression,,fastq,,swn_patient_55,,experimentalData,,swn_patient_55_tumor_118,,syn9727752,,pairedEnd,,3342573,,Schwannomatosis,,Synodos Schwannomatosis,,Illumina HiSeq 2000,,inward,,PRIVATE,,TruSeq,,RNA-seq,,Homo sapiens,,CTF,,Male,,Synodos,,nerves,,primary tumor,,1.0,,bulk cell,,reverse,,,,,,,,,,,,,,,,,,,,,,,,,,,,,,,,,,,,,,,,,,,,,,,,,,,,,,,,,,,,,,,,,,,,,,,,,,,,,,,,,,,,,,,,,,,,,,,,,,,,,,,
swn_patient_55_tumor_118_S5_L002_R2_001.fastq.gz,swn_patient_55_tumor_118_S5_L002_R2_001.fastq.gz,raw,,geneExpression,,fastq,,swn_patient_55,,experimentalData,,swn_patient_55_tumor_118,,syn9727752,,pairedEnd,,3342573,,Schwannomatosis,,Synodos Schwannomatosis,,Illumina HiSeq 2000,,inward,,PRIVATE,,TruSeq,,RNA-seq,,Homo sapiens,,CTF,,Male,,Synodos,,nerves,,primary tumor,,2.0,,bulk cell,,reverse,,,,,,,,,,,,,,,,,,,,,,,,,,,,,,,,,,,,,,,,,,,,,,,,,,,,,,,,,,,,,,,,,,,,,,,,,,,,,,,,,,,,,,,,,,,,,,,,,,,,,,,
swn_patient_55_tumor_118_S5_L003_R1_001.fastq.gz,swn_patient_55_tumor_118_S5_L003_R1_001.fastq.gz,raw,,geneExpression,,fastq,,swn_patient_55,,experimentalData,,swn_patient_55_tumor_118,,syn9727752,,pairedEnd,,3342573,,Schwannomatosis,,Synodos Schwannomatosis,,Illumina HiSeq 2000,,inward,,PRIVATE,,TruSeq,,RNA-seq,,Homo sapiens,,CTF,,Male,,Synodos,,nerves,,primary tumor,,1.0,,bulk cell,,reverse,,,,,,,,,,,,,,,,,,,,,,,,,,,,,,,,,,,,,,,,,,,,,,,,,,,,,,,,,,,,,,,,,,,,,,,,,,,,,,,,,,,,,,,,,,,,,,,,,,,,,,,
swn_patient_55_tumor_118_S5_L003_R2_001.fastq.gz,swn_patient_55_tumor_118_S5_L003_R2_001.fastq.gz,raw,,geneExpression,,fastq,,swn_patient_55,,experimentalData,,swn_patient_55_tumor_118,,syn9727752,,pairedEnd,,3342573,,Schwannomatosis,,Synodos Schwannomatosis,,Illumina HiSeq 2000,,inward,,PRIVATE,,TruSeq,,RNA-seq,,Homo sapiens,,CTF,,Male,,Synodos,,nerves,,primary tumor,,2.0,,bulk cell,,reverse,,,,,,,,,,,,,,,,,,,,,,,,,,,,,,,,,,,,,,,,,,,,,,,,,,,,,,,,,,,,,,,,,,,,,,,,,,,,,,,,,,,,,,,,,,,,,,,,,,,,,,,
swn_patient_55_tumor_118_S5_L004_R1_001.fastq.gz,swn_patient_55_tumor_118_S5_L004_R1_001.fastq.gz,raw,,geneExpression,,fastq,,swn_patient_55,,experimentalData,,swn_patient_55_tumor_118,,syn9727752,,pairedEnd,,3342573,,Schwannomatosis,,Synodos Schwannomatosis,,Illumina HiSeq 2000,,inward,,PRIVATE,,TruSeq,,RNA-seq,,Homo sapiens,,CTF,,Male,,Synodos,,nerves,,primary tumor,,1.0,,bulk cell,,reverse,,,,,,,,,,,,,,,,,,,,,,,,,,,,,,,,,,,,,,,,,,,,,,,,,,,,,,,,,,,,,,,,,,,,,,,,,,,,,,,,,,,,,,,,,,,,,,,,,,,,,,,
swn_patient_55_tumor_118_S5_L004_R2_001.fastq.gz,swn_patient_55_tumor_118_S5_L004_R2_001.fastq.gz,raw,,geneExpression,,fastq,,swn_patient_55,,experimentalData,,swn_patient_55_tumor_118,,syn9727752,,pairedEnd,,3342573,,Schwannomatosis,,Synodos Schwannomatosis,,Illumina HiSeq 2000,,inward,,PRIVATE,,TruSeq,,RNA-seq,,Homo sapiens,,CTF,,Male,,Synodos,,nerves,,primary tumor,,2.0,,bulk cell,,reverse,,,,,,,,,,,,,,,,,,,,,,,,,,,,,,,,,,,,,,,,,,,,,,,,,,,,,,,,,,,,,,,,,,,,,,,,,,,,,,,,,,,,,,,,,,,,,,,,,,,,,,,
swn_patient_55_tumor_122_S8_L001_R1_001.fastq.gz,swn_patient_55_tumor_122_S8_L001_R1_001.fastq.gz,raw,,geneExpression,,fastq,,swn_patient_55,,experimentalData,,swn_patient_55_tumor_122,,syn9727752,,pairedEnd,PairedEnd,3342573,,Schwannomatosis,,Synodos Schwannomatosis,,Illumina HiSeq 2000,IlluminaHiSeq2500,inward,,PRIVATE,,TruSeq,,RNA-seq,RNAseq,Homo sapiens,,CTF,,Male,,Synodos,,nerves,,primary tumor,,1.0,,bulk cell,,reverse,,,,,,,,,,,,,,,,,,,,,,,,,,,,,,,,,,,,,,,,,,,,,,,,,,,,,,,,,,,,,,,,,,,,,,,,,,,,,,,,,,,,,,,,,,,,,,,,,,PlexiformNeurofibroma,,,,,
swn_patient_55_tumor_122_S8_L001_R2_001.fastq.gz,swn_patient_55_tumor_122_S8_L001_R2_001.fastq.gz,raw,,geneExpression,,fastq,,swn_patient_55,,experimentalData,,swn_patient_55_tumor_122,,syn9727752,,pairedEnd,PairedEnd,3342573,,Schwannomatosis,,Synodos Schwannomatosis,,Illumina HiSeq 2000,IlluminaHiSeq2500,inward,,PRIVATE,,TruSeq,,RNA-seq,RNAseq,Homo sapiens,,CTF,,Male,,Synodos,,nerves,,primary tumor,,2.0,,bulk cell,,reverse,,,,,,,,,,,,,,,,,,,,,,,,,,,,,,,,,,,,,,,,,,,,,,,,,,,,,,,,,,,,,,,,,,,,,,,,,,,,,,,,,,,,,,,,,,,,,,,,,,PlexiformNeurofibroma,,,,,
swn_patient_55_tumor_122_S8_L002_R1_001.fastq.gz,swn_patient_55_tumor_122_S8_L002_R1_001.fastq.gz,raw,,geneExpression,,fastq,,swn_patient_55,,experimentalData,,swn_patient_55_tumor_122,,syn9727752,,pairedEnd,,3342573,,Schwannomatosis,,Synodos Schwannomatosis,,Illumina HiSeq 2000,,inward,,PRIVATE,,TruSeq,,RNA-seq,,Homo sapiens,,CTF,,Male,,Synodos,,nerves,,primary tumor,,1.0,,bulk cell,,reverse,,,,,,,,,,,,,,,,,,,,,,,,,,,,,,,,,,,,,,,,,,,,,,,,,,,,,,,,,,,,,,,,,,,,,,,,,,,,,,,,,,,,,,,,,,,,,,,,,,,,,,,
swn_patient_55_tumor_122_S8_L002_R2_001.fastq.gz,swn_patient_55_tumor_122_S8_L002_R2_001.fastq.gz,raw,,geneExpression,,fastq,,swn_patient_55,,experimentalData,,swn_patient_55_tumor_122,,syn9727752,,pairedEnd,,3342573,,Schwannomatosis,,Synodos Schwannomatosis,,Illumina HiSeq 2000,,inward,,PRIVATE,,TruSeq,,RNA-seq,,Homo sapiens,,CTF,,Male,,Synodos,,nerves,,primary tumor,,2.0,,bulk cell,,reverse,,,,,,,,,,,,,,,,,,,,,,,,,,,,,,,,,,,,,,,,,,,,,,,,,,,,,,,,,,,,,,,,,,,,,,,,,,,,,,,,,,,,,,,,,,,,,,,,,,,,,,,
swn_patient_55_tumor_122_S8_L003_R1_001.fastq.gz,swn_patient_55_tumor_122_S8_L003_R1_001.fastq.gz,raw,,geneExpression,,fastq,,swn_patient_55,,experimentalData,,swn_patient_55_tumor_122,,syn9727752,,pairedEnd,,3342573,,Schwannomatosis,,Synodos Schwannomatosis,,Illumina HiSeq 2000,,inward,,PRIVATE,,TruSeq,,RNA-seq,,Homo sapiens,,CTF,,Male,,Synodos,,nerves,,primary tumor,,1.0,,bulk cell,,reverse,,,,,,,,,,,,,,,,,,,,,,,,,,,,,,,,,,,,,,,,,,,,,,,,,,,,,,,,,,,,,,,,,,,,,,,,,,,,,,,,,,,,,,,,,,,,,,,,,,,,,,,
swn_patient_55_tumor_122_S8_L003_R2_001.fastq.gz,swn_patient_55_tumor_122_S8_L003_R2_001.fastq.gz,raw,,geneExpression,,fastq,,swn_patient_55,,experimentalData,,swn_patient_55_tumor_122,,syn9727752,,pairedEnd,,3342573,,Schwannomatosis,,Synodos Schwannomatosis,,Illumina HiSeq 2000,,inward,,PRIVATE,,TruSeq,,RNA-seq,,Homo sapiens,,CTF,,Male,,Synodos,,nerves,,primary tumor,,2.0,,bulk cell,,reverse,,,,,,,,,,,,,,,,,,,,,,,,,,,,,,,,,,,,,,,,,,,,,,,,,,,,,,,,,,,,,,,,,,,,,,,,,,,,,,,,,,,,,,,,,,,,,,,,,,,,,,,
swn_patient_55_tumor_122_S8_L004_R1_001.fastq.gz,swn_patient_55_tumor_122_S8_L004_R1_001.fastq.gz,raw,,geneExpression,,fastq,,swn_patient_55,,experimentalData,,swn_patient_55_tumor_122,,syn9727752,,pairedEnd,,3342573,,Schwannomatosis,,Synodos Schwannomatosis,,Illumina HiSeq 2000,,inward,,PRIVATE,,TruSeq,,RNA-seq,,Homo sapiens,,CTF,,Male,,Synodos,,nerves,,primary tumor,,1.0,,bulk cell,,reverse,,,,,,,,,,,,,,,,,,,,,,,,,,,,,,,,,,,,,,,,,,,,,,,,,,,,,,,,,,,,,,,,,,,,,,,,,,,,,,,,,,,,,,,,,,,,,,,,,,,,,,,
swn_patient_55_tumor_122_S8_L004_R2_001.fastq.gz,swn_patient_55_tumor_122_S8_L004_R2_001.fastq.gz,raw,,geneExpression,,fastq,,swn_patient_55,,experimentalData,,swn_patient_55_tumor_122,,syn9727752,,pairedEnd,,3342573,,Schwannomatosis,,Synodos Schwannomatosis,,Illumina HiSeq 2000,,inward,,PRIVATE,,TruSeq,,RNA-seq,,Homo sapiens,,CTF,,Male,,Synodos,,nerves,,primary tumor,,2.0,,bulk cell,,reverse,,,,,,,,,,,,,,,,,,,,,,,,,,,,,,,,,,,,,,,,,,,,,,,,,,,,,,,,,,,,,,,,,,,,,,,,,,,,,,,,,,,,,,,,,,,,,,,,,,,,,,,
swn_patient_59_tumor_136_S12_L001_R1_001.fastq.gz,swn_patient_59_tumor_136_S12_L001_R1_001.fastq.gz,raw,,geneExpression,,fastq,,swn_patient_59,,experimentalData,,swn_patient_59_tumor_136,,syn9727752,,pairedEnd,PairedEnd,3342573,,Schwannomatosis,,Synodos Schwannomatosis,,Illumina HiSeq 2000,IlluminaHiSeq2500,inward,,PRIVATE,,TruSeq,,RNA-seq,RNAseq,Homo sapiens,,CTF,,Male,,Synodos,,nerves,,primary tumor,,1.0,,bulk cell,,reverse,,,,,,,,,,,,,,,,,,,,,,,,,,,,,,,,,,,,,,,,,,,,,,,,,,,,,,,,,,,,,,,,,,,,,,,,,,,,,,,,,,,,,,,,,,,,,,,,,,PlexiformNeurofibroma,,,,,
swn_patient_59_tumor_136_S12_L001_R2_001.fastq.gz,swn_patient_59_tumor_136_S12_L001_R2_001.fastq.gz,raw,,geneExpression,,fastq,,swn_patient_59,,experimentalData,,swn_patient_59_tumor_136,,syn9727752,,pairedEnd,PairedEnd,3342573,,Schwannomatosis,,Synodos Schwannomatosis,,Illumina HiSeq 2000,IlluminaHiSeq2500,inward,,PRIVATE,,TruSeq,,RNA-seq,RNAseq,Homo sapiens,,CTF,,Male,,Synodos,,nerves,,primary tumor,,2.0,,bulk cell,,reverse,,,,,,,,,,,,,,,,,,,,,,,,,,,,,,,,,,,,,,,,,,,,,,,,,,,,,,,,,,,,,,,,,,,,,,,,,,,,,,,,,,,,,,,,,,,,,,,,,,PlexiformNeurofibroma,,,,,
swn_patient_59_tumor_136_S12_L002_R1_001.fastq.gz,swn_patient_59_tumor_136_S12_L002_R1_001.fastq.gz,raw,,geneExpression,,fastq,,swn_patient_59,,experimentalData,,swn_patient_59_tumor_136,,syn9727752,,pairedEnd,,3342573,,Schwannomatosis,,Synodos Schwannomatosis,,Illumina HiSeq 2000,,inward,,PRIVATE,,TruSeq,,RNA-seq,,Homo sapiens,,CTF,,Male,,Synodos,,nerves,,primary tumor,,1.0,,bulk cell,,reverse,,,,,,,,,,,,,,,,,,,,,,,,,,,,,,,,,,,,,,,,,,,,,,,,,,,,,,,,,,,,,,,,,,,,,,,,,,,,,,,,,,,,,,,,,,,,,,,,,,,,,,,
swn_patient_59_tumor_136_S12_L002_R2_001.fastq.gz,swn_patient_59_tumor_136_S12_L002_R2_001.fastq.gz,raw,,geneExpression,,fastq,,swn_patient_59,,experimentalData,,swn_patient_59_tumor_136,,syn9727752,,pairedEnd,,3342573,,Schwannomatosis,,Synodos Schwannomatosis,,Illumina HiSeq 2000,,inward,,PRIVATE,,TruSeq,,RNA-seq,,Homo sapiens,,CTF,,Male,,Synodos,,nerves,,primary tumor,,2.0,,bulk cell,,reverse,,,,,,,,,,,,,,,,,,,,,,,,,,,,,,,,,,,,,,,,,,,,,,,,,,,,,,,,,,,,,,,,,,,,,,,,,,,,,,,,,,,,,,,,,,,,,,,,,,,,,,,
swn_patient_59_tumor_136_S12_L003_R1_001.fastq.gz,swn_patient_59_tumor_136_S12_L003_R1_001.fastq.gz,raw,,geneExpression,,fastq,,swn_patient_59,,experimentalData,,swn_patient_59_tumor_136,,syn9727752,,pairedEnd,,3342573,,Schwannomatosis,,Synodos Schwannomatosis,,Illumina HiSeq 2000,,inward,,PRIVATE,,TruSeq,,RNA-seq,,Homo sapiens,,CTF,,Male,,Synodos,,nerves,,primary tumor,,1.0,,bulk cell,,reverse,,,,,,,,,,,,,,,,,,,,,,,,,,,,,,,,,,,,,,,,,,,,,,,,,,,,,,,,,,,,,,,,,,,,,,,,,,,,,,,,,,,,,,,,,,,,,,,,,,,,,,,
swn_patient_59_tumor_136_S12_L003_R2_001.fastq.gz,swn_patient_59_tumor_136_S12_L003_R2_001.fastq.gz,raw,,geneExpression,,fastq,,swn_patient_59,,experimentalData,,swn_patient_59_tumor_136,,syn9727752,,pairedEnd,,3342573,,Schwannomatosis,,Synodos Schwannomatosis,,Illumina HiSeq 2000,,inward,,PRIVATE,,TruSeq,,RNA-seq,,Homo sapiens,,CTF,,Male,,Synodos,,nerves,,primary tumor,,2.0,,bulk cell,,reverse,,,,,,,,,,,,,,,,,,,,,,,,,,,,,,,,,,,,,,,,,,,,,,,,,,,,,,,,,,,,,,,,,,,,,,,,,,,,,,,,,,,,,,,,,,,,,,,,,,,,,,,
swn_patient_59_tumor_136_S12_L004_R1_001.fastq.gz,swn_patient_59_tumor_136_S12_L004_R1_001.fastq.gz,raw,,geneExpression,,fastq,,swn_patient_59,,experimentalData,,swn_patient_59_tumor_136,,syn9727752,,pairedEnd,,3342573,,Schwannomatosis,,Synodos Schwannomatosis,,Illumina HiSeq 2000,,inward,,PRIVATE,,TruSeq,,RNA-seq,,Homo sapiens,,CTF,,Male,,Synodos,,nerves,,primary tumor,,1.0,,bulk cell,,reverse,,,,,,,,,,,,,,,,,,,,,,,,,,,,,,,,,,,,,,,,,,,,,,,,,,,,,,,,,,,,,,,,,,,,,,,,,,,,,,,,,,,,,,,,,,,,,,,,,,,,,,,
swn_patient_59_tumor_136_S12_L004_R2_001.fastq.gz,swn_patient_59_tumor_136_S12_L004_R2_001.fastq.gz,raw,Raw,geneExpression,Genomicvariants,fastq,Gzip,swn_patient_59,patient_59,experimentalData,Result,swn_patient_59_tumor_136,tumor_136,syn9727752,SWNTS-SWN,pairedEnd,PairedEnd,3342573,,Schwannomatosis,Neurofibromatosistype1,Synodos Schwannomatosis,"Epigenomic, genomic, and transcriptomic landscape of schwannomatosis",Illumina HiSeq 2000,IlluminaHiSeq2500,inward,Outward,PRIVATE,ControlledAccess,TruSeq,,RNA-seq,RNA-seq,Homo sapiens,Homosapiens,CTF,,Male,,Synodos,,nerves,Nervoussystem,primary tumor,,2.0,2,bulk cell,Bulkcell,reverse,,,,,,,,,,,,,,,,,,,,,,,,,,,,,,,,,,,,,,,,,,,,,,,,,,,,,,Yes,,Yes,,No,,,,FirstStranded,,schwannomatosis-schwannoma,,,,,,,,,,,,,,100.0,,,,,,,,,,,,,,,,,,,,Peripheral nerve sheath tumor,,STARandSalmon,,,
swn_patient_60_tumor_5_SM_S3_L001_R1_001.fastq.gz,swn_patient_60_tumor_5_SM_S3_L001_R1_001.fastq.gz,raw,Raw,geneExpression,Genomicvariants,fastq,Gzip,swn_patient_60,patient_60,experimentalData,Result,swn_patient_60_tumor_5,tumor_5_SM,syn9727752,SWNTS-SWN,pairedEnd,PairedEnd,3342573,,Schwannomatosis,Neurofibromatosistype1,Synodos Schwannomatosis,"Epigenomic, genomic, and transcriptomic landscape of schwannomatosis",Illumina HiSeq 2000,IlluminaHiSeq2500,inward,Outward,PRIVATE,ControlledAccess,TruSeq,,RNA-seq,RNA-seq,Homo sapiens,Homosapiens,CTF,,Female,,Synodos,,nerves,Nervoussystem,primary tumor,,1.0,1,bulk cell,Bulkcell,reverse,,,,,,,,,,,,,,,,,,,,,,,,,,,,,,,,,,,,,,,,,,,,,,,,,,,,,,Yes,,Yes,,No,,,,FirstStranded,,schwannomatosis-schwannoma,,,,,,,,,,,,,,100.0,,,,,,,,,,,,,,,,,,,,Peripheral nerve sheath tumor,,STARandSalmon,,,
swn_patient_60_tumor_5_SM_S3_L001_R2_001.fastq.gz,swn_patient_60_tumor_5_SM_S3_L001_R2_001.fastq.gz,raw,Raw,geneExpression,Genomicvariants,fastq,Gzip,swn_patient_60,patient_60,experimentalData,Result,swn_patient_60_tumor_5,tumor_5_SM,syn9727752,SWNTS-SWN,pairedEnd,PairedEnd,3342573,,Schwannomatosis,Neurofibromatosistype1,Synodos Schwannomatosis,"Epigenomic, genomic, and transcriptomic landscape of schwannomatosis",Illumina HiSeq 2000,IlluminaHiSeq2500,inward,Outward,PRIVATE,ControlledAccess,TruSeq,,RNA-seq,RNA-seq,Homo sapiens,Homosapiens,CTF,,Female,,Synodos,,nerves,Nervoussystem,primary tumor,,2.0,2,bulk cell,Bulkcell,reverse,,,,,,,,,,,,,,,,,,,,,,,,,,,,,,,,,,,,,,,,,,,,,,,,,,,,,,Yes,,Yes,,No,,,,FirstStranded,,schwannomatosis-schwannoma,,,,,,,,,,,,,,100.0,,,,,,,,,,,,,,,,,,,,Peripheral nerve sheath tumor,,STARandSalmon,,,
swn_patient_60_tumor_5_SM_S3_L002_R1_001.fastq.gz,swn_patient_60_tumor_5_SM_S3_L002_R1_001.fastq.gz,raw,Raw,geneExpression,Genomicvariants,fastq,Gzip,swn_patient_60,patient_60,experimentalData,Result,swn_patient_60_tumor_5,tumor_5_SM,syn9727752,SWNTS-SWN,pairedEnd,PairedEnd,3342573,,Schwannomatosis,Neurofibromatosistype1,Synodos Schwannomatosis,"Epigenomic, genomic, and transcriptomic landscape of schwannomatosis",Illumina HiSeq 2000,IlluminaHiSeq2500,inward,Outward,PRIVATE,ControlledAccess,TruSeq,,RNA-seq,RNA-seq,Homo sapiens,Homosapiens,CTF,,Female,,Synodos,,nerves,Nervoussystem,primary tumor,,1.0,1,bulk cell,Bulkcell,reverse,,,,,,,,,,,,,,,,,,,,,,,,,,,,,,,,,,,,,,,,,,,,,,,,,,,,,,Yes,,Yes,,No,,,,FirstStranded,,schwannomatosis-schwannoma,,,,,,,,,,,,,,100.0,,,,,,,,,,,,,,,,,,,,Peripheral nerve sheath tumor,,STARandSalmon,,,
swn_patient_60_tumor_5_SM_S3_L002_R2_001.fastq.gz,swn_patient_60_tumor_5_SM_S3_L002_R2_001.fastq.gz,raw,Raw,geneExpression,Genomicvariants,fastq,Gzip,swn_patient_60,patient_60,experimentalData,Result,swn_patient_60_tumor_5,tumor_5_SM,syn9727752,SWNTS-SWN,pairedEnd,PairedEnd,3342573,,Schwannomatosis,Neurofibromatosistype1,Synodos Schwannomatosis,"Epigenomic, genomic, and transcriptomic landscape of schwannomatosis",Illumina HiSeq 2000,IlluminaHiSeq2500,inward,Outward,PRIVATE,ControlledAccess,TruSeq,,RNA-seq,RNA-seq,Homo sapiens,Homosapiens,CTF,,Female,,Synodos,,nerves,Nervoussystem,primary tumor,,2.0,2,bulk cell,Bulkcell,reverse,,,,,,,,,,,,,,,,,,,,,,,,,,,,,,,,,,,,,,,,,,,,,,,,,,,,,,Yes,,Yes,,No,,,,FirstStranded,,schwannomatosis-schwannoma,,,,,,,,,,,,,,100.0,,,,,,,,,,,,,,,,,,,,Peripheral nerve sheath tumor,,STARandSalmon,,,
swn_patient_60_tumor_5_SM_S3_L003_R1_001.fastq.gz,swn_patient_60_tumor_5_SM_S3_L003_R1_001.fastq.gz,raw,Raw,geneExpression,Genomicvariants,fastq,Gzip,swn_patient_60,patient_60,experimentalData,Result,swn_patient_60_tumor_5,tumor_5_SM,syn9727752,SWNTS-SWN,pairedEnd,PairedEnd,3342573,,Schwannomatosis,Neurofibromatosistype1,Synodos Schwannomatosis,"Epigenomic, genomic, and transcriptomic landscape of schwannomatosis",Illumina HiSeq 2000,IlluminaHiSeq2500,inward,Outward,PRIVATE,ControlledAccess,TruSeq,,RNA-seq,RNA-seq,Homo sapiens,Homosapiens,CTF,,Female,,Synodos,,nerves,Nervoussystem,primary tumor,,1.0,1,bulk cell,Bulkcell,reverse,,,,,,,,,,,,,,,,,,,,,,,,,,,,,,,,,,,,,,,,,,,,,,,,,,,,,,Yes,,Yes,,No,,,,FirstStranded,,schwannomatosis-schwannoma,,,,,,,,,,,,,,100.0,,,,,,,,,,,,,,,,,,,,Peripheral nerve sheath tumor,,STARandSalmon,,,
swn_patient_60_tumor_5_SM_S3_L003_R2_001.fastq.gz,swn_patient_60_tumor_5_SM_S3_L003_R2_001.fastq.gz,raw,Raw,geneExpression,Genomicvariants,fastq,Gzip,swn_patient_60,patient_60,experimentalData,Result,swn_patient_60_tumor_5,tumor_5_SM,syn9727752,SWNTS-SWN,pairedEnd,PairedEnd,3342573,,Schwannomatosis,Neurofibromatosistype1,Synodos Schwannomatosis,"Epigenomic, genomic, and transcriptomic landscape of schwannomatosis",Illumina HiSeq 2000,IlluminaHiSeq2500,inward,Outward,PRIVATE,ControlledAccess,TruSeq,,RNA-seq,RNA-seq,Homo sapiens,Homosapiens,CTF,,Female,,Synodos,,nerves,Nervoussystem,primary tumor,,2.0,2,bulk cell,Bulkcell,reverse,,,,,,,,,,,,,,,,,,,,,,,,,,,,,,,,,,,,,,,,,,,,,,,,,,,,,,Yes,,Yes,,No,,,,FirstStranded,,schwannomatosis-schwannoma,,,,,,,,,,,,,,100.0,,,,,,,,,,,,,,,,,,,,Peripheral nerve sheath tumor,,STARandSalmon,,,
swn_patient_60_tumor_5_SM_S3_L004_R1_001.fastq.gz,swn_patient_60_tumor_5_SM_S3_L004_R1_001.fastq.gz,raw,Raw,geneExpression,Genomicvariants,fastq,Gzip,swn_patient_60,patient_60,experimentalData,Result,swn_patient_60_tumor_5,tumor_5_SM,syn9727752,SWNTS-SWN,pairedEnd,PairedEnd,3342573,,Schwannomatosis,Neurofibromatosistype1,Synodos Schwannomatosis,"Epigenomic, genomic, and transcriptomic landscape of schwannomatosis",Illumina HiSeq 2000,IlluminaHiSeq2500,inward,Outward,PRIVATE,ControlledAccess,TruSeq,,RNA-seq,RNA-seq,Homo sapiens,Homosapiens,CTF,,Female,,Synodos,,nerves,Nervoussystem,primary tumor,,1.0,1,bulk cell,Bulkcell,reverse,,,,,,,,,,,,,,,,,,,,,,,,,,,,,,,,,,,,,,,,,,,,,,,,,,,,,,Yes,,Yes,,No,,,,FirstStranded,,schwannomatosis-schwannoma,,,,,,,,,,,,,,100.0,,,,,,,,,,,,,,,,,,,,Peripheral nerve sheath tumor,,STARandSalmon,,,
swn_patient_60_tumor_5_SM_S3_L004_R2_001.fastq.gz,swn_patient_60_tumor_5_SM_S3_L004_R2_001.fastq.gz,raw,Raw,geneExpression,Genomicvariants,fastq,Gzip,swn_patient_60,patient_60,experimentalData,Result,swn_patient_60_tumor_5,tumor_5_SM,syn9727752,SWNTS-SWN,pairedEnd,PairedEnd,3342573,,Schwannomatosis,Neurofibromatosistype1,Synodos Schwannomatosis,"Epigenomic, genomic, and transcriptomic landscape of schwannomatosis",Illumina HiSeq 2000,IlluminaHiSeq2500,inward,Outward,PRIVATE,ControlledAccess,TruSeq,,RNA-seq,RNA-seq,Homo sapiens,Homosapiens,CTF,,Female,,Synodos,,nerves,Nervoussystem,primary tumor,,2.0,2,bulk cell,Bulkcell,reverse,,,,,,,,,,,,,,,,,,,,,,,,,,,,,,,,,,,,,,,,,,,,,,,,,,,,,,Yes,,Yes,,No,,,,FirstStranded,,schwannomatosis-schwannoma,,,,,,,,,,,,,,100.0,,,,,,,,,,,,,,,,,,,,Peripheral nerve sheath tumor,,STARandSalmon,,,
swn_patient_62_tumor_120_S7_L001_R1_001.fastq.gz,swn_patient_62_tumor_120_S7_L001_R1_001.fastq.gz,raw,Raw,geneExpression,Genomicvariants,fastq,Gzip,swn_patient_62,patient_62,experimentalData,Result,swn_patient_62_tumor_120,tumor_120,syn9727752,SWNTS-SWN,pairedEnd,PairedEnd,3342573,,Schwannomatosis,Neurofibromatosistype1,Synodos Schwannomatosis,"Epigenomic, genomic, and transcriptomic landscape of schwannomatosis",Illumina HiSeq 2000,IlluminaHiSeq2500,inward,Outward,PRIVATE,ControlledAccess,TruSeq,,RNA-seq,RNA-seq,Homo sapiens,Homosapiens,CTF,,Female,,Synodos,,nerves,Nervoussystem,primary tumor,,1.0,1,bulk cell,Bulkcell,reverse,,,,,,,,,,,,,,,,,,,,,,,,,,,,,,,,,,,,,,,,,,,,,,,,,,,,,,Yes,,Yes,,No,,,,FirstStranded,,schwannomatosis-schwannoma,,,,,,,,,,,,,,100.0,,,,,,,,,,,,,,,,,,,,Peripheral nerve sheath tumor,,STARandSalmon,,,
swn_patient_62_tumor_120_S7_L001_R2_001.fastq.gz,swn_patient_62_tumor_120_S7_L001_R2_001.fastq.gz,raw,Raw,geneExpression,Genomicvariants,fastq,Gzip,swn_patient_62,patient_62,experimentalData,Result,swn_patient_62_tumor_120,tumor_120,syn9727752,SWNTS-SWN,pairedEnd,PairedEnd,3342573,,Schwannomatosis,Neurofibromatosistype1,Synodos Schwannomatosis,"Epigenomic, genomic, and transcriptomic landscape of schwannomatosis",Illumina HiSeq 2000,IlluminaHiSeq2500,inward,Outward,PRIVATE,ControlledAccess,TruSeq,,RNA-seq,RNA-seq,Homo sapiens,Homosapiens,CTF,,Female,,Synodos,,nerves,Nervoussystem,primary tumor,,2.0,2,bulk cell,Bulkcell,reverse,,,,,,,,,,,,,,,,,,,,,,,,,,,,,,,,,,,,,,,,,,,,,,,,,,,,,,Yes,,Yes,,No,,,,FirstStranded,,schwannomatosis-schwannoma,,,,,,,,,,,,,,100.0,,,,,,,,,,,,,,,,,,,,Peripheral nerve sheath tumor,,STARandSalmon,,,
swn_patient_62_tumor_120_S7_L002_R1_001.fastq.gz,swn_patient_62_tumor_120_S7_L002_R1_001.fastq.gz,raw,Raw,geneExpression,Genomicvariants,fastq,Gzip,swn_patient_62,patient_62,experimentalData,Result,swn_patient_62_tumor_120,tumor_120,syn9727752,SWNTS-SWN,pairedEnd,PairedEnd,3342573,,Schwannomatosis,Neurofibromatosistype1,Synodos Schwannomatosis,"Epigenomic, genomic, and transcriptomic landscape of schwannomatosis",Illumina HiSeq 2000,IlluminaHiSeq2500,inward,Outward,PRIVATE,ControlledAccess,TruSeq,,RNA-seq,RNA-seq,Homo sapiens,Homosapiens,CTF,,Female,,Synodos,,nerves,Nervoussystem,primary tumor,,1.0,1,bulk cell,Bulkcell,reverse,,,,,,,,,,,,,,,,,,,,,,,,,,,,,,,,,,,,,,,,,,,,,,,,,,,,,,Yes,,Yes,,No,,,,FirstStranded,,schwannomatosis-schwannoma,,,,,,,,,,,,,,100.0,,,,,,,,,,,,,,,,,,,,Peripheral nerve sheath tumor,,STARandSalmon,,,
swn_patient_62_tumor_120_S7_L002_R2_001.fastq.gz,swn_patient_62_tumor_120_S7_L002_R2_001.fastq.gz,raw,Raw,geneExpression,Genomicvariants,fastq,Gzip,swn_patient_62,patient_62,experimentalData,Result,swn_patient_62_tumor_120,tumor_120,syn9727752,SWNTS-SWN,pairedEnd,PairedEnd,3342573,,Schwannomatosis,Neurofibromatosistype1,Synodos Schwannomatosis,"Epigenomic, genomic, and transcriptomic landscape of schwannomatosis",Illumina HiSeq 2000,IlluminaHiSeq2500,inward,Outward,PRIVATE,ControlledAccess,TruSeq,,RNA-seq,RNA-seq,Homo sapiens,Homosapiens,CTF,,Female,,Synodos,,nerves,Nervoussystem,primary tumor,,2.0,2,bulk cell,Bulkcell,reverse,,,,,,,,,,,,,,,,,,,,,,,,,,,,,,,,,,,,,,,,,,,,,,,,,,,,,,Yes,,Yes,,No,,,,FirstStranded,,schwannomatosis-schwannoma,,,,,,,,,,,,,,100.0,,,,,,,,,,,,,,,,,,,,Peripheral nerve sheath tumor,,STARandSalmon,,,
swn_patient_62_tumor_120_S7_L003_R1_001.fastq.gz,swn_patient_62_tumor_120_S7_L003_R1_001.fastq.gz,raw,Raw,geneExpression,Genomicvariants,fastq,Gzip,swn_patient_62,patient_62,experimentalData,Result,swn_patient_62_tumor_120,tumor_120,syn9727752,SWNTS-SWN,pairedEnd,PairedEnd,3342573,,Schwannomatosis,Neurofibromatosistype1,Synodos Schwannomatosis,"Epigenomic, genomic, and transcriptomic landscape of schwannomatosis",Illumina HiSeq 2000,IlluminaHiSeq2500,inward,Outward,PRIVATE,ControlledAccess,TruSeq,,RNA-seq,RNA-seq,Homo sapiens,Homosapiens,CTF,,Female,,Synodos,,nerves,Nervoussystem,primary tumor,,1.0,1,bulk cell,Bulkcell,reverse,,,,,,,,,,,,,,,,,,,,,,,,,,,,,,,,,,,,,,,,,,,,,,,,,,,,,,Yes,,Yes,,No,,,,FirstStranded,,schwannomatosis-schwannoma,,,,,,,,,,,,,,100.0,,,,,,,,,,,,,,,,,,,,Peripheral nerve sheath tumor,,STARandSalmon,,,
swn_patient_62_tumor_120_S7_L003_R2_001.fastq.gz,swn_patient_62_tumor_120_S7_L003_R2_001.fastq.gz,raw,Raw,geneExpression,Genomicvariants,fastq,Gzip,swn_patient_62,patient_62,experimentalData,Result,swn_patient_62_tumor_120,tumor_120,syn9727752,SWNTS-SWN,pairedEnd,PairedEnd,3342573,,Schwannomatosis,Neurofibromatosistype1,Synodos Schwannomatosis,"Epigenomic, genomic, and transcriptomic landscape of schwannomatosis",Illumina HiSeq 2000,IlluminaHiSeq2500,inward,Outward,PRIVATE,ControlledAccess,TruSeq,,RNA-seq,RNA-seq,Homo sapiens,Homosapiens,CTF,,Female,,Synodos,,nerves,Nervoussystem,primary tumor,,2.0,2,bulk cell,Bulkcell,reverse,,,,,,,,,,,,,,,,,,,,,,,,,,,,,,,,,,,,,,,,,,,,,,,,,,,,,,Yes,,Yes,,No,,,,FirstStranded,,schwannomatosis-schwannoma,,,,,,,,,,,,,,100.0,,,,,,,,,,,,,,,,,,,,Peripheral nerve sheath tumor,,STARandSalmon,,,
swn_patient_62_tumor_120_S7_L004_R1_001.fastq.gz,swn_patient_62_tumor_120_S7_L004_R1_001.fastq.gz,raw,Raw,geneExpression,Genomicvariants,fastq,Gzip,swn_patient_62,patient_62,experimentalData,Result,swn_patient_62_tumor_120,tumor_120,syn9727752,SWNTS-SWN,pairedEnd,PairedEnd,3342573,,Schwannomatosis,Neurofibromatosistype1,Synodos Schwannomatosis,"Epigenomic, genomic, and transcriptomic landscape of schwannomatosis",Illumina HiSeq 2000,IlluminaHiSeq2500,inward,Outward,PRIVATE,ControlledAccess,TruSeq,,RNA-seq,RNA-seq,Homo sapiens,Homosapiens,CTF,,Female,,Synodos,,nerves,Nervoussystem,primary tumor,,1.0,1,bulk cell,Bulkcell,reverse,,,,,,,,,,,,,,,,,,,,,,,,,,,,,,,,,,,,,,,,,,,,,,,,,,,,,,Yes,,Yes,,No,,,,FirstStranded,,schwannomatosis-schwannoma,,,,,,,,,,,,,,100.0,,,,,,,,,,,,,,,,,,,,Peripheral nerve sheath tumor,,STARandSalmon,,,
swn_patient_62_tumor_120_S7_L004_R2_001.fastq.gz,swn_patient_62_tumor_120_S7_L004_R2_001.fastq.gz,raw,Raw,geneExpression,Genomicvariants,fastq,Gzip,swn_patient_62,patient_62,experimentalData,Result,swn_patient_62_tumor_120,tumor_120,syn9727752,SWNTS-SWN,pairedEnd,PairedEnd,3342573,,Schwannomatosis,Neurofibromatosistype1,Synodos Schwannomatosis,"Epigenomic, genomic, and transcriptomic landscape of schwannomatosis",Illumina HiSeq 2000,IlluminaHiSeq2500,inward,Outward,PRIVATE,ControlledAccess,TruSeq,,RNA-seq,RNA-seq,Homo sapiens,Homosapiens,CTF,,Female,,Synodos,,nerves,Nervoussystem,primary tumor,,2.0,2,bulk cell,Bulkcell,reverse,,,,,,,,,,,,,,,,,,,,,,,,,,,,,,,,,,,,,,,,,,,,,,,,,,,,,,Yes,,Yes,,No,,,,FirstStranded,,schwannomatosis-schwannoma,,,,,,,,,,,,,,100.0,,,,,,,,,,,,,,,,,,,,Peripheral nerve sheath tumor,,STARandSalmon,,,
swn_patient_63_tumor_123_S9_L001_R1_001.fastq.gz,swn_patient_63_tumor_123_S9_L001_R1_001.fastq.gz,raw,Raw,geneExpression,Genomicvariants,fastq,Gzip,swn_patient_63,patient_63,experimentalData,Result,swn_patient_63_tumor_123,tumor_123,syn9727752,SWNTS-SWN,pairedEnd,PairedEnd,3342573,,Schwannomatosis,Neurofibromatosistype1,Synodos Schwannomatosis,"Epigenomic, genomic, and transcriptomic landscape of schwannomatosis",Illumina HiSeq 2000,IlluminaHiSeq2500,inward,Outward,PRIVATE,ControlledAccess,TruSeq,,RNA-seq,RNA-seq,Homo sapiens,Homosapiens,CTF,,Male,,Synodos,,nerves,Nervoussystem,primary tumor,,1.0,1,bulk cell,Bulkcell,reverse,,,,,,,,,,,,,,,,,,,,,,,,,,,,,,,,,,,,,,,,,,,,,,,,,,,,,,Yes,,Yes,,No,,,,FirstStranded,,schwannomatosis-schwannoma,,,,,,,,,,,,,,100.0,,,,,,,,,,,,,,,,,,,,Peripheral nerve sheath tumor,,STARandSalmon,,,
swn_patient_63_tumor_123_S9_L001_R2_001.fastq.gz,swn_patient_63_tumor_123_S9_L001_R2_001.fastq.gz,raw,Raw,geneExpression,Genomicvariants,fastq,Gzip,swn_patient_63,patient_63,experimentalData,Result,swn_patient_63_tumor_123,tumor_123,syn9727752,SWNTS-SWN,pairedEnd,PairedEnd,3342573,,Schwannomatosis,Neurofibromatosistype1,Synodos Schwannomatosis,"Epigenomic, genomic, and transcriptomic landscape of schwannomatosis",Illumina HiSeq 2000,IlluminaHiSeq2500,inward,Outward,PRIVATE,ControlledAccess,TruSeq,,RNA-seq,RNA-seq,Homo sapiens,Homosapiens,CTF,,Male,,Synodos,,nerves,Nervoussystem,primary tumor,,2.0,2,bulk cell,Bulkcell,reverse,,,,,,,,,,,,,,,,,,,,,,,,,,,,,,,,,,,,,,,,,,,,,,,,,,,,,,Yes,,Yes,,No,,,,FirstStranded,,schwannomatosis-schwannoma,,,,,,,,,,,,,,100.0,,,,,,,,,,,,,,,,,,,,Peripheral nerve sheath tumor,,STARandSalmon,,,
swn_patient_63_tumor_123_S9_L002_R1_001.fastq.gz,swn_patient_63_tumor_123_S9_L002_R1_001.fastq.gz,raw,Raw,geneExpression,Genomicvariants,fastq,Gzip,swn_patient_63,patient_63,experimentalData,Result,swn_patient_63_tumor_123,tumor_123,syn9727752,SWNTS-SWN,pairedEnd,PairedEnd,3342573,,Schwannomatosis,Neurofibromatosistype1,Synodos Schwannomatosis,"Epigenomic, genomic, and transcriptomic landscape of schwannomatosis",Illumina HiSeq 2000,IlluminaHiSeq2500,inward,Outward,PRIVATE,ControlledAccess,TruSeq,,RNA-seq,RNA-seq,Homo sapiens,Homosapiens,CTF,,Male,,Synodos,,nerves,Nervoussystem,primary tumor,,1.0,1,bulk cell,Bulkcell,reverse,,,,,,,,,,,,,,,,,,,,,,,,,,,,,,,,,,,,,,,,,,,,,,,,,,,,,,Yes,,Yes,,No,,,,FirstStranded,,schwannomatosis-schwannoma,,,,,,,,,,,,,,100.0,,,,,,,,,,,,,,,,,,,,Peripheral nerve sheath tumor,,STARandSalmon,,,
swn_patient_63_tumor_123_S9_L002_R2_001.fastq.gz,swn_patient_63_tumor_123_S9_L002_R2_001.fastq.gz,raw,Raw,geneExpression,Genomicvariants,fastq,Gzip,swn_patient_63,patient_63,experimentalData,Result,swn_patient_63_tumor_123,tumor_123,syn9727752,SWNTS-SWN,pairedEnd,PairedEnd,3342573,,Schwannomatosis,Neurofibromatosistype1,Synodos Schwannomatosis,"Epigenomic, genomic, and transcriptomic landscape of schwannomatosis",Illumina HiSeq 2000,IlluminaHiSeq2500,inward,Outward,PRIVATE,ControlledAccess,TruSeq,,RNA-seq,RNA-seq,Homo sapiens,Homosapiens,CTF,,Male,,Synodos,,nerves,Nervoussystem,primary tumor,,2.0,2,bulk cell,Bulkcell,reverse,,,,,,,,,,,,,,,,,,,,,,,,,,,,,,,,,,,,,,,,,,,,,,,,,,,,,,Yes,,Yes,,No,,,,FirstStranded,,schwannomatosis-schwannoma,,,,,,,,,,,,,,100.0,,,,,,,,,,,,,,,,,,,,Peripheral nerve sheath tumor,,STARandSalmon,,,
swn_patient_63_tumor_123_S9_L003_R1_001.fastq.gz,swn_patient_63_tumor_123_S9_L003_R1_001.fastq.gz,raw,Raw,geneExpression,Genomicvariants,fastq,Gzip,swn_patient_63,patient_63,experimentalData,Result,swn_patient_63_tumor_123,tumor_123,syn9727752,SWNTS-SWN,pairedEnd,PairedEnd,3342573,,Schwannomatosis,Neurofibromatosistype1,Synodos Schwannomatosis,"Epigenomic, genomic, and transcriptomic landscape of schwannomatosis",Illumina HiSeq 2000,IlluminaHiSeq2500,inward,Outward,PRIVATE,ControlledAccess,TruSeq,,RNA-seq,RNA-seq,Homo sapiens,Homosapiens,CTF,,Male,,Synodos,,nerves,Nervoussystem,primary tumor,,1.0,1,bulk cell,Bulkcell,reverse,,,,,,,,,,,,,,,,,,,,,,,,,,,,,,,,,,,,,,,,,,,,,,,,,,,,,,Yes,,Yes,,No,,,,FirstStranded,,schwannomatosis-schwannoma,,,,,,,,,,,,,,100.0,,,,,,,,,,,,,,,,,,,,Peripheral nerve sheath tumor,,STARandSalmon,,,
swn_patient_63_tumor_123_S9_L003_R2_001.fastq.gz,swn_patient_63_tumor_123_S9_L003_R2_001.fastq.gz,raw,Raw,geneExpression,Genomicvariants,fastq,Gzip,swn_patient_63,patient_63,experimentalData,Result,swn_patient_63_tumor_123,tumor_123,syn9727752,SWNTS-SWN,pairedEnd,PairedEnd,3342573,,Schwannomatosis,Neurofibromatosistype1,Synodos Schwannomatosis,"Epigenomic, genomic, and transcriptomic landscape of schwannomatosis",Illumina HiSeq 2000,IlluminaHiSeq2500,inward,Outward,PRIVATE,ControlledAccess,TruSeq,,RNA-seq,RNA-seq,Homo sapiens,Homosapiens,CTF,,Male,,Synodos,,nerves,Nervoussystem,primary tumor,,2.0,2,bulk cell,Bulkcell,reverse,,,,,,,,,,,,,,,,,,,,,,,,,,,,,,,,,,,,,,,,,,,,,,,,,,,,,,Yes,,Yes,,No,,,,FirstStranded,,schwannomatosis-schwannoma,,,,,,,,,,,,,,100.0,,,,,,,,,,,,,,,,,,,,Peripheral nerve sheath tumor,,STARandSalmon,,,
swn_patient_63_tumor_123_S9_L004_R1_001.fastq.gz,swn_patient_63_tumor_123_S9_L004_R1_001.fastq.gz,raw,Raw,geneExpression,Genomicvariants,fastq,Gzip,swn_patient_63,patient_63,experimentalData,Result,swn_patient_63_tumor_123,tumor_123,syn9727752,SWNTS-SWN,pairedEnd,PairedEnd,3342573,,Schwannomatosis,Neurofibromatosistype1,Synodos Schwannomatosis,"Epigenomic, genomic, and transcriptomic landscape of schwannomatosis",Illumina HiSeq 2000,IlluminaHiSeq2500,inward,Outward,PRIVATE,ControlledAccess,TruSeq,,RNA-seq,RNA-seq,Homo sapiens,Homosapiens,CTF,,Male,,Synodos,,nerves,Nervoussystem,primary tumor,,1.0,1,bulk cell,Bulkcell,reverse,,,,,,,,,,,,,,,,,,,,,,,,,,,,,,,,,,,,,,,,,,,,,,,,,,,,,,Yes,,Yes,,No,,,,FirstStranded,,schwannomatosis-schwannoma,,,,,,,,,,,,,,100.0,,,,,,,,,,,,,,,,,,,,Peripheral nerve sheath tumor,,STARandSalmon,,,
swn_patient_63_tumor_123_S9_L004_R2_001.fastq.gz,swn_patient_63_tumor_123_S9_L004_R2_001.fastq.gz,raw,Raw,geneExpression,Genomicvariants,fastq,Gzip,swn_patient_63,patient_63,experimentalData,Result,swn_patient_63_tumor_123,tumor_123,syn9727752,SWNTS-SWN,pairedEnd,PairedEnd,3342573,,Schwannomatosis,Neurofibromatosistype1,Synodos Schwannomatosis,"Epigenomic, genomic, and transcriptomic landscape of schwannomatosis",Illumina HiSeq 2000,IlluminaHiSeq2500,inward,Outward,PRIVATE,ControlledAccess,TruSeq,,RNA-seq,RNA-seq,Homo sapiens,Homosapiens,CTF,,Male,,Synodos,,nerves,Nervoussystem,primary tumor,,2.0,2,bulk cell,Bulkcell,reverse,,,,,,,,,,,,,,,,,,,,,,,,,,,,,,,,,,,,,,,,,,,,,,,,,,,,,,Yes,,Yes,,No,,,,FirstStranded,,schwannomatosis-schwannoma,,,,,,,,,,,,,,100.0,,,,,,,,,,,,,,,,,,,,Peripheral nerve sheath tumor,,STARandSalmon,,,
swn_patient_64_tumor_121_S7_L001_R1_001.fastq.gz,swn_patient_64_tumor_121_S7_L001_R1_001.fastq.gz,raw,Raw,geneExpression,Genomicvariants,fastq,Gzip,swn_patient_64,patient_64,experimentalData,Result,swn_patient_64_tumor_121,tumor_121,syn9727752,SWNTS-SWN,pairedEnd,PairedEnd,3342573,,,Neurofibromatosistype1,Synodos Schwannomatosis,"Epigenomic, genomic, and transcriptomic landscape of schwannomatosis",Illumina HiSeq 2000,IlluminaHiSeq2500,inward,Outward,PRIVATE,ControlledAccess,TruSeq,,RNA-seq,RNA-seq,Homo sapiens,Homosapiens,CTF,,,,Synodos,,nerves,Nervoussystem,primary tumor,,1.0,1,bulk cell,Bulkcell,reverse,,,,,,,,,,,,,,,,,,,,,,,,,,,,,,,,,,,,,,,,,,,,,,,,,,,,,,Yes,,Yes,,No,,,,FirstStranded,,schwannomatosis-schwannoma,,,,,,,,,,,,,,100.0,,,,,,,,,,,,,,,,,,,,Peripheral nerve sheath tumor,,STARandSalmon,,,
swn_patient_64_tumor_121_S7_L001_R2_001.fastq.gz,swn_patient_64_tumor_121_S7_L001_R2_001.fastq.gz,raw,Raw,geneExpression,Genomicvariants,fastq,Gzip,swn_patient_64,patient_64,experimentalData,Result,swn_patient_64_tumor_121,tumor_121,syn9727752,SWNTS-SWN,pairedEnd,PairedEnd,3342573,,,Neurofibromatosistype1,Synodos Schwannomatosis,"Epigenomic, genomic, and transcriptomic landscape of schwannomatosis",Illumina HiSeq 2000,IlluminaHiSeq2500,inward,Outward,PRIVATE,ControlledAccess,TruSeq,,RNA-seq,RNA-seq,Homo sapiens,Homosapiens,CTF,,,,Synodos,,nerves,Nervoussystem,primary tumor,,2.0,2,bulk cell,Bulkcell,reverse,,,,,,,,,,,,,,,,,,,,,,,,,,,,,,,,,,,,,,,,,,,,,,,,,,,,,,Yes,,Yes,,No,,,,FirstStranded,,schwannomatosis-schwannoma,,,,,,,,,,,,,,100.0,,,,,,,,,,,,,,,,,,,,Peripheral nerve sheath tumor,,STARandSalmon,,,
swn_patient_64_tumor_121_S7_L002_R1_001.fastq.gz,swn_patient_64_tumor_121_S7_L002_R1_001.fastq.gz,raw,Raw,geneExpression,Genomicvariants,fastq,Gzip,swn_patient_64,patient_64,experimentalData,Result,swn_patient_64_tumor_121,tumor_121,syn9727752,SWNTS-SWN,pairedEnd,PairedEnd,3342573,,,Neurofibromatosistype1,Synodos Schwannomatosis,"Epigenomic, genomic, and transcriptomic landscape of schwannomatosis",Illumina HiSeq 2000,IlluminaHiSeq2500,inward,Outward,PRIVATE,ControlledAccess,TruSeq,,RNA-seq,RNA-seq,Homo sapiens,Homosapiens,CTF,,,,Synodos,,nerves,Nervoussystem,primary tumor,,1.0,1,bulk cell,Bulkcell,reverse,,,,,,,,,,,,,,,,,,,,,,,,,,,,,,,,,,,,,,,,,,,,,,,,,,,,,,Yes,,Yes,,No,,,,FirstStranded,,schwannomatosis-schwannoma,,,,,,,,,,,,,,100.0,,,,,,,,,,,,,,,,,,,,Peripheral nerve sheath tumor,,STARandSalmon,,,
swn_patient_64_tumor_121_S7_L002_R2_001.fastq.gz,swn_patient_64_tumor_121_S7_L002_R2_001.fastq.gz,raw,Raw,geneExpression,Genomicvariants,fastq,Gzip,swn_patient_64,patient_64,experimentalData,Result,swn_patient_64_tumor_121,tumor_121,syn9727752,SWNTS-SWN,pairedEnd,PairedEnd,3342573,,,Neurofibromatosistype1,Synodos Schwannomatosis,"Epigenomic, genomic, and transcriptomic landscape of schwannomatosis",Illumina HiSeq 2000,IlluminaHiSeq2500,inward,Outward,PRIVATE,ControlledAccess,TruSeq,,RNA-seq,RNA-seq,Homo sapiens,Homosapiens,CTF,,,,Synodos,,nerves,Nervoussystem,primary tumor,,2.0,2,bulk cell,Bulkcell,reverse,,,,,,,,,,,,,,,,,,,,,,,,,,,,,,,,,,,,,,,,,,,,,,,,,,,,,,Yes,,Yes,,No,,,,FirstStranded,,schwannomatosis-schwannoma,,,,,,,,,,,,,,100.0,,,,,,,,,,,,,,,,,,,,Peripheral nerve sheath tumor,,STARandSalmon,,,
swn_patient_64_tumor_121_S7_L003_R1_001.fastq.gz,swn_patient_64_tumor_121_S7_L003_R1_001.fastq.gz,raw,Raw,geneExpression,Genomicvariants,fastq,Gzip,swn_patient_64,patient_64,experimentalData,Result,swn_patient_64_tumor_121,tumor_121,syn9727752,SWNTS-SWN,pairedEnd,PairedEnd,3342573,,,Neurofibromatosistype1,Synodos Schwannomatosis,"Epigenomic, genomic, and transcriptomic landscape of schwannomatosis",Illumina HiSeq 2000,IlluminaHiSeq2500,inward,Outward,PRIVATE,ControlledAccess,TruSeq,,RNA-seq,RNA-seq,Homo sapiens,Homosapiens,CTF,,,,Synodos,,nerves,Nervoussystem,primary tumor,,1.0,1,bulk cell,Bulkcell,reverse,,,,,,,,,,,,,,,,,,,,,,,,,,,,,,,,,,,,,,,,,,,,,,,,,,,,,,Yes,,Yes,,No,,,,FirstStranded,,schwannomatosis-schwannoma,,,,,,,,,,,,,,100.0,,,,,,,,,,,,,,,,,,,,Peripheral nerve sheath tumor,,STARandSalmon,,,
swn_patient_64_tumor_121_S7_L003_R2_001.fastq.gz,swn_patient_64_tumor_121_S7_L003_R2_001.fastq.gz,raw,Raw,geneExpression,Genomicvariants,fastq,Gzip,swn_patient_64,patient_64,experimentalData,Result,swn_patient_64_tumor_121,tumor_121,syn9727752,SWNTS-SWN,pairedEnd,PairedEnd,3342573,,,Neurofibromatosistype1,Synodos Schwannomatosis,"Epigenomic, genomic, and transcriptomic landscape of schwannomatosis",Illumina HiSeq 2000,IlluminaHiSeq2500,inward,Outward,PRIVATE,ControlledAccess,TruSeq,,RNA-seq,RNA-seq,Homo sapiens,Homosapiens,CTF,,,,Synodos,,nerves,Nervoussystem,primary tumor,,2.0,2,bulk cell,Bulkcell,reverse,,,,,,,,,,,,,,,,,,,,,,,,,,,,,,,,,,,,,,,,,,,,,,,,,,,,,,Yes,,Yes,,No,,,,FirstStranded,,schwannomatosis-schwannoma,,,,,,,,,,,,,,100.0,,,,,,,,,,,,,,,,,,,,Peripheral nerve sheath tumor,,STARandSalmon,,,
swn_patient_64_tumor_121_S7_L004_R1_001.fastq.gz,swn_patient_64_tumor_121_S7_L004_R1_001.fastq.gz,raw,Raw,geneExpression,Genomicvariants,fastq,Gzip,swn_patient_64,patient_64,experimentalData,Result,swn_patient_64_tumor_121,tumor_121,syn9727752,SWNTS-SWN,pairedEnd,PairedEnd,3342573,,,Neurofibromatosistype1,Synodos Schwannomatosis,"Epigenomic, genomic, and transcriptomic landscape of schwannomatosis",Illumina HiSeq 2000,IlluminaHiSeq2500,inward,Outward,PRIVATE,ControlledAccess,TruSeq,,RNA-seq,RNA-seq,Homo sapiens,Homosapiens,CTF,,,,Synodos,,nerves,Nervoussystem,primary tumor,,1.0,1,bulk cell,Bulkcell,reverse,,,,,,,,,,,,,,,,,,,,,,,,,,,,,,,,,,,,,,,,,,,,,,,,,,,,,,Yes,,Yes,,No,,,,FirstStranded,,schwannomatosis-schwannoma,,,,,,,,,,,,,,100.0,,,,,,,,,,,,,,,,,,,,Peripheral nerve sheath tumor,,STARandSalmon,,,
swn_patient_64_tumor_121_S7_L004_R2_001.fastq.gz,swn_patient_64_tumor_121_S7_L004_R2_001.fastq.gz,raw,Raw,geneExpression,Genomicvariants,fastq,Gzip,swn_patient_64,patient_64,experimentalData,Result,swn_patient_64_tumor_121,tumor_121,syn9727752,SWNTS-SWN,pairedEnd,PairedEnd,3342573,,,Neurofibromatosistype1,Synodos Schwannomatosis,"Epigenomic, genomic, and transcriptomic landscape of schwannomatosis",Illumina HiSeq 2000,IlluminaHiSeq2500,inward,Outward,PRIVATE,ControlledAccess,TruSeq,,RNA-seq,RNA-seq,Homo sapiens,Homosapiens,CTF,,,,Synodos,,nerves,Nervoussystem,primary tumor,,2.0,2,bulk cell,Bulkcell,reverse,,,,,,,,,,,,,,,,,,,,,,,,,,,,,,,,,,,,,,,,,,,,,,,,,,,,,,Yes,,Yes,,No,,,,FirstStranded,,schwannomatosis-schwannoma,,,,,,,,,,,,,,100.0,,,,,,,,,,,,,,,,,,,,Peripheral nerve sheath tumor,,STARandSalmon,,,
swn_patient_64_tumor_125_S10_L001_R1_001.fastq.gz,swn_patient_64_tumor_125_S10_L001_R1_001.fastq.gz,raw,Raw,geneExpression,Genomicvariants,fastq,Gzip,swn_patient_64,patient_64,experimentalData,Result,swn_patient_64_tumor_125,tumor_125,syn9727752,SWNTS-SWN,pairedEnd,PairedEnd,3342573,,Schwannomatosis,Neurofibromatosistype1,Synodos Schwannomatosis,"Epigenomic, genomic, and transcriptomic landscape of schwannomatosis",Illumina HiSeq 2000,IlluminaHiSeq2500,inward,Outward,PRIVATE,ControlledAccess,TruSeq,,RNA-seq,RNA-seq,Homo sapiens,Homosapiens,CTF,,Male,,Synodos,,nerves,Nervoussystem,primary tumor,,1.0,1,bulk cell,Bulkcell,reverse,,,,,,,,,,,,,,,,,,,,,,,,,,,,,,,,,,,,,,,,,,,,,,,,,,,,,,Yes,,Yes,,No,,,,FirstStranded,,schwannomatosis-schwannoma,,,,,,,,,,,,,,100.0,,,,,,,,,,,,,,,,,,,,Peripheral nerve sheath tumor,,STARandSalmon,,,
swn_patient_64_tumor_125_S10_L001_R2_001.fastq.gz,swn_patient_64_tumor_125_S10_L001_R2_001.fastq.gz,raw,Raw,geneExpression,Genomicvariants,fastq,Gzip,swn_patient_64,patient_64,experimentalData,Result,swn_patient_64_tumor_125,tumor_125,syn9727752,SWNTS-SWN,pairedEnd,PairedEnd,3342573,,Schwannomatosis,Neurofibromatosistype1,Synodos Schwannomatosis,"Epigenomic, genomic, and transcriptomic landscape of schwannomatosis",Illumina HiSeq 2000,IlluminaHiSeq2500,inward,Outward,PRIVATE,ControlledAccess,TruSeq,,RNA-seq,RNA-seq,Homo sapiens,Homosapiens,CTF,,Male,,Synodos,,nerves,Nervoussystem,primary tumor,,2.0,2,bulk cell,Bulkcell,reverse,,,,,,,,,,,,,,,,,,,,,,,,,,,,,,,,,,,,,,,,,,,,,,,,,,,,,,Yes,,Yes,,No,,,,FirstStranded,,schwannomatosis-schwannoma,,,,,,,,,,,,,,100.0,,,,,,,,,,,,,,,,,,,,Peripheral nerve sheath tumor,,STARandSalmon,,,
swn_patient_64_tumor_125_S10_L002_R1_001.fastq.gz,swn_patient_64_tumor_125_S10_L002_R1_001.fastq.gz,raw,Raw,geneExpression,Genomicvariants,fastq,Gzip,swn_patient_64,patient_64,experimentalData,Result,swn_patient_64_tumor_125,tumor_125,syn9727752,SWNTS-SWN,pairedEnd,PairedEnd,3342573,,Schwannomatosis,Neurofibromatosistype1,Synodos Schwannomatosis,"Epigenomic, genomic, and transcriptomic landscape of schwannomatosis",Illumina HiSeq 2000,IlluminaHiSeq2500,inward,Outward,PRIVATE,ControlledAccess,TruSeq,,RNA-seq,RNA-seq,Homo sapiens,Homosapiens,CTF,,Male,,Synodos,,nerves,Nervoussystem,primary tumor,,1.0,1,bulk cell,Bulkcell,reverse,,,,,,,,,,,,,,,,,,,,,,,,,,,,,,,,,,,,,,,,,,,,,,,,,,,,,,Yes,,Yes,,No,,,,FirstStranded,,schwannomatosis-schwannoma,,,,,,,,,,,,,,100.0,,,,,,,,,,,,,,,,,,,,Peripheral nerve sheath tumor,,STARandSalmon,,,
swn_patient_64_tumor_125_S10_L002_R2_001.fastq.gz,swn_patient_64_tumor_125_S10_L002_R2_001.fastq.gz,raw,Raw,geneExpression,Genomicvariants,fastq,Gzip,swn_patient_64,patient_64,experimentalData,Result,swn_patient_64_tumor_125,tumor_125,syn9727752,SWNTS-SWN,pairedEnd,PairedEnd,3342573,,Schwannomatosis,Neurofibromatosistype1,Synodos Schwannomatosis,"Epigenomic, genomic, and transcriptomic landscape of schwannomatosis",Illumina HiSeq 2000,IlluminaHiSeq2500,inward,Outward,PRIVATE,ControlledAccess,TruSeq,,RNA-seq,RNA-seq,Homo sapiens,Homosapiens,CTF,,Male,,Synodos,,nerves,Nervoussystem,primary tumor,,2.0,2,bulk cell,Bulkcell,reverse,,,,,,,,,,,,,,,,,,,,,,,,,,,,,,,,,,,,,,,,,,,,,,,,,,,,,,Yes,,Yes,,No,,,,FirstStranded,,schwannomatosis-schwannoma,,,,,,,,,,,,,,100.0,,,,,,,,,,,,,,,,,,,,Peripheral nerve sheath tumor,,STARandSalmon,,,
swn_patient_64_tumor_125_S10_L003_R1_001.fastq.gz,swn_patient_64_tumor_125_S10_L003_R1_001.fastq.gz,raw,Raw,geneExpression,Genomicvariants,fastq,Gzip,swn_patient_64,patient_64,experimentalData,Result,swn_patient_64_tumor_125,tumor_125,syn9727752,SWNTS-SWN,pairedEnd,PairedEnd,3342573,,Schwannomatosis,Neurofibromatosistype1,Synodos Schwannomatosis,"Epigenomic, genomic, and transcriptomic landscape of schwannomatosis",Illumina HiSeq 2000,IlluminaHiSeq2500,inward,Outward,PRIVATE,ControlledAccess,TruSeq,,RNA-seq,RNA-seq,Homo sapiens,Homosapiens,CTF,,Male,,Synodos,,nerves,Nervoussystem,primary tumor,,1.0,1,bulk cell,Bulkcell,reverse,,,,,,,,,,,,,,,,,,,,,,,,,,,,,,,,,,,,,,,,,,,,,,,,,,,,,,Yes,,Yes,,No,,,,FirstStranded,,schwannomatosis-schwannoma,,,,,,,,,,,,,,100.0,,,,,,,,,,,,,,,,,,,,Peripheral nerve sheath tumor,,STARandSalmon,,,
swn_patient_64_tumor_125_S10_L003_R2_001.fastq.gz,swn_patient_64_tumor_125_S10_L003_R2_001.fastq.gz,raw,Raw,geneExpression,Genomicvariants,fastq,Gzip,swn_patient_64,patient_64,experimentalData,Result,swn_patient_64_tumor_125,tumor_125,syn9727752,SWNTS-SWN,pairedEnd,PairedEnd,3342573,,Schwannomatosis,Neurofibromatosistype1,Synodos Schwannomatosis,"Epigenomic, genomic, and transcriptomic landscape of schwannomatosis",Illumina HiSeq 2000,IlluminaHiSeq2500,inward,Outward,PRIVATE,ControlledAccess,TruSeq,,RNA-seq,RNA-seq,Homo sapiens,Homosapiens,CTF,,Male,,Synodos,,nerves,Nervoussystem,primary tumor,,2.0,2,bulk cell,Bulkcell,reverse,,,,,,,,,,,,,,,,,,,,,,,,,,,,,,,,,,,,,,,,,,,,,,,,,,,,,,Yes,,Yes,,No,,,,FirstStranded,,schwannomatosis-schwannoma,,,,,,,,,,,,,,100.0,,,,,,,,,,,,,,,,,,,,Peripheral nerve sheath tumor,,STARandSalmon,,,
swn_patient_64_tumor_125_S10_L004_R1_001.fastq.gz,swn_patient_64_tumor_125_S10_L004_R1_001.fastq.gz,raw,Raw,geneExpression,Genomicvariants,fastq,Gzip,swn_patient_64,patient_64,experimentalData,Result,swn_patient_64_tumor_125,tumor_125,syn9727752,SWNTS-SWN,pairedEnd,PairedEnd,3342573,,Schwannomatosis,Neurofibromatosistype1,Synodos Schwannomatosis,"Epigenomic, genomic, and transcriptomic landscape of schwannomatosis",Illumina HiSeq 2000,IlluminaHiSeq2500,inward,Outward,PRIVATE,ControlledAccess,TruSeq,,RNA-seq,RNA-seq,Homo sapiens,Homosapiens,CTF,,Male,,Synodos,,nerves,Nervoussystem,primary tumor,,1.0,1,bulk cell,Bulkcell,reverse,,,,,,,,,,,,,,,,,,,,,,,,,,,,,,,,,,,,,,,,,,,,,,,,,,,,,,Yes,,Yes,,No,,,,FirstStranded,,schwannomatosis-schwannoma,,,,,,,,,,,,,,100.0,,,,,,,,,,,,,,,,,,,,Peripheral nerve sheath tumor,,STARandSalmon,,,
swn_patient_64_tumor_125_S10_L004_R2_001.fastq.gz,swn_patient_64_tumor_125_S10_L004_R2_001.fastq.gz,raw,Raw,geneExpression,Genomicvariants,fastq,Gzip,swn_patient_64,patient_64,experimentalData,Result,swn_patient_64_tumor_125,tumor_125,syn9727752,SWNTS-SWN,pairedEnd,PairedEnd,3342573,,Schwannomatosis,Neurofibromatosistype1,Synodos Schwannomatosis,"Epigenomic, genomic, and transcriptomic landscape of schwannomatosis",Illumina HiSeq 2000,IlluminaHiSeq2500,inward,Outward,PRIVATE,ControlledAccess,TruSeq,,RNA-seq,RNA-seq,Homo sapiens,Homosapiens,CTF,,Male,,Synodos,,nerves,Nervoussystem,primary tumor,,2.0,2,bulk cell,Bulkcell,reverse,,,,,,,,,,,,,,,,,,,,,,,,,,,,,,,,,,,,,,,,,,,,,,,,,,,,,,Yes,,Yes,,No,,,,FirstStranded,,schwannomatosis-schwannoma,,,,,,,,,,,,,,100.0,,,,,,,,,,,,,,,,,,,,Peripheral nerve sheath tumor,,STARandSalmon,,,
synapse_storage_manifest.csv,synapse_storage_manifest.csv,,,,Metadata,,,,,,Metadata,,,syn9727752,,,,3423450,,,,Synodos Schwannomatosis,"Epigenomic, genomic, and transcriptomic landscape of schwannomatosis",,,,,,,,,,,,,CTF,,,,Synodos,,,,,,,,,,,,,,,,,,,,,,,,,,,,,,,,,,,,,,,,,,,,,,,,,,,,,,,,,,,,,,,,,,,,,,,,,,,,,,,,,,,,,,,,,,,,,,,,,,,,,,,,,,,,,,,,,
