name_gt,name_pred,dataSubtype_gt,dataSubtype_pred,dataType_gt,dataType_pred,fileFormat_gt,fileFormat_pred,individualID_gt,individualID_pred,resourceType_gt,resourceType_pred,specimenID_gt,specimenID_pred,studyId_gt,studyId_pred,tumorType_gt,tumorType_pred,nf1Genotype_gt,nf1Genotype_pred,nf2Genotype_gt,nf2Genotype_pred,runType_gt,runType_pred,diagnosis_gt,diagnosis_pred,studyName_gt,studyName_pred,platform_gt,platform_pred,readPairOrientation_gt,readPairOrientation_pred,experimentalCondition_gt,experimentalCondition_pred,Component_gt,Component_pred,libraryPreparationMethod_gt,libraryPreparationMethod_pred,assay_gt,assay_pred,species_gt,species_pred,fundingAgency_gt,fundingAgency_pred,isCellLine_gt,isCellLine_pred,initiative_gt,initiative_pred,organ_gt,organ_pred,readPair_gt,readPair_pred,readStrandOrigin_gt,readStrandOrigin_pred,isMultiIndividual_gt,isMultiIndividual_pred,isMultiSpecimen_gt,isMultiSpecimen_pred,isStranded_gt,isStranded_pred,progressReportNumber_gt,progressReportNumber_pred,specimenPreparationMethod_gt,specimenPreparationMethod_pred,accessType_pred,accessType_gt,age_pred,age_gt,ageUnit_pred,ageUnit_gt,aliquotID_pred,aliquotID_gt,averageBaseQuality_pred,averageBaseQuality_gt,averageInsertSize_pred,averageInsertSize_gt,averageReadLength_pred,averageReadLength_gt,cellType_pred,cellType_gt,channel_pred,channel_gt,comments_pred,comments_gt,compoundDose_pred,compoundDose_gt,compoundDoseUnit_pred,compoundDoseUnit_gt,compoundName_pred,compoundName_gt,dissociationMethod_pred,dissociationMethod_gt,drugScreenType_pred,drugScreenType_gt,experimentalTimepoint_pred,experimentalTimepoint_gt,expressionUnit_pred,expressionUnit_gt,genePerturbationTechnology_pred,genePerturbationTechnology_gt,genePerturbationType_pred,genePerturbationType_gt,genePerturbed_pred,genePerturbed_gt,genomicReference_pred,genomicReference_gt,individualIdSource_pred,individualIdSource_gt,isPrimaryCell_pred,isPrimaryCell_gt,isXenograft_pred,isXenograft_gt,libraryPrep_pred,libraryPrep_gt,libraryStrand_pred,libraryStrand_gt,modelSystemName_pred,modelSystemName_gt,modifiedBy_pred,modifiedBy_gt,nucleicAcidSource_pred,nucleicAcidSource_gt,pairsOnDifferentChr_pred,pairsOnDifferentChr_gt,parentSpecimenID_pred,parentSpecimenID_gt,readDepth_pred,readDepth_gt,readLength_pred,readLength_gt,readsDuplicatedPercent_pred,readsDuplicatedPercent_gt,readsMappedPercent_pred,readsMappedPercent_gt,sex_pred,sex_gt,targetCaptureKitID_pred,targetCaptureKitID_gt,targetDepth_pred,targetDepth_gt,totalReads_pred,totalReads_gt,transplantationRecipientSpecies_pred,transplantationRecipientSpecies_gt,transplantationRecipientTissue_pred,transplantationRecipientTissue_gt,transplantationType_pred,transplantationType_gt,workflow_pred,workflow_gt,workflowLink_pred,workflowLink_gt
10_S10_L001_R1_001.fastq.gz,10_S10_L001_R1_001.fastq.gz,raw,,geneExpression,,fastq,,NF0007,,experimentalData,,NF0007-2-D+C,,syn11374354,cNF Organoid Study,Cutaneous Neurofibroma,,-/-,+/-,+/+,,pairedEnd,PairedEnd,Neurofibromatosis type 1,Neurofibromatosistype1,A 3D Cutaneous Neurofibroma Model for Automated High-Throughput Drug Screenings,,Illumina NovaSeq 6000,IlluminaNovaSeq6000,inward,Inward,"Cytokines,DMEM",,RNASeqTemplate,,Smart-seq2,Illumina Novaseq 6000 S4,RNA-seq,RNASeq,Homo sapiens,,NTAP,,No,,Cutaneous Neurofibroma Initiative,,skin,,1,,reverse,,No,,No,,Yes,Yes,4,,Flash frozen,,ControlledAccess,,,,,,,,,,,,,,,,,,,,,,,,,,,,,,,,,,,,,,,,,,,,,,,,,,,,cNFOrganoid,,,,,,,,,,,,,,,,,,,,,,,,,,,,,,,,,,,
10_S10_L001_R2_001.fastq.gz,10_S10_L001_R2_001.fastq.gz,raw,,geneExpression,,fastq,,NF0007,,experimentalData,,NF0007-2-D+C,,syn11374354,cNF Organoid Study,Cutaneous Neurofibroma,,-/-,+/-,+/+,,pairedEnd,PairedEnd,Neurofibromatosis type 1,Neurofibromatosistype1,A 3D Cutaneous Neurofibroma Model for Automated High-Throughput Drug Screenings,,Illumina NovaSeq 6000,IlluminaNovaSeq6000,inward,Inward,"Cytokines,DMEM",,RNASeqTemplate,,Smart-seq2,Illumina Novaseq 6000 S4,RNA-seq,RNASeq,Homo sapiens,,NTAP,,No,,Cutaneous Neurofibroma Initiative,,skin,,2,,reverse,,No,,No,,Yes,Yes,4,,Flash frozen,,ControlledAccess,,,,,,,,,,,,,,,,,,,,,,,,,,,,,,,,,,,,,,,,,,,,,,,,,,,,cNFOrganoid,,,,,,,,,,,,,,,,,,,,,,,,,,,,,,,,,,,
10_S10_L002_R1_001.fastq.gz,10_S10_L002_R1_001.fastq.gz,raw,,geneExpression,,fastq,,NF0007,,experimentalData,,NF0007-2-D+C,,syn11374354,cNF Organoid Study,Cutaneous Neurofibroma,,-/-,+/-,+/+,,pairedEnd,PairedEnd,Neurofibromatosis type 1,Neurofibromatosistype1,A 3D Cutaneous Neurofibroma Model for Automated High-Throughput Drug Screenings,,Illumina NovaSeq 6000,IlluminaNovaSeq6000,inward,Inward,"Cytokines,DMEM",,RNASeqTemplate,,Smart-seq2,Illumina Novaseq 6000 S4,RNA-seq,RNASeq,Homo sapiens,,NTAP,,No,,Cutaneous Neurofibroma Initiative,,skin,,1,,reverse,,No,,No,,Yes,Yes,4,,Flash frozen,,ControlledAccess,,,,,,,,,,,,,,,,,,,,,,,,,,,,,,,,,,,,,,,,,,,,,,,,,,,,cNFOrganoid,,,,,,,,,,,,,,,,,,,,,,,,,,,,,,,,,,,
10_S10_L002_R2_001.fastq.gz,10_S10_L002_R2_001.fastq.gz,raw,,geneExpression,,fastq,,NF0007,,experimentalData,,NF0007-2-D+C,,syn11374354,cNF Organoid Study,Cutaneous Neurofibroma,,-/-,+/-,+/+,,pairedEnd,PairedEnd,Neurofibromatosis type 1,Neurofibromatosistype1,A 3D Cutaneous Neurofibroma Model for Automated High-Throughput Drug Screenings,,Illumina NovaSeq 6000,IlluminaNovaSeq6000,inward,Inward,"Cytokines,DMEM",,RNASeqTemplate,,Smart-seq2,Illumina Novaseq 6000 S4,RNA-seq,RNASeq,Homo sapiens,,NTAP,,No,,Cutaneous Neurofibroma Initiative,,skin,,2,,reverse,,No,,No,,Yes,Yes,4,,Flash frozen,,ControlledAccess,,,,,,,,,,,,,,,,,,,,,,,,,,,,,,,,,,,,,,,,,,,,,,,,,,,,cNFOrganoid,,,,,,,,,,,,,,,,,,,,,,,,,,,,,,,,,,,
10_S10_L003_R1_001.fastq.gz,10_S10_L003_R1_001.fastq.gz,raw,,geneExpression,,fastq,,NF0007,,experimentalData,,NF0007-2-D+C,,syn11374354,cNF Organoid Study,Cutaneous Neurofibroma,,-/-,+/-,+/+,,pairedEnd,PairedEnd,Neurofibromatosis type 1,Neurofibromatosistype1,A 3D Cutaneous Neurofibroma Model for Automated High-Throughput Drug Screenings,,Illumina NovaSeq 6000,IlluminaNovaSeq6000,inward,Inward,"Cytokines,DMEM",,RNASeqTemplate,,Smart-seq2,Illumina Novaseq 6000 S4,RNA-seq,RNASeq,Homo sapiens,,NTAP,,No,,Cutaneous Neurofibroma Initiative,,skin,,1,,reverse,,No,,No,,Yes,Yes,4,,Flash frozen,,ControlledAccess,,,,,,,,,,,,,,,,,,,,,,,,,,,,,,,,,,,,,,,,,,,,,,,,,,,,cNFOrganoid,,,,,,,,,,,,,,,,,,,,,,,,,,,,,,,,,,,
10_S10_L003_R2_001.fastq.gz,10_S10_L003_R2_001.fastq.gz,raw,,geneExpression,,fastq,,NF0007,,experimentalData,,NF0007-2-D+C,,syn11374354,cNF Organoid Study,Cutaneous Neurofibroma,,-/-,+/-,+/+,,pairedEnd,PairedEnd,Neurofibromatosis type 1,Neurofibromatosistype1,A 3D Cutaneous Neurofibroma Model for Automated High-Throughput Drug Screenings,,Illumina NovaSeq 6000,IlluminaNovaSeq6000,inward,Inward,"Cytokines,DMEM",,RNASeqTemplate,,Smart-seq2,Illumina Novaseq 6000 S4,RNA-seq,RNASeq,Homo sapiens,,NTAP,,No,,Cutaneous Neurofibroma Initiative,,skin,,2,,reverse,,No,,No,,Yes,Yes,4,,Flash frozen,,ControlledAccess,,,,,,,,,,,,,,,,,,,,,,,,,,,,,,,,,,,,,,,,,,,,,,,,,,,,cNFOrganoid,,,,,,,,,,,,,,,,,,,,,,,,,,,,,,,,,,,
11_S11_L001_R1_001.fastq.gz,11_S11_L001_R1_001.fastq.gz,raw,,geneExpression,,fastq,,NF0007,,experimentalData,,NF0007-2-D+C+F,,syn11374354,cNF Organoid Study,Cutaneous Neurofibroma,,-/-,+/-,+/+,,pairedEnd,PairedEnd,Neurofibromatosis type 1,Neurofibromatosistype1,A 3D Cutaneous Neurofibroma Model for Automated High-Throughput Drug Screenings,,Illumina NovaSeq 6000,IlluminaNovaSeq6000,inward,Inward,"Cytokines,DMEM,Forskoline",,RNASeqTemplate,,Smart-seq2,Illumina Novaseq 6000 S4,RNA-seq,RNASeq,Homo sapiens,,NTAP,,No,,Cutaneous Neurofibroma Initiative,,skin,,1,,reverse,,No,,No,,Yes,Yes,4,,Flash frozen,,ControlledAccess,,,,,,,,,,,,,,,,,,,,,,,,,,,,,,,,,,,,,,,,,,,,,,,,,,,,cNFOrganoid,,,,,,,,,,,,,,,,,,,,,,,,,,,,,,,,,,,
11_S11_L001_R2_001.fastq.gz,11_S11_L001_R2_001.fastq.gz,raw,,geneExpression,,fastq,,NF0007,,experimentalData,,NF0007-2-D+C+F,,syn11374354,cNF Organoid Study,Cutaneous Neurofibroma,,-/-,+/-,+/+,,pairedEnd,PairedEnd,Neurofibromatosis type 1,Neurofibromatosistype1,A 3D Cutaneous Neurofibroma Model for Automated High-Throughput Drug Screenings,,Illumina NovaSeq 6000,IlluminaNovaSeq6000,inward,Inward,"Cytokines,DMEM,Forskoline",,RNASeqTemplate,,Smart-seq2,Illumina Novaseq 6000 S4,RNA-seq,RNASeq,Homo sapiens,,NTAP,,No,,Cutaneous Neurofibroma Initiative,,skin,,2,,reverse,,No,,No,,Yes,Yes,4,,Flash frozen,,ControlledAccess,,,,,,,,,,,,,,,,,,,,,,,,,,,,,,,,,,,,,,,,,,,,,,,,,,,,cNFOrganoid,,,,,,,,,,,,,,,,,,,,,,,,,,,,,,,,,,,
11_S11_L002_R1_001.fastq.gz,11_S11_L002_R1_001.fastq.gz,raw,,geneExpression,,fastq,,NF0007,,experimentalData,,NF0007-2-D+C+F,,syn11374354,cNF Organoid Study,Cutaneous Neurofibroma,,-/-,+/-,+/+,,pairedEnd,PairedEnd,Neurofibromatosis type 1,Neurofibromatosistype1,A 3D Cutaneous Neurofibroma Model for Automated High-Throughput Drug Screenings,,Illumina NovaSeq 6000,IlluminaNovaSeq6000,inward,Inward,"Cytokines,DMEM,Forskoline",,RNASeqTemplate,,Smart-seq2,Illumina Novaseq 6000 S4,RNA-seq,RNASeq,Homo sapiens,,NTAP,,No,,Cutaneous Neurofibroma Initiative,,skin,,1,,reverse,,No,,No,,Yes,Yes,4,,Flash frozen,,ControlledAccess,,,,,,,,,,,,,,,,,,,,,,,,,,,,,,,,,,,,,,,,,,,,,,,,,,,,cNFOrganoid,,,,,,,,,,,,,,,,,,,,,,,,,,,,,,,,,,,
11_S11_L002_R2_001.fastq.gz,11_S11_L002_R2_001.fastq.gz,raw,,geneExpression,,fastq,,NF0007,,experimentalData,,NF0007-2-D+C+F,,syn11374354,cNF Organoid Study,Cutaneous Neurofibroma,,-/-,+/-,+/+,,pairedEnd,PairedEnd,Neurofibromatosis type 1,Neurofibromatosistype1,A 3D Cutaneous Neurofibroma Model for Automated High-Throughput Drug Screenings,,Illumina NovaSeq 6000,IlluminaNovaSeq6000,inward,Inward,"Cytokines,DMEM,Forskoline",,RNASeqTemplate,,Smart-seq2,Illumina Novaseq 6000 S4,RNA-seq,RNASeq,Homo sapiens,,NTAP,,No,,Cutaneous Neurofibroma Initiative,,skin,,2,,reverse,,No,,No,,Yes,Yes,4,,Flash frozen,,ControlledAccess,,,,,,,,,,,,,,,,,,,,,,,,,,,,,,,,,,,,,,,,,,,,,,,,,,,,cNFOrganoid,,,,,,,,,,,,,,,,,,,,,,,,,,,,,,,,,,,
11_S11_L003_R1_001.fastq.gz,11_S11_L003_R1_001.fastq.gz,raw,,geneExpression,,fastq,,NF0007,,experimentalData,,NF0007-2-D+C+F,,syn11374354,,Cutaneous Neurofibroma,,-/-,,+/+,,pairedEnd,PairedEnd,Neurofibromatosis type 1,,A 3D Cutaneous Neurofibroma Model for Automated High-Throughput Drug Screenings,,Illumina NovaSeq 6000,IlluminaNovaSeq6000,inward,,"Cytokines,DMEM,Forskoline",,RNASeqTemplate,,Smart-seq2,,RNA-seq,RNASeq,Homo sapiens,,NTAP,,No,,Cutaneous Neurofibroma Initiative,,skin,,1,,reverse,,No,,No,,Yes,,4,,Flash frozen,,,,,,,,,,,,,,,,,,,,,,,,,,,,,,,,,,,,,,,,,,,,,,,,,,,,,,cNFOrganoid,,,,,,,,,,,,,,,,,,,,,,,,,,,,,,,,,,,
11_S11_L003_R2_001.fastq.gz,11_S11_L003_R2_001.fastq.gz,raw,,geneExpression,,fastq,,NF0007,,experimentalData,,NF0007-2-D+C+F,,syn11374354,,Cutaneous Neurofibroma,,-/-,,+/+,,pairedEnd,PairedEnd,Neurofibromatosis type 1,,A 3D Cutaneous Neurofibroma Model for Automated High-Throughput Drug Screenings,,Illumina NovaSeq 6000,IlluminaNovaSeq6000,inward,,"Cytokines,DMEM,Forskoline",,RNASeqTemplate,,Smart-seq2,,RNA-seq,RNASeq,Homo sapiens,,NTAP,,No,,Cutaneous Neurofibroma Initiative,,skin,,2,,reverse,,No,,No,,Yes,,4,,Flash frozen,,,,,,,,,,,,,,,,,,,,,,,,,,,,,,,,,,,,,,,,,,,,,,,,,,,,,,cNFOrganoid,,,,,,,,,,,,,,,,,,,,,,,,,,,,,,,,,,,
12_S12_L001_R1_001.fastq.gz,12_S12_L001_R1_001.fastq.gz,raw,,geneExpression,,fastq,,NF0007,,experimentalData,,NF0007-2 S,,syn11374354,,Cutaneous Neurofibroma,,-/-,,+/+,,pairedEnd,PairedEnd,Neurofibromatosis type 1,,A 3D Cutaneous Neurofibroma Model for Automated High-Throughput Drug Screenings,,Illumina NovaSeq 6000,IlluminaNovaSeq6000,inward,,StemPro,,RNASeqTemplate,,Smart-seq2,,RNA-seq,RNASeq,Homo sapiens,,NTAP,,No,,Cutaneous Neurofibroma Initiative,,skin,,1,,reverse,,No,,No,,Yes,,4,,Flash frozen,,,,,,,,,,,,,,,,,,,,,,,,,,,,,,,,,,,,,,,,,,,,,,,,,,,,,,cNFOrganoid,,,,,,,,,,,,,,,,,,,,,,,,,,,,,,,,,,,
12_S12_L001_R2_001.fastq.gz,12_S12_L001_R2_001.fastq.gz,raw,,geneExpression,,fastq,,NF0007,,experimentalData,,NF0007-2 S,,syn11374354,,Cutaneous Neurofibroma,,-/-,,+/+,,pairedEnd,PairedEnd,Neurofibromatosis type 1,,A 3D Cutaneous Neurofibroma Model for Automated High-Throughput Drug Screenings,,Illumina NovaSeq 6000,IlluminaNovaSeq6000,inward,,StemPro,,RNASeqTemplate,,Smart-seq2,,RNA-seq,RNASeq,Homo sapiens,,NTAP,,No,,Cutaneous Neurofibroma Initiative,,skin,,2,,reverse,,No,,No,,Yes,,4,,Flash frozen,,,,,,,,,,,,,,,,,,,,,,,,,,,,,,,,,,,,,,,,,,,,,,,,,,,,,,cNFOrganoid,,,,,,,,,,,,,,,,,,,,,,,,,,,,,,,,,,,
12_S12_L002_R1_001.fastq.gz,12_S12_L002_R1_001.fastq.gz,raw,,geneExpression,,fastq,,NF0007,,experimentalData,,NF0007-2 S,,syn11374354,,Cutaneous Neurofibroma,,-/-,,+/+,,pairedEnd,PairedEnd,Neurofibromatosis type 1,,A 3D Cutaneous Neurofibroma Model for Automated High-Throughput Drug Screenings,,Illumina NovaSeq 6000,IlluminaNovaSeq6000,inward,,StemPro,,RNASeqTemplate,,Smart-seq2,,RNA-seq,RNASeq,Homo sapiens,,NTAP,,No,,Cutaneous Neurofibroma Initiative,,skin,,1,,reverse,,No,,No,,Yes,,4,,Flash frozen,,,,,,,,,,,,,,,,,,,,,,,,,,,,,,,,,,,,,,,,,,,,,,,,,,,,,,cNFOrganoid,,,,,,,,,,,,,,,,,,,,,,,,,,,,,,,,,,,
12_S12_L002_R2_001.fastq.gz,12_S12_L002_R2_001.fastq.gz,raw,,geneExpression,,fastq,,NF0007,,experimentalData,,NF0007-2 S,,syn11374354,,Cutaneous Neurofibroma,,-/-,,+/+,,pairedEnd,PairedEnd,Neurofibromatosis type 1,,A 3D Cutaneous Neurofibroma Model for Automated High-Throughput Drug Screenings,,Illumina NovaSeq 6000,IlluminaNovaSeq6000,inward,,StemPro,,RNASeqTemplate,,Smart-seq2,,RNA-seq,RNASeq,Homo sapiens,,NTAP,,No,,Cutaneous Neurofibroma Initiative,,skin,,2,,reverse,,No,,No,,Yes,,4,,Flash frozen,,,,,,,,,,,,,,,,,,,,,,,,,,,,,,,,,,,,,,,,,,,,,,,,,,,,,,cNFOrganoid,,,,,,,,,,,,,,,,,,,,,,,,,,,,,,,,,,,
12_S12_L003_R1_001.fastq.gz,12_S12_L003_R1_001.fastq.gz,raw,,geneExpression,,fastq,,NF0007,,experimentalData,,NF0007-2 S,,syn11374354,,Cutaneous Neurofibroma,,-/-,,+/+,,pairedEnd,PairedEnd,Neurofibromatosis type 1,,A 3D Cutaneous Neurofibroma Model for Automated High-Throughput Drug Screenings,,Illumina NovaSeq 6000,IlluminaNovaSeq6000,inward,,StemPro,,RNASeqTemplate,,Smart-seq2,,RNA-seq,RNASeq,Homo sapiens,,NTAP,,No,,Cutaneous Neurofibroma Initiative,,skin,,1,,reverse,,No,,No,,Yes,,4,,Flash frozen,,,,,,,,,,,,,,,,,,,,,,,,,,,,,,,,,,,,,,,,,,,,,,,,,,,,,,cNFOrganoid,,,,,,,,,,,,,,,,,,,,,,,,,,,,,,,,,,,
12_S12_L003_R2_001.fastq.gz,12_S12_L003_R2_001.fastq.gz,raw,,geneExpression,,fastq,,NF0007,,experimentalData,,NF0007-2 S,,syn11374354,,Cutaneous Neurofibroma,,-/-,,+/+,,pairedEnd,PairedEnd,Neurofibromatosis type 1,,A 3D Cutaneous Neurofibroma Model for Automated High-Throughput Drug Screenings,,Illumina NovaSeq 6000,IlluminaNovaSeq6000,inward,,StemPro,,RNASeqTemplate,,Smart-seq2,,RNA-seq,RNASeq,Homo sapiens,,NTAP,,No,,Cutaneous Neurofibroma Initiative,,skin,,2,,reverse,,No,,No,,Yes,,4,,Flash frozen,,,,,,,,,,,,,,,,,,,,,,,,,,,,,,,,,,,,,,,,,,,,,,,,,,,,,,cNFOrganoid,,,,,,,,,,,,,,,,,,,,,,,,,,,,,,,,,,,
13_S13_L001_R1_001.fastq.gz,13_S13_L001_R1_001.fastq.gz,raw,,geneExpression,,fastq,,NF0007,,experimentalData,,NF0007-2-S+C,,syn11374354,,Cutaneous Neurofibroma,,-/-,,+/+,,pairedEnd,PairedEnd,Neurofibromatosis type 1,,A 3D Cutaneous Neurofibroma Model for Automated High-Throughput Drug Screenings,,Illumina NovaSeq 6000,IlluminaNovaSeq6000,inward,,"Cytokines,StemPro",,RNASeqTemplate,,Smart-seq2,,RNA-seq,RNASeq,Homo sapiens,,NTAP,,No,,Cutaneous Neurofibroma Initiative,,skin,,1,,reverse,,No,,No,,Yes,,4,,Flash frozen,,,,,,,,,,,,,,,,,,,,,,,,,,,,,,,,,,,,,,,,,,,,,,,,,,,,,,cNFOrganoid,,,,,,,,,,,,,,,,,,,,,,,,,,,,,,,,,,,
13_S13_L001_R2_001.fastq.gz,13_S13_L001_R2_001.fastq.gz,raw,,geneExpression,,fastq,,NF0007,,experimentalData,,NF0007-2-S+C,,syn11374354,,Cutaneous Neurofibroma,,-/-,,+/+,,pairedEnd,PairedEnd,Neurofibromatosis type 1,,A 3D Cutaneous Neurofibroma Model for Automated High-Throughput Drug Screenings,,Illumina NovaSeq 6000,IlluminaNovaSeq6000,inward,,"Cytokines,StemPro",,RNASeqTemplate,,Smart-seq2,,RNA-seq,RNASeq,Homo sapiens,,NTAP,,No,,Cutaneous Neurofibroma Initiative,,skin,,2,,reverse,,No,,No,,Yes,,4,,Flash frozen,,,,,,,,,,,,,,,,,,,,,,,,,,,,,,,,,,,,,,,,,,,,,,,,,,,,,,cNFOrganoid,,,,,,,,,,,,,,,,,,,,,,,,,,,,,,,,,,,
13_S13_L002_R1_001.fastq.gz,13_S13_L002_R1_001.fastq.gz,raw,,geneExpression,,fastq,,NF0007,,experimentalData,,NF0007-2-S+C,,syn11374354,,Cutaneous Neurofibroma,,-/-,,+/+,,pairedEnd,PairedEnd,Neurofibromatosis type 1,,A 3D Cutaneous Neurofibroma Model for Automated High-Throughput Drug Screenings,,Illumina NovaSeq 6000,IlluminaNovaSeq6000,inward,,"Cytokines,StemPro",,RNASeqTemplate,,Smart-seq2,,RNA-seq,RNASeq,Homo sapiens,,NTAP,,No,,Cutaneous Neurofibroma Initiative,,skin,,1,,reverse,,No,,No,,Yes,,4,,Flash frozen,,,,,,,,,,,,,,,,,,,,,,,,,,,,,,,,,,,,,,,,,,,,,,,,,,,,,,cNFOrganoid,,,,,,,,,,,,,,,,,,,,,,,,,,,,,,,,,,,
13_S13_L002_R2_001.fastq.gz,13_S13_L002_R2_001.fastq.gz,raw,,geneExpression,,fastq,,NF0007,,experimentalData,,NF0007-2-S+C,,syn11374354,,Cutaneous Neurofibroma,,-/-,,+/+,,pairedEnd,PairedEnd,Neurofibromatosis type 1,,A 3D Cutaneous Neurofibroma Model for Automated High-Throughput Drug Screenings,,Illumina NovaSeq 6000,IlluminaNovaSeq6000,inward,,"Cytokines,StemPro",,RNASeqTemplate,,Smart-seq2,,RNA-seq,RNASeq,Homo sapiens,,NTAP,,No,,Cutaneous Neurofibroma Initiative,,skin,,2,,reverse,,No,,No,,Yes,,4,,Flash frozen,,,,,,,,,,,,,,,,,,,,,,,,,,,,,,,,,,,,,,,,,,,,,,,,,,,,,,cNFOrganoid,,,,,,,,,,,,,,,,,,,,,,,,,,,,,,,,,,,
13_S13_L003_R1_001.fastq.gz,13_S13_L003_R1_001.fastq.gz,raw,,geneExpression,,fastq,,NF0007,,experimentalData,,NF0007-2-S+C,,syn11374354,,Cutaneous Neurofibroma,,-/-,,+/+,,pairedEnd,PairedEnd,Neurofibromatosis type 1,,A 3D Cutaneous Neurofibroma Model for Automated High-Throughput Drug Screenings,,Illumina NovaSeq 6000,IlluminaNovaSeq6000,inward,,"Cytokines,StemPro",,RNASeqTemplate,,Smart-seq2,,RNA-seq,RNASeq,Homo sapiens,,NTAP,,No,,Cutaneous Neurofibroma Initiative,,skin,,1,,reverse,,No,,No,,Yes,,4,,Flash frozen,,,,,,,,,,,,,,,,,,,,,,,,,,,,,,,,,,,,,,,,,,,,,,,,,,,,,,cNFOrganoid,,,,,,,,,,,,,,,,,,,,,,,,,,,,,,,,,,,
13_S13_L003_R2_001.fastq.gz,13_S13_L003_R2_001.fastq.gz,raw,,geneExpression,,fastq,,NF0007,,experimentalData,,NF0007-2-S+C,,syn11374354,,Cutaneous Neurofibroma,,-/-,,+/+,,pairedEnd,PairedEnd,Neurofibromatosis type 1,,A 3D Cutaneous Neurofibroma Model for Automated High-Throughput Drug Screenings,,Illumina NovaSeq 6000,IlluminaNovaSeq6000,inward,,"Cytokines,StemPro",,RNASeqTemplate,,Smart-seq2,,RNA-seq,RNASeq,Homo sapiens,,NTAP,,No,,Cutaneous Neurofibroma Initiative,,skin,,2,,reverse,,No,,No,,Yes,,4,,Flash frozen,,,,,,,,,,,,,,,,,,,,,,,,,,,,,,,,,,,,,,,,,,,,,,,,,,,,,,cNFOrganoid,,,,,,,,,,,,,,,,,,,,,,,,,,,,,,,,,,,
14_S14_L001_R1_001.fastq.gz,14_S14_L001_R1_001.fastq.gz,raw,,geneExpression,,fastq,,NF0007,,experimentalData,,NF0007-2-S+C+F,,syn11374354,,Cutaneous Neurofibroma,,-/-,,+/+,,pairedEnd,,Neurofibromatosis type 1,,A 3D Cutaneous Neurofibroma Model for Automated High-Throughput Drug Screenings,,Illumina NovaSeq 6000,,inward,,"Cytokines,Forskoline,StemPro",,RNASeqTemplate,,Smart-seq2,,RNA-seq,,Homo sapiens,,NTAP,,No,,Cutaneous Neurofibroma Initiative,,skin,,1,,reverse,,No,,No,,Yes,,4,,Flash frozen,,,,,,,,,,,,,,,,,,,,,,,,,,,,,,,,,,,,,,,,,,,,,,,,,,,,,,,,,,,,,,,,,,,,,,,,,,,,,,,,,,,,,,,,,
14_S14_L001_R2_001.fastq.gz,14_S14_L001_R2_001.fastq.gz,raw,,geneExpression,,fastq,,NF0007,,experimentalData,,NF0007-2-S+C+F,,syn11374354,,Cutaneous Neurofibroma,,-/-,,+/+,,pairedEnd,,Neurofibromatosis type 1,,A 3D Cutaneous Neurofibroma Model for Automated High-Throughput Drug Screenings,,Illumina NovaSeq 6000,,inward,,"Cytokines,Forskoline,StemPro",,RNASeqTemplate,,Smart-seq2,,RNA-seq,,Homo sapiens,,NTAP,,No,,Cutaneous Neurofibroma Initiative,,skin,,2,,reverse,,No,,No,,Yes,,4,,Flash frozen,,,,,,,,,,,,,,,,,,,,,,,,,,,,,,,,,,,,,,,,,,,,,,,,,,,,,,,,,,,,,,,,,,,,,,,,,,,,,,,,,,,,,,,,,
14_S14_L002_R1_001.fastq.gz,14_S14_L002_R1_001.fastq.gz,raw,,geneExpression,,fastq,,NF0007,,experimentalData,,NF0007-2-S+C+F,,syn11374354,,Cutaneous Neurofibroma,,-/-,,+/+,,pairedEnd,,Neurofibromatosis type 1,,A 3D Cutaneous Neurofibroma Model for Automated High-Throughput Drug Screenings,,Illumina NovaSeq 6000,,inward,,"Cytokines,Forskoline,StemPro",,RNASeqTemplate,,Smart-seq2,,RNA-seq,,Homo sapiens,,NTAP,,No,,Cutaneous Neurofibroma Initiative,,skin,,1,,reverse,,No,,No,,Yes,,4,,Flash frozen,,,,,,,,,,,,,,,,,,,,,,,,,,,,,,,,,,,,,,,,,,,,,,,,,,,,,,,,,,,,,,,,,,,,,,,,,,,,,,,,,,,,,,,,,
14_S14_L002_R2_001.fastq.gz,14_S14_L002_R2_001.fastq.gz,raw,,geneExpression,,fastq,,NF0007,,experimentalData,,NF0007-2-S+C+F,,syn11374354,,Cutaneous Neurofibroma,,-/-,,+/+,,pairedEnd,,Neurofibromatosis type 1,,A 3D Cutaneous Neurofibroma Model for Automated High-Throughput Drug Screenings,,Illumina NovaSeq 6000,,inward,,"Cytokines,Forskoline,StemPro",,RNASeqTemplate,,Smart-seq2,,RNA-seq,,Homo sapiens,,NTAP,,No,,Cutaneous Neurofibroma Initiative,,skin,,2,,reverse,,No,,No,,Yes,,4,,Flash frozen,,,,,,,,,,,,,,,,,,,,,,,,,,,,,,,,,,,,,,,,,,,,,,,,,,,,,,,,,,,,,,,,,,,,,,,,,,,,,,,,,,,,,,,,,
14_S14_L003_R1_001.fastq.gz,14_S14_L003_R1_001.fastq.gz,raw,,geneExpression,,fastq,,NF0007,,experimentalData,,NF0007-2-S+C+F,,syn11374354,,Cutaneous Neurofibroma,,-/-,,+/+,,pairedEnd,,Neurofibromatosis type 1,,A 3D Cutaneous Neurofibroma Model for Automated High-Throughput Drug Screenings,,Illumina NovaSeq 6000,,inward,,"Cytokines,Forskoline,StemPro",,RNASeqTemplate,,Smart-seq2,,RNA-seq,,Homo sapiens,,NTAP,,No,,Cutaneous Neurofibroma Initiative,,skin,,1,,reverse,,No,,No,,Yes,,4,,Flash frozen,,,,,,,,,,,,,,,,,,,,,,,,,,,,,,,,,,,,,,,,,,,,,,,,,,,,,,,,,,,,,,,,,,,,,,,,,,,,,,,,,,,,,,,,,
14_S14_L003_R2_001.fastq.gz,14_S14_L003_R2_001.fastq.gz,raw,,geneExpression,,fastq,,NF0007,,experimentalData,,NF0007-2-S+C+F,,syn11374354,,Cutaneous Neurofibroma,,-/-,,+/+,,pairedEnd,,Neurofibromatosis type 1,,A 3D Cutaneous Neurofibroma Model for Automated High-Throughput Drug Screenings,,Illumina NovaSeq 6000,,inward,,"Cytokines,Forskoline,StemPro",,RNASeqTemplate,,Smart-seq2,,RNA-seq,,Homo sapiens,,NTAP,,No,,Cutaneous Neurofibroma Initiative,,skin,,2,,reverse,,No,,No,,Yes,,4,,Flash frozen,,,,,,,,,,,,,,,,,,,,,,,,,,,,,,,,,,,,,,,,,,,,,,,,,,,,,,,,,,,,,,,,,,,,,,,,,,,,,,,,,,,,,,,,,
15_S15_L001_R1_001.fastq.gz,15_S15_L001_R1_001.fastq.gz,raw,,geneExpression,,fastq,,NF0007,,experimentalData,,NF0007-4-M,,syn11374354,,Cutaneous Neurofibroma,,-/-,,+/+,,pairedEnd,,Neurofibromatosis type 1,,A 3D Cutaneous Neurofibroma Model for Automated High-Throughput Drug Screenings,,Illumina NovaSeq 6000,,inward,,Mammo,,RNASeqTemplate,,Smart-seq2,,RNA-seq,,Homo sapiens,,NTAP,,No,,Cutaneous Neurofibroma Initiative,,skin,,1,,reverse,,No,,No,,Yes,,4,,Flash frozen,,,,,,,,,,,,,,,,,,,,,,,,,,,,,,,,,,,,,,,,,,,,,,,,,,,,,,,,,,,,,,,,,,,,,,,,,,,,,,,,,,,,,,,,,
15_S15_L001_R2_001.fastq.gz,15_S15_L001_R2_001.fastq.gz,raw,,geneExpression,,fastq,,NF0007,,experimentalData,,NF0007-4-M,,syn11374354,,Cutaneous Neurofibroma,,-/-,,+/+,,pairedEnd,,Neurofibromatosis type 1,,A 3D Cutaneous Neurofibroma Model for Automated High-Throughput Drug Screenings,,Illumina NovaSeq 6000,,inward,,Mammo,,RNASeqTemplate,,Smart-seq2,,RNA-seq,,Homo sapiens,,NTAP,,No,,Cutaneous Neurofibroma Initiative,,skin,,2,,reverse,,No,,No,,Yes,,4,,Flash frozen,,,,,,,,,,,,,,,,,,,,,,,,,,,,,,,,,,,,,,,,,,,,,,,,,,,,,,,,,,,,,,,,,,,,,,,,,,,,,,,,,,,,,,,,,
15_S15_L002_R1_001.fastq.gz,15_S15_L002_R1_001.fastq.gz,raw,,geneExpression,,fastq,,NF0007,,experimentalData,,NF0007-4-M,,syn11374354,,Cutaneous Neurofibroma,,-/-,,+/+,,pairedEnd,,Neurofibromatosis type 1,,A 3D Cutaneous Neurofibroma Model for Automated High-Throughput Drug Screenings,,Illumina NovaSeq 6000,,inward,,Mammo,,RNASeqTemplate,,Smart-seq2,,RNA-seq,,Homo sapiens,,NTAP,,No,,Cutaneous Neurofibroma Initiative,,skin,,1,,reverse,,No,,No,,Yes,,4,,Flash frozen,,,,,,,,,,,,,,,,,,,,,,,,,,,,,,,,,,,,,,,,,,,,,,,,,,,,,,,,,,,,,,,,,,,,,,,,,,,,,,,,,,,,,,,,,
15_S15_L002_R2_001.fastq.gz,15_S15_L002_R2_001.fastq.gz,raw,,geneExpression,,fastq,,NF0007,,experimentalData,,NF0007-4-M,,syn11374354,,Cutaneous Neurofibroma,,-/-,,+/+,,pairedEnd,,Neurofibromatosis type 1,,A 3D Cutaneous Neurofibroma Model for Automated High-Throughput Drug Screenings,,Illumina NovaSeq 6000,,inward,,Mammo,,RNASeqTemplate,,Smart-seq2,,RNA-seq,,Homo sapiens,,NTAP,,No,,Cutaneous Neurofibroma Initiative,,skin,,2,,reverse,,No,,No,,Yes,,4,,Flash frozen,,,,,,,,,,,,,,,,,,,,,,,,,,,,,,,,,,,,,,,,,,,,,,,,,,,,,,,,,,,,,,,,,,,,,,,,,,,,,,,,,,,,,,,,,
15_S15_L003_R1_001.fastq.gz,15_S15_L003_R1_001.fastq.gz,raw,,geneExpression,,fastq,,NF0007,,experimentalData,,NF0007-4-M,,syn11374354,,Cutaneous Neurofibroma,,-/-,,+/+,,pairedEnd,,Neurofibromatosis type 1,,A 3D Cutaneous Neurofibroma Model for Automated High-Throughput Drug Screenings,,Illumina NovaSeq 6000,,inward,,Mammo,,RNASeqTemplate,,Smart-seq2,,RNA-seq,,Homo sapiens,,NTAP,,No,,Cutaneous Neurofibroma Initiative,,skin,,1,,reverse,,No,,No,,Yes,,4,,Flash frozen,,,,,,,,,,,,,,,,,,,,,,,,,,,,,,,,,,,,,,,,,,,,,,,,,,,,,,,,,,,,,,,,,,,,,,,,,,,,,,,,,,,,,,,,,
15_S15_L003_R2_001.fastq.gz,15_S15_L003_R2_001.fastq.gz,raw,,geneExpression,,fastq,,NF0007,,experimentalData,,NF0007-4-M,,syn11374354,,Cutaneous Neurofibroma,,-/-,,+/+,,pairedEnd,,Neurofibromatosis type 1,,A 3D Cutaneous Neurofibroma Model for Automated High-Throughput Drug Screenings,,Illumina NovaSeq 6000,,inward,,Mammo,,RNASeqTemplate,,Smart-seq2,,RNA-seq,,Homo sapiens,,NTAP,,No,,Cutaneous Neurofibroma Initiative,,skin,,2,,reverse,,No,,No,,Yes,,4,,Flash frozen,,,,,,,,,,,,,,,,,,,,,,,,,,,,,,,,,,,,,,,,,,,,,,,,,,,,,,,,,,,,,,,,,,,,,,,,,,,,,,,,,,,,,,,,,
16_S16_L001_R1_001.fastq.gz,16_S16_L001_R1_001.fastq.gz,raw,,geneExpression,,fastq,,NF0007,,experimentalData,,NF0007-4-M+C,,syn11374354,,Cutaneous Neurofibroma,,-/-,,+/+,,pairedEnd,,Neurofibromatosis type 1,,A 3D Cutaneous Neurofibroma Model for Automated High-Throughput Drug Screenings,,Illumina NovaSeq 6000,,inward,,"Cytokines,Mammo",,RNASeqTemplate,,Smart-seq2,,RNA-seq,,Homo sapiens,,NTAP,,No,,Cutaneous Neurofibroma Initiative,,skin,,1,,reverse,,No,,No,,Yes,,4,,Flash frozen,,,,,,,,,,,,,,,,,,,,,,,,,,,,,,,,,,,,,,,,,,,,,,,,,,,,,,,,,,,,,,,,,,,,,,,,,,,,,,,,,,,,,,,,,
16_S16_L001_R2_001.fastq.gz,16_S16_L001_R2_001.fastq.gz,raw,,geneExpression,,fastq,,NF0007,,experimentalData,,NF0007-4-M+C,,syn11374354,,Cutaneous Neurofibroma,,-/-,,+/+,,pairedEnd,,Neurofibromatosis type 1,,A 3D Cutaneous Neurofibroma Model for Automated High-Throughput Drug Screenings,,Illumina NovaSeq 6000,,inward,,"Cytokines,Mammo",,RNASeqTemplate,,Smart-seq2,,RNA-seq,,Homo sapiens,,NTAP,,No,,Cutaneous Neurofibroma Initiative,,skin,,2,,reverse,,No,,No,,Yes,,4,,Flash frozen,,,,,,,,,,,,,,,,,,,,,,,,,,,,,,,,,,,,,,,,,,,,,,,,,,,,,,,,,,,,,,,,,,,,,,,,,,,,,,,,,,,,,,,,,
16_S16_L002_R1_001.fastq.gz,16_S16_L002_R1_001.fastq.gz,raw,,geneExpression,,fastq,,NF0007,,experimentalData,,NF0007-4-M+C,,syn11374354,,Cutaneous Neurofibroma,,-/-,,+/+,,pairedEnd,,Neurofibromatosis type 1,,A 3D Cutaneous Neurofibroma Model for Automated High-Throughput Drug Screenings,,Illumina NovaSeq 6000,,inward,,"Cytokines,Mammo",,RNASeqTemplate,,Smart-seq2,,RNA-seq,,Homo sapiens,,NTAP,,No,,Cutaneous Neurofibroma Initiative,,skin,,1,,reverse,,No,,No,,Yes,,4,,Flash frozen,,,,,,,,,,,,,,,,,,,,,,,,,,,,,,,,,,,,,,,,,,,,,,,,,,,,,,,,,,,,,,,,,,,,,,,,,,,,,,,,,,,,,,,,,
16_S16_L002_R2_001.fastq.gz,16_S16_L002_R2_001.fastq.gz,raw,,geneExpression,,fastq,,NF0007,,experimentalData,,NF0007-4-M+C,,syn11374354,,Cutaneous Neurofibroma,,-/-,,+/+,,pairedEnd,,Neurofibromatosis type 1,,A 3D Cutaneous Neurofibroma Model for Automated High-Throughput Drug Screenings,,Illumina NovaSeq 6000,,inward,,"Cytokines,Mammo",,RNASeqTemplate,,Smart-seq2,,RNA-seq,,Homo sapiens,,NTAP,,No,,Cutaneous Neurofibroma Initiative,,skin,,2,,reverse,,No,,No,,Yes,,4,,Flash frozen,,,,,,,,,,,,,,,,,,,,,,,,,,,,,,,,,,,,,,,,,,,,,,,,,,,,,,,,,,,,,,,,,,,,,,,,,,,,,,,,,,,,,,,,,
16_S16_L003_R1_001.fastq.gz,16_S16_L003_R1_001.fastq.gz,raw,,geneExpression,,fastq,,NF0007,,experimentalData,,NF0007-4-M+C,,syn11374354,,Cutaneous Neurofibroma,,-/-,,+/+,,pairedEnd,,Neurofibromatosis type 1,,A 3D Cutaneous Neurofibroma Model for Automated High-Throughput Drug Screenings,,Illumina NovaSeq 6000,,inward,,"Cytokines,Mammo",,RNASeqTemplate,,Smart-seq2,,RNA-seq,,Homo sapiens,,NTAP,,No,,Cutaneous Neurofibroma Initiative,,skin,,1,,reverse,,No,,No,,Yes,,4,,Flash frozen,,,,,,,,,,,,,,,,,,,,,,,,,,,,,,,,,,,,,,,,,,,,,,,,,,,,,,,,,,,,,,,,,,,,,,,,,,,,,,,,,,,,,,,,,
16_S16_L003_R2_001.fastq.gz,16_S16_L003_R2_001.fastq.gz,raw,,geneExpression,,fastq,,NF0007,,experimentalData,,NF0007-4-M+C,,syn11374354,,Cutaneous Neurofibroma,,-/-,,+/+,,pairedEnd,,Neurofibromatosis type 1,,A 3D Cutaneous Neurofibroma Model for Automated High-Throughput Drug Screenings,,Illumina NovaSeq 6000,,inward,,"Cytokines,Mammo",,RNASeqTemplate,,Smart-seq2,,RNA-seq,,Homo sapiens,,NTAP,,No,,Cutaneous Neurofibroma Initiative,,skin,,2,,reverse,,No,,No,,Yes,,4,,Flash frozen,,,,,,,,,,,,,,,,,,,,,,,,,,,,,,,,,,,,,,,,,,,,,,,,,,,,,,,,,,,,,,,,,,,,,,,,,,,,,,,,,,,,,,,,,
17_S17_L001_R1_001.fastq.gz,17_S17_L001_R1_001.fastq.gz,raw,,geneExpression,,fastq,,NF0007,,experimentalData,,NF0007-4-M+C+F,,syn11374354,,Cutaneous Neurofibroma,,-/-,,+/+,,pairedEnd,,Neurofibromatosis type 1,,A 3D Cutaneous Neurofibroma Model for Automated High-Throughput Drug Screenings,,Illumina NovaSeq 6000,,inward,,"Cytokines,Forskoline,Mammo",,RNASeqTemplate,,Smart-seq2,,RNA-seq,,Homo sapiens,,NTAP,,No,,Cutaneous Neurofibroma Initiative,,skin,,1,,reverse,,No,,No,,Yes,,4,,Flash frozen,,,,,,,,,,,,,,,,,,,,,,,,,,,,,,,,,,,,,,,,,,,,,,,,,,,,,,,,,,,,,,,,,,,,,,,,,,,,,,,,,,,,,,,,,
17_S17_L001_R2_001.fastq.gz,17_S17_L001_R2_001.fastq.gz,raw,,geneExpression,,fastq,,NF0007,,experimentalData,,NF0007-4-M+C+F,,syn11374354,,Cutaneous Neurofibroma,,-/-,,+/+,,pairedEnd,,Neurofibromatosis type 1,,A 3D Cutaneous Neurofibroma Model for Automated High-Throughput Drug Screenings,,Illumina NovaSeq 6000,,inward,,"Cytokines,Forskoline,Mammo",,RNASeqTemplate,,Smart-seq2,,RNA-seq,,Homo sapiens,,NTAP,,No,,Cutaneous Neurofibroma Initiative,,skin,,2,,reverse,,No,,No,,Yes,,4,,Flash frozen,,,,,,,,,,,,,,,,,,,,,,,,,,,,,,,,,,,,,,,,,,,,,,,,,,,,,,,,,,,,,,,,,,,,,,,,,,,,,,,,,,,,,,,,,
17_S17_L002_R1_001.fastq.gz,17_S17_L002_R1_001.fastq.gz,raw,,geneExpression,,fastq,,NF0007,,experimentalData,,NF0007-4-M+C+F,,syn11374354,,Cutaneous Neurofibroma,,-/-,,+/+,,pairedEnd,,Neurofibromatosis type 1,,A 3D Cutaneous Neurofibroma Model for Automated High-Throughput Drug Screenings,,Illumina NovaSeq 6000,,inward,,"Cytokines,Forskoline,Mammo",,RNASeqTemplate,,Smart-seq2,,RNA-seq,,Homo sapiens,,NTAP,,No,,Cutaneous Neurofibroma Initiative,,skin,,1,,reverse,,No,,No,,Yes,,4,,Flash frozen,,,,,,,,,,,,,,,,,,,,,,,,,,,,,,,,,,,,,,,,,,,,,,,,,,,,,,,,,,,,,,,,,,,,,,,,,,,,,,,,,,,,,,,,,
17_S17_L002_R2_001.fastq.gz,17_S17_L002_R2_001.fastq.gz,raw,,geneExpression,,fastq,,NF0007,,experimentalData,,NF0007-4-M+C+F,,syn11374354,,Cutaneous Neurofibroma,,-/-,,+/+,,pairedEnd,,Neurofibromatosis type 1,,A 3D Cutaneous Neurofibroma Model for Automated High-Throughput Drug Screenings,,Illumina NovaSeq 6000,,inward,,"Cytokines,Forskoline,Mammo",,RNASeqTemplate,,Smart-seq2,,RNA-seq,,Homo sapiens,,NTAP,,No,,Cutaneous Neurofibroma Initiative,,skin,,2,,reverse,,No,,No,,Yes,,4,,Flash frozen,,,,,,,,,,,,,,,,,,,,,,,,,,,,,,,,,,,,,,,,,,,,,,,,,,,,,,,,,,,,,,,,,,,,,,,,,,,,,,,,,,,,,,,,,
17_S17_L003_R1_001.fastq.gz,17_S17_L003_R1_001.fastq.gz,raw,,geneExpression,,fastq,,NF0007,,experimentalData,,NF0007-4-M+C+F,,syn11374354,,Cutaneous Neurofibroma,,-/-,,+/+,,pairedEnd,,Neurofibromatosis type 1,,A 3D Cutaneous Neurofibroma Model for Automated High-Throughput Drug Screenings,,Illumina NovaSeq 6000,,inward,,"Cytokines,Forskoline,Mammo",,RNASeqTemplate,,Smart-seq2,,RNA-seq,,Homo sapiens,,NTAP,,No,,Cutaneous Neurofibroma Initiative,,skin,,1,,reverse,,No,,No,,Yes,,4,,Flash frozen,,,,,,,,,,,,,,,,,,,,,,,,,,,,,,,,,,,,,,,,,,,,,,,,,,,,,,,,,,,,,,,,,,,,,,,,,,,,,,,,,,,,,,,,,
17_S17_L003_R2_001.fastq.gz,17_S17_L003_R2_001.fastq.gz,raw,,geneExpression,,fastq,,NF0007,,experimentalData,,NF0007-4-M+C+F,,syn11374354,,Cutaneous Neurofibroma,,-/-,,+/+,,pairedEnd,,Neurofibromatosis type 1,,A 3D Cutaneous Neurofibroma Model for Automated High-Throughput Drug Screenings,,Illumina NovaSeq 6000,,inward,,"Cytokines,Forskoline,Mammo",,RNASeqTemplate,,Smart-seq2,,RNA-seq,,Homo sapiens,,NTAP,,No,,Cutaneous Neurofibroma Initiative,,skin,,2,,reverse,,No,,No,,Yes,,4,,Flash frozen,,,,,,,,,,,,,,,,,,,,,,,,,,,,,,,,,,,,,,,,,,,,,,,,,,,,,,,,,,,,,,,,,,,,,,,,,,,,,,,,,,,,,,,,,
18_S18_L001_R1_001.fastq.gz,18_S18_L001_R1_001.fastq.gz,raw,,geneExpression,,fastq,,NF0007,,experimentalData,,NF0007-4 D,,syn11374354,,Cutaneous Neurofibroma,,-/-,,+/+,,pairedEnd,,Neurofibromatosis type 1,,A 3D Cutaneous Neurofibroma Model for Automated High-Throughput Drug Screenings,,Illumina NovaSeq 6000,,inward,,DMEM,,RNASeqTemplate,,Smart-seq2,,RNA-seq,,Homo sapiens,,NTAP,,No,,Cutaneous Neurofibroma Initiative,,skin,,1,,reverse,,No,,No,,Yes,,4,,Flash frozen,,,,,,,,,,,,,,,,,,,,,,,,,,,,,,,,,,,,,,,,,,,,,,,,,,,,,,,,,,,,,,,,,,,,,,,,,,,,,,,,,,,,,,,,,
18_S18_L001_R2_001.fastq.gz,18_S18_L001_R2_001.fastq.gz,raw,,geneExpression,,fastq,,NF0007,,experimentalData,,NF0007-4 D,,syn11374354,,Cutaneous Neurofibroma,,-/-,,+/+,,pairedEnd,,Neurofibromatosis type 1,,A 3D Cutaneous Neurofibroma Model for Automated High-Throughput Drug Screenings,,Illumina NovaSeq 6000,,inward,,DMEM,,RNASeqTemplate,,Smart-seq2,,RNA-seq,,Homo sapiens,,NTAP,,No,,Cutaneous Neurofibroma Initiative,,skin,,2,,reverse,,No,,No,,Yes,,4,,Flash frozen,,,,,,,,,,,,,,,,,,,,,,,,,,,,,,,,,,,,,,,,,,,,,,,,,,,,,,,,,,,,,,,,,,,,,,,,,,,,,,,,,,,,,,,,,
18_S18_L002_R1_001.fastq.gz,18_S18_L002_R1_001.fastq.gz,raw,,geneExpression,,fastq,,NF0007,,experimentalData,,NF0007-4 D,,syn11374354,,Cutaneous Neurofibroma,,-/-,,+/+,,pairedEnd,,Neurofibromatosis type 1,,A 3D Cutaneous Neurofibroma Model for Automated High-Throughput Drug Screenings,,Illumina NovaSeq 6000,,inward,,DMEM,,RNASeqTemplate,,Smart-seq2,,RNA-seq,,Homo sapiens,,NTAP,,No,,Cutaneous Neurofibroma Initiative,,skin,,1,,reverse,,No,,No,,Yes,,4,,Flash frozen,,,,,,,,,,,,,,,,,,,,,,,,,,,,,,,,,,,,,,,,,,,,,,,,,,,,,,,,,,,,,,,,,,,,,,,,,,,,,,,,,,,,,,,,,
18_S18_L002_R2_001.fastq.gz,18_S18_L002_R2_001.fastq.gz,raw,,geneExpression,,fastq,,NF0007,,experimentalData,,NF0007-4 D,,syn11374354,,Cutaneous Neurofibroma,,-/-,,+/+,,pairedEnd,,Neurofibromatosis type 1,,A 3D Cutaneous Neurofibroma Model for Automated High-Throughput Drug Screenings,,Illumina NovaSeq 6000,,inward,,DMEM,,RNASeqTemplate,,Smart-seq2,,RNA-seq,,Homo sapiens,,NTAP,,No,,Cutaneous Neurofibroma Initiative,,skin,,2,,reverse,,No,,No,,Yes,,4,,Flash frozen,,,,,,,,,,,,,,,,,,,,,,,,,,,,,,,,,,,,,,,,,,,,,,,,,,,,,,,,,,,,,,,,,,,,,,,,,,,,,,,,,,,,,,,,,
18_S18_L003_R1_001.fastq.gz,18_S18_L003_R1_001.fastq.gz,raw,,geneExpression,,fastq,,NF0007,,experimentalData,,NF0007-4 D,,syn11374354,,Cutaneous Neurofibroma,,-/-,,+/+,,pairedEnd,,Neurofibromatosis type 1,,A 3D Cutaneous Neurofibroma Model for Automated High-Throughput Drug Screenings,,Illumina NovaSeq 6000,,inward,,DMEM,,RNASeqTemplate,,Smart-seq2,,RNA-seq,,Homo sapiens,,NTAP,,No,,Cutaneous Neurofibroma Initiative,,skin,,1,,reverse,,No,,No,,Yes,,4,,Flash frozen,,,,,,,,,,,,,,,,,,,,,,,,,,,,,,,,,,,,,,,,,,,,,,,,,,,,,,,,,,,,,,,,,,,,,,,,,,,,,,,,,,,,,,,,,
18_S18_L003_R2_001.fastq.gz,18_S18_L003_R2_001.fastq.gz,raw,,geneExpression,,fastq,,NF0007,,experimentalData,,NF0007-4 D,,syn11374354,,Cutaneous Neurofibroma,,-/-,,+/+,,pairedEnd,,Neurofibromatosis type 1,,A 3D Cutaneous Neurofibroma Model for Automated High-Throughput Drug Screenings,,Illumina NovaSeq 6000,,inward,,DMEM,,RNASeqTemplate,,Smart-seq2,,RNA-seq,,Homo sapiens,,NTAP,,No,,Cutaneous Neurofibroma Initiative,,skin,,2,,reverse,,No,,No,,Yes,,4,,Flash frozen,,,,,,,,,,,,,,,,,,,,,,,,,,,,,,,,,,,,,,,,,,,,,,,,,,,,,,,,,,,,,,,,,,,,,,,,,,,,,,,,,,,,,,,,,
19_S19_L001_R1_001.fastq.gz,19_S19_L001_R1_001.fastq.gz,raw,,geneExpression,,fastq,,NF0007,,experimentalData,,NF0007-4-D+C,,syn11374354,,Cutaneous Neurofibroma,,-/-,,+/+,,pairedEnd,,Neurofibromatosis type 1,,A 3D Cutaneous Neurofibroma Model for Automated High-Throughput Drug Screenings,,Illumina NovaSeq 6000,,inward,,"Cytokines,DMEM",,RNASeqTemplate,,Smart-seq2,,RNA-seq,,Homo sapiens,,NTAP,,No,,Cutaneous Neurofibroma Initiative,,skin,,1,,reverse,,No,,No,,Yes,,4,,Flash frozen,,,,,,,,,,,,,,,,,,,,,,,,,,,,,,,,,,,,,,,,,,,,,,,,,,,,,,,,,,,,,,,,,,,,,,,,,,,,,,,,,,,,,,,,,
19_S19_L001_R2_001.fastq.gz,19_S19_L001_R2_001.fastq.gz,raw,,geneExpression,,fastq,,NF0007,,experimentalData,,NF0007-4-D+C,,syn11374354,,Cutaneous Neurofibroma,,-/-,,+/+,,pairedEnd,,Neurofibromatosis type 1,,A 3D Cutaneous Neurofibroma Model for Automated High-Throughput Drug Screenings,,Illumina NovaSeq 6000,,inward,,"Cytokines,DMEM",,RNASeqTemplate,,Smart-seq2,,RNA-seq,,Homo sapiens,,NTAP,,No,,Cutaneous Neurofibroma Initiative,,skin,,2,,reverse,,No,,No,,Yes,,4,,Flash frozen,,,,,,,,,,,,,,,,,,,,,,,,,,,,,,,,,,,,,,,,,,,,,,,,,,,,,,,,,,,,,,,,,,,,,,,,,,,,,,,,,,,,,,,,,
19_S19_L002_R1_001.fastq.gz,19_S19_L002_R1_001.fastq.gz,raw,,geneExpression,,fastq,,NF0007,,experimentalData,,NF0007-4-D+C,,syn11374354,,Cutaneous Neurofibroma,,-/-,,+/+,,pairedEnd,,Neurofibromatosis type 1,,A 3D Cutaneous Neurofibroma Model for Automated High-Throughput Drug Screenings,,Illumina NovaSeq 6000,,inward,,"Cytokines,DMEM",,RNASeqTemplate,,Smart-seq2,,RNA-seq,,Homo sapiens,,NTAP,,No,,Cutaneous Neurofibroma Initiative,,skin,,1,,reverse,,No,,No,,Yes,,4,,Flash frozen,,,,,,,,,,,,,,,,,,,,,,,,,,,,,,,,,,,,,,,,,,,,,,,,,,,,,,,,,,,,,,,,,,,,,,,,,,,,,,,,,,,,,,,,,
19_S19_L002_R2_001.fastq.gz,19_S19_L002_R2_001.fastq.gz,raw,,geneExpression,,fastq,,NF0007,,experimentalData,,NF0007-4-D+C,,syn11374354,,Cutaneous Neurofibroma,,-/-,,+/+,,pairedEnd,,Neurofibromatosis type 1,,A 3D Cutaneous Neurofibroma Model for Automated High-Throughput Drug Screenings,,Illumina NovaSeq 6000,,inward,,"Cytokines,DMEM",,RNASeqTemplate,,Smart-seq2,,RNA-seq,,Homo sapiens,,NTAP,,No,,Cutaneous Neurofibroma Initiative,,skin,,2,,reverse,,No,,No,,Yes,,4,,Flash frozen,,,,,,,,,,,,,,,,,,,,,,,,,,,,,,,,,,,,,,,,,,,,,,,,,,,,,,,,,,,,,,,,,,,,,,,,,,,,,,,,,,,,,,,,,
19_S19_L003_R1_001.fastq.gz,19_S19_L003_R1_001.fastq.gz,raw,,geneExpression,,fastq,,NF0007,,experimentalData,,NF0007-4-D+C,,syn11374354,,Cutaneous Neurofibroma,,-/-,,+/+,,pairedEnd,,Neurofibromatosis type 1,,A 3D Cutaneous Neurofibroma Model for Automated High-Throughput Drug Screenings,,Illumina NovaSeq 6000,,inward,,"Cytokines,DMEM",,RNASeqTemplate,,Smart-seq2,,RNA-seq,,Homo sapiens,,NTAP,,No,,Cutaneous Neurofibroma Initiative,,skin,,1,,reverse,,No,,No,,Yes,,4,,Flash frozen,,,,,,,,,,,,,,,,,,,,,,,,,,,,,,,,,,,,,,,,,,,,,,,,,,,,,,,,,,,,,,,,,,,,,,,,,,,,,,,,,,,,,,,,,
19_S19_L003_R2_001.fastq.gz,19_S19_L003_R2_001.fastq.gz,raw,,geneExpression,,fastq,,NF0007,,experimentalData,,NF0007-4-D+C,,syn11374354,,Cutaneous Neurofibroma,,-/-,,+/+,,pairedEnd,,Neurofibromatosis type 1,,A 3D Cutaneous Neurofibroma Model for Automated High-Throughput Drug Screenings,,Illumina NovaSeq 6000,,inward,,"Cytokines,DMEM",,RNASeqTemplate,,Smart-seq2,,RNA-seq,,Homo sapiens,,NTAP,,No,,Cutaneous Neurofibroma Initiative,,skin,,2,,reverse,,No,,No,,Yes,,4,,Flash frozen,,,,,,,,,,,,,,,,,,,,,,,,,,,,,,,,,,,,,,,,,,,,,,,,,,,,,,,,,,,,,,,,,,,,,,,,,,,,,,,,,,,,,,,,,
1_S1_L001_R1_001.fastq.gz,1_S1_L001_R1_001.fastq.gz,raw,Raw,geneExpression,RNAseq,fastq,Gzip,NF0007,,experimentalData,Result,NF0007-2,,syn11374354,,Cutaneous Neurofibroma,,-/-,,+/+,,pairedEnd,,Neurofibromatosis type 1,,A 3D Cutaneous Neurofibroma Model for Automated High-Throughput Drug Screenings,cNF Organoid Platform,Illumina NovaSeq 6000,,inward,,,Patient-derived cNF organoid,RNASeqTemplate,,Smart-seq2,,RNA-seq,,Homo sapiens,Musmusculus,NTAP,,No,,Cutaneous Neurofibroma Initiative,,skin,Skin,1,Read 1,reverse,,No,No,No,No,Yes,,4,,Flash frozen,,,,,,,,,,,,,,,,,,,,,,,,,,,,Mechanical,,,,,,,,,,,,,,,,,,Yes,,No,,,,SecondStranded,,,,,,,,,,,,,,,,,,,,,,,,,,,,,,,,,,STARandSalmon,,,
1_S1_L001_R2_001.fastq.gz,1_S1_L001_R2_001.fastq.gz,raw,Raw,geneExpression,RNAseq,fastq,Gzip,NF0007,,experimentalData,Result,NF0007-2,,syn11374354,,Cutaneous Neurofibroma,,-/-,,+/+,,pairedEnd,,Neurofibromatosis type 1,,A 3D Cutaneous Neurofibroma Model for Automated High-Throughput Drug Screenings,cNF Organoid Platform,Illumina NovaSeq 6000,,inward,,,Patient-derived cNF organoid,RNASeqTemplate,,Smart-seq2,,RNA-seq,,Homo sapiens,Musmusculus,NTAP,,No,,Cutaneous Neurofibroma Initiative,,skin,Skin,2,Read 2,reverse,,No,No,No,No,Yes,,4,,Flash frozen,,,,,,,,,,,,,,,,,,,,,,,,,,,,Mechanical,,,,,,,,,,,,,,,,,,Yes,,No,,,,SecondStranded,,,,,,,,,,,,,,,,,,,,,,,,,,,,,,,,,,STARandSalmon,,,
1_S1_L002_R1_001.fastq.gz,1_S1_L002_R1_001.fastq.gz,raw,Raw,geneExpression,RNAseq,fastq,Gzip,NF0007,,experimentalData,Result,NF0007-2,,syn11374354,,Cutaneous Neurofibroma,,-/-,,+/+,,pairedEnd,,Neurofibromatosis type 1,,A 3D Cutaneous Neurofibroma Model for Automated High-Throughput Drug Screenings,cNF Organoid Platform,Illumina NovaSeq 6000,,inward,,,Patient-derived cNF organoid,RNASeqTemplate,,Smart-seq2,,RNA-seq,,Homo sapiens,Musmusculus,NTAP,,No,,Cutaneous Neurofibroma Initiative,,skin,Skin,1,Read 1,reverse,,No,No,No,No,Yes,,4,,Flash frozen,,,,,,,,,,,,,,,,,,,,,,,,,,,,Mechanical,,,,,,,,,,,,,,,,,,Yes,,No,,,,SecondStranded,,,,,,,,,,,,,,,,,,,,,,,,,,,,,,,,,,STARandSalmon,,,
1_S1_L002_R2_001.fastq.gz,1_S1_L002_R2_001.fastq.gz,raw,Raw,geneExpression,RNAseq,fastq,Gzip,NF0007,,experimentalData,Result,NF0007-2,,syn11374354,,Cutaneous Neurofibroma,,-/-,,+/+,,pairedEnd,,Neurofibromatosis type 1,,A 3D Cutaneous Neurofibroma Model for Automated High-Throughput Drug Screenings,cNF Organoid Platform,Illumina NovaSeq 6000,,inward,,,Patient-derived cNF organoid,RNASeqTemplate,,Smart-seq2,,RNA-seq,,Homo sapiens,Musmusculus,NTAP,,No,,Cutaneous Neurofibroma Initiative,,skin,Skin,2,Read 2,reverse,,No,No,No,No,Yes,,4,,Flash frozen,,,,,,,,,,,,,,,,,,,,,,,,,,,,Mechanical,,,,,,,,,,,,,,,,,,Yes,,No,,,,SecondStranded,,,,,,,,,,,,,,,,,,,,,,,,,,,,,,,,,,STARandSalmon,,,
1_S1_L003_R1_001.fastq.gz,1_S1_L003_R1_001.fastq.gz,raw,Raw,geneExpression,RNAseq,fastq,Gzip,NF0007,,experimentalData,Result,NF0007-2,,syn11374354,,Cutaneous Neurofibroma,,-/-,,+/+,,pairedEnd,,Neurofibromatosis type 1,,A 3D Cutaneous Neurofibroma Model for Automated High-Throughput Drug Screenings,cNF Organoid Platform,Illumina NovaSeq 6000,,inward,,,Patient-derived cNF organoid,RNASeqTemplate,,Smart-seq2,,RNA-seq,,Homo sapiens,Musmusculus,NTAP,,No,,Cutaneous Neurofibroma Initiative,,skin,Skin,1,Read 1,reverse,,No,No,No,No,Yes,,4,,Flash frozen,,,,,,,,,,,,,,,,,,,,,,,,,,,,Mechanical,,,,,,,,,,,,,,,,,,Yes,,No,,,,SecondStranded,,,,,,,,,,,,,,,,,,,,,,,,,,,,,,,,,,STARandSalmon,,,
1_S1_L003_R2_001.fastq.gz,1_S1_L003_R2_001.fastq.gz,raw,Raw,geneExpression,RNAseq,fastq,Gzip,NF0007,,experimentalData,Result,NF0007-2,,syn11374354,,Cutaneous Neurofibroma,,-/-,,+/+,,pairedEnd,,Neurofibromatosis type 1,,A 3D Cutaneous Neurofibroma Model for Automated High-Throughput Drug Screenings,cNF Organoid Platform,Illumina NovaSeq 6000,,inward,,,Patient-derived cNF organoid,RNASeqTemplate,,Smart-seq2,,RNA-seq,,Homo sapiens,Musmusculus,NTAP,,No,,Cutaneous Neurofibroma Initiative,,skin,Skin,2,Read 2,reverse,,No,No,No,No,Yes,,4,,Flash frozen,,,,,,,,,,,,,,,,,,,,,,,,,,,,Mechanical,,,,,,,,,,,,,,,,,,Yes,,No,,,,SecondStranded,,,,,,,,,,,,,,,,,,,,,,,,,,,,,,,,,,STARandSalmon,,,
20_S20_L001_R1_001.fastq.gz,20_S20_L001_R1_001.fastq.gz,raw,,geneExpression,,fastq,,NF0007,,experimentalData,,NF0007-4-D+C+F,,syn11374354,,Cutaneous Neurofibroma,,-/-,,+/+,,pairedEnd,,Neurofibromatosis type 1,,A 3D Cutaneous Neurofibroma Model for Automated High-Throughput Drug Screenings,,Illumina NovaSeq 6000,,inward,,"Cytokines,DMEM,Forskoline",,RNASeqTemplate,,Smart-seq2,,RNA-seq,,Homo sapiens,,NTAP,,No,,Cutaneous Neurofibroma Initiative,,skin,,1,,reverse,,No,,No,,Yes,,4,,Flash frozen,,,,,,,,,,,,,,,,,,,,,,,,,,,,,,,,,,,,,,,,,,,,,,,,,,,,,,,,,,,,,,,,,,,,,,,,,,,,,,,,,,,,,,,,,
20_S20_L001_R2_001.fastq.gz,20_S20_L001_R2_001.fastq.gz,raw,,geneExpression,,fastq,,NF0007,,experimentalData,,NF0007-4-D+C+F,,syn11374354,,Cutaneous Neurofibroma,,-/-,,+/+,,pairedEnd,,Neurofibromatosis type 1,,A 3D Cutaneous Neurofibroma Model for Automated High-Throughput Drug Screenings,,Illumina NovaSeq 6000,,inward,,"Cytokines,DMEM,Forskoline",,RNASeqTemplate,,Smart-seq2,,RNA-seq,,Homo sapiens,,NTAP,,No,,Cutaneous Neurofibroma Initiative,,skin,,2,,reverse,,No,,No,,Yes,,4,,Flash frozen,,,,,,,,,,,,,,,,,,,,,,,,,,,,,,,,,,,,,,,,,,,,,,,,,,,,,,,,,,,,,,,,,,,,,,,,,,,,,,,,,,,,,,,,,
20_S20_L002_R1_001.fastq.gz,20_S20_L002_R1_001.fastq.gz,raw,,geneExpression,,fastq,,NF0007,,experimentalData,,NF0007-4-D+C+F,,syn11374354,,Cutaneous Neurofibroma,,-/-,,+/+,,pairedEnd,,Neurofibromatosis type 1,,A 3D Cutaneous Neurofibroma Model for Automated High-Throughput Drug Screenings,,Illumina NovaSeq 6000,,inward,,"Cytokines,DMEM,Forskoline",,RNASeqTemplate,,Smart-seq2,,RNA-seq,,Homo sapiens,,NTAP,,No,,Cutaneous Neurofibroma Initiative,,skin,,1,,reverse,,No,,No,,Yes,,4,,Flash frozen,,,,,,,,,,,,,,,,,,,,,,,,,,,,,,,,,,,,,,,,,,,,,,,,,,,,,,,,,,,,,,,,,,,,,,,,,,,,,,,,,,,,,,,,,
20_S20_L002_R2_001.fastq.gz,20_S20_L002_R2_001.fastq.gz,raw,,geneExpression,,fastq,,NF0007,,experimentalData,,NF0007-4-D+C+F,,syn11374354,,Cutaneous Neurofibroma,,-/-,,+/+,,pairedEnd,,Neurofibromatosis type 1,,A 3D Cutaneous Neurofibroma Model for Automated High-Throughput Drug Screenings,,Illumina NovaSeq 6000,,inward,,"Cytokines,DMEM,Forskoline",,RNASeqTemplate,,Smart-seq2,,RNA-seq,,Homo sapiens,,NTAP,,No,,Cutaneous Neurofibroma Initiative,,skin,,2,,reverse,,No,,No,,Yes,,4,,Flash frozen,,,,,,,,,,,,,,,,,,,,,,,,,,,,,,,,,,,,,,,,,,,,,,,,,,,,,,,,,,,,,,,,,,,,,,,,,,,,,,,,,,,,,,,,,
20_S20_L003_R1_001.fastq.gz,20_S20_L003_R1_001.fastq.gz,raw,,geneExpression,,fastq,,NF0007,,experimentalData,,NF0007-4-D+C+F,,syn11374354,,Cutaneous Neurofibroma,,-/-,,+/+,,pairedEnd,,Neurofibromatosis type 1,,A 3D Cutaneous Neurofibroma Model for Automated High-Throughput Drug Screenings,,Illumina NovaSeq 6000,,inward,,"Cytokines,DMEM,Forskoline",,RNASeqTemplate,,Smart-seq2,,RNA-seq,,Homo sapiens,,NTAP,,No,,Cutaneous Neurofibroma Initiative,,skin,,1,,reverse,,No,,No,,Yes,,4,,Flash frozen,,,,,,,,,,,,,,,,,,,,,,,,,,,,,,,,,,,,,,,,,,,,,,,,,,,,,,,,,,,,,,,,,,,,,,,,,,,,,,,,,,,,,,,,,
20_S20_L003_R2_001.fastq.gz,20_S20_L003_R2_001.fastq.gz,raw,,geneExpression,,fastq,,NF0007,,experimentalData,,NF0007-4-D+C+F,,syn11374354,,Cutaneous Neurofibroma,,-/-,,+/+,,pairedEnd,,Neurofibromatosis type 1,,A 3D Cutaneous Neurofibroma Model for Automated High-Throughput Drug Screenings,,Illumina NovaSeq 6000,,inward,,"Cytokines,DMEM,Forskoline",,RNASeqTemplate,,Smart-seq2,,RNA-seq,,Homo sapiens,,NTAP,,No,,Cutaneous Neurofibroma Initiative,,skin,,2,,reverse,,No,,No,,Yes,,4,,Flash frozen,,,,,,,,,,,,,,,,,,,,,,,,,,,,,,,,,,,,,,,,,,,,,,,,,,,,,,,,,,,,,,,,,,,,,,,,,,,,,,,,,,,,,,,,,
21_S21_L001_R1_001.fastq.gz,21_S21_L001_R1_001.fastq.gz,raw,,geneExpression,,fastq,,NF0007,,experimentalData,,NF0007-4 S,,syn11374354,,Cutaneous Neurofibroma,,-/-,,+/+,,pairedEnd,,Neurofibromatosis type 1,,A 3D Cutaneous Neurofibroma Model for Automated High-Throughput Drug Screenings,,Illumina NovaSeq 6000,,inward,,StemPro,,RNASeqTemplate,,Smart-seq2,,RNA-seq,,Homo sapiens,,NTAP,,No,,Cutaneous Neurofibroma Initiative,,skin,,1,,reverse,,No,,No,,Yes,,4,,Flash frozen,,,,,,,,,,,,,,,,,,,,,,,,,,,,,,,,,,,,,,,,,,,,,,,,,,,,,,,,,,,,,,,,,,,,,,,,,,,,,,,,,,,,,,,,,
21_S21_L001_R2_001.fastq.gz,21_S21_L001_R2_001.fastq.gz,raw,,geneExpression,,fastq,,NF0007,,experimentalData,,NF0007-4 S,,syn11374354,,Cutaneous Neurofibroma,,-/-,,+/+,,pairedEnd,,Neurofibromatosis type 1,,A 3D Cutaneous Neurofibroma Model for Automated High-Throughput Drug Screenings,,Illumina NovaSeq 6000,,inward,,StemPro,,RNASeqTemplate,,Smart-seq2,,RNA-seq,,Homo sapiens,,NTAP,,No,,Cutaneous Neurofibroma Initiative,,skin,,2,,reverse,,No,,No,,Yes,,4,,Flash frozen,,,,,,,,,,,,,,,,,,,,,,,,,,,,,,,,,,,,,,,,,,,,,,,,,,,,,,,,,,,,,,,,,,,,,,,,,,,,,,,,,,,,,,,,,
21_S21_L002_R1_001.fastq.gz,21_S21_L002_R1_001.fastq.gz,raw,,geneExpression,,fastq,,NF0007,,experimentalData,,NF0007-4 S,,syn11374354,,Cutaneous Neurofibroma,,-/-,,+/+,,pairedEnd,,Neurofibromatosis type 1,,A 3D Cutaneous Neurofibroma Model for Automated High-Throughput Drug Screenings,,Illumina NovaSeq 6000,,inward,,StemPro,,RNASeqTemplate,,Smart-seq2,,RNA-seq,,Homo sapiens,,NTAP,,No,,Cutaneous Neurofibroma Initiative,,skin,,1,,reverse,,No,,No,,Yes,,4,,Flash frozen,,,,,,,,,,,,,,,,,,,,,,,,,,,,,,,,,,,,,,,,,,,,,,,,,,,,,,,,,,,,,,,,,,,,,,,,,,,,,,,,,,,,,,,,,
21_S21_L002_R2_001.fastq.gz,21_S21_L002_R2_001.fastq.gz,raw,,geneExpression,,fastq,,NF0007,,experimentalData,,NF0007-4 S,,syn11374354,,Cutaneous Neurofibroma,,-/-,,+/+,,pairedEnd,,Neurofibromatosis type 1,,A 3D Cutaneous Neurofibroma Model for Automated High-Throughput Drug Screenings,,Illumina NovaSeq 6000,,inward,,StemPro,,RNASeqTemplate,,Smart-seq2,,RNA-seq,,Homo sapiens,,NTAP,,No,,Cutaneous Neurofibroma Initiative,,skin,,2,,reverse,,No,,No,,Yes,,4,,Flash frozen,,,,,,,,,,,,,,,,,,,,,,,,,,,,,,,,,,,,,,,,,,,,,,,,,,,,,,,,,,,,,,,,,,,,,,,,,,,,,,,,,,,,,,,,,
21_S21_L003_R1_001.fastq.gz,21_S21_L003_R1_001.fastq.gz,raw,,geneExpression,,fastq,,NF0007,,experimentalData,,NF0007-4 S,,syn11374354,,Cutaneous Neurofibroma,,-/-,,+/+,,pairedEnd,,Neurofibromatosis type 1,,A 3D Cutaneous Neurofibroma Model for Automated High-Throughput Drug Screenings,,Illumina NovaSeq 6000,,inward,,StemPro,,RNASeqTemplate,,Smart-seq2,,RNA-seq,,Homo sapiens,,NTAP,,No,,Cutaneous Neurofibroma Initiative,,skin,,1,,reverse,,No,,No,,Yes,,4,,Flash frozen,,,,,,,,,,,,,,,,,,,,,,,,,,,,,,,,,,,,,,,,,,,,,,,,,,,,,,,,,,,,,,,,,,,,,,,,,,,,,,,,,,,,,,,,,
21_S21_L003_R2_001.fastq.gz,21_S21_L003_R2_001.fastq.gz,raw,,geneExpression,,fastq,,NF0007,,experimentalData,,NF0007-4 S,,syn11374354,,Cutaneous Neurofibroma,,-/-,,+/+,,pairedEnd,,Neurofibromatosis type 1,,A 3D Cutaneous Neurofibroma Model for Automated High-Throughput Drug Screenings,,Illumina NovaSeq 6000,,inward,,StemPro,,RNASeqTemplate,,Smart-seq2,,RNA-seq,,Homo sapiens,,NTAP,,No,,Cutaneous Neurofibroma Initiative,,skin,,2,,reverse,,No,,No,,Yes,,4,,Flash frozen,,,,,,,,,,,,,,,,,,,,,,,,,,,,,,,,,,,,,,,,,,,,,,,,,,,,,,,,,,,,,,,,,,,,,,,,,,,,,,,,,,,,,,,,,
22_S22_L001_R1_001.fastq.gz,22_S22_L001_R1_001.fastq.gz,raw,,geneExpression,,fastq,,NF0007,,experimentalData,,NF0007-4-S+C,,syn11374354,,Cutaneous Neurofibroma,,-/-,,+/+,,pairedEnd,,Neurofibromatosis type 1,,A 3D Cutaneous Neurofibroma Model for Automated High-Throughput Drug Screenings,,Illumina NovaSeq 6000,,inward,,"Cytokines,StemPro",,RNASeqTemplate,,Smart-seq2,,RNA-seq,,Homo sapiens,,NTAP,,No,,Cutaneous Neurofibroma Initiative,,skin,,1,,reverse,,No,,No,,Yes,,4,,Flash frozen,,,,,,,,,,,,,,,,,,,,,,,,,,,,,,,,,,,,,,,,,,,,,,,,,,,,,,,,,,,,,,,,,,,,,,,,,,,,,,,,,,,,,,,,,
22_S22_L001_R2_001.fastq.gz,22_S22_L001_R2_001.fastq.gz,raw,,geneExpression,,fastq,,NF0007,,experimentalData,,NF0007-4-S+C,,syn11374354,,Cutaneous Neurofibroma,,-/-,,+/+,,pairedEnd,,Neurofibromatosis type 1,,A 3D Cutaneous Neurofibroma Model for Automated High-Throughput Drug Screenings,,Illumina NovaSeq 6000,,inward,,"Cytokines,StemPro",,RNASeqTemplate,,Smart-seq2,,RNA-seq,,Homo sapiens,,NTAP,,No,,Cutaneous Neurofibroma Initiative,,skin,,2,,reverse,,No,,No,,Yes,,4,,Flash frozen,,,,,,,,,,,,,,,,,,,,,,,,,,,,,,,,,,,,,,,,,,,,,,,,,,,,,,,,,,,,,,,,,,,,,,,,,,,,,,,,,,,,,,,,,
22_S22_L002_R1_001.fastq.gz,22_S22_L002_R1_001.fastq.gz,raw,,geneExpression,,fastq,,NF0007,,experimentalData,,NF0007-4-S+C,,syn11374354,,Cutaneous Neurofibroma,,-/-,,+/+,,pairedEnd,,Neurofibromatosis type 1,,A 3D Cutaneous Neurofibroma Model for Automated High-Throughput Drug Screenings,,Illumina NovaSeq 6000,,inward,,"Cytokines,StemPro",,RNASeqTemplate,,Smart-seq2,,RNA-seq,,Homo sapiens,,NTAP,,No,,Cutaneous Neurofibroma Initiative,,skin,,1,,reverse,,No,,No,,Yes,,4,,Flash frozen,,,,,,,,,,,,,,,,,,,,,,,,,,,,,,,,,,,,,,,,,,,,,,,,,,,,,,,,,,,,,,,,,,,,,,,,,,,,,,,,,,,,,,,,,
22_S22_L002_R2_001.fastq.gz,22_S22_L002_R2_001.fastq.gz,raw,,geneExpression,,fastq,,NF0007,,experimentalData,,NF0007-4-S+C,,syn11374354,,Cutaneous Neurofibroma,,-/-,,+/+,,pairedEnd,,Neurofibromatosis type 1,,A 3D Cutaneous Neurofibroma Model for Automated High-Throughput Drug Screenings,,Illumina NovaSeq 6000,,inward,,"Cytokines,StemPro",,RNASeqTemplate,,Smart-seq2,,RNA-seq,,Homo sapiens,,NTAP,,No,,Cutaneous Neurofibroma Initiative,,skin,,2,,reverse,,No,,No,,Yes,,4,,Flash frozen,,,,,,,,,,,,,,,,,,,,,,,,,,,,,,,,,,,,,,,,,,,,,,,,,,,,,,,,,,,,,,,,,,,,,,,,,,,,,,,,,,,,,,,,,
22_S22_L003_R1_001.fastq.gz,22_S22_L003_R1_001.fastq.gz,raw,,geneExpression,,fastq,,NF0007,,experimentalData,,NF0007-4-S+C,,syn11374354,,Cutaneous Neurofibroma,,-/-,,+/+,,pairedEnd,,Neurofibromatosis type 1,,A 3D Cutaneous Neurofibroma Model for Automated High-Throughput Drug Screenings,,Illumina NovaSeq 6000,,inward,,"Cytokines,StemPro",,RNASeqTemplate,,Smart-seq2,,RNA-seq,,Homo sapiens,,NTAP,,No,,Cutaneous Neurofibroma Initiative,,skin,,1,,reverse,,No,,No,,Yes,,4,,Flash frozen,,,,,,,,,,,,,,,,,,,,,,,,,,,,,,,,,,,,,,,,,,,,,,,,,,,,,,,,,,,,,,,,,,,,,,,,,,,,,,,,,,,,,,,,,
22_S22_L003_R2_001.fastq.gz,22_S22_L003_R2_001.fastq.gz,raw,,geneExpression,,fastq,,NF0007,,experimentalData,,NF0007-4-S+C,,syn11374354,,Cutaneous Neurofibroma,,-/-,,+/+,,pairedEnd,,Neurofibromatosis type 1,,A 3D Cutaneous Neurofibroma Model for Automated High-Throughput Drug Screenings,,Illumina NovaSeq 6000,,inward,,"Cytokines,StemPro",,RNASeqTemplate,,Smart-seq2,,RNA-seq,,Homo sapiens,,NTAP,,No,,Cutaneous Neurofibroma Initiative,,skin,,2,,reverse,,No,,No,,Yes,,4,,Flash frozen,,,,,,,,,,,,,,,,,,,,,,,,,,,,,,,,,,,,,,,,,,,,,,,,,,,,,,,,,,,,,,,,,,,,,,,,,,,,,,,,,,,,,,,,,
23_S23_L001_R1_001.fastq.gz,23_S23_L001_R1_001.fastq.gz,raw,,geneExpression,,fastq,,NF0007,,experimentalData,,NF0007-4-S+C+F,,syn11374354,,Cutaneous Neurofibroma,,-/-,,+/+,,pairedEnd,,Neurofibromatosis type 1,,A 3D Cutaneous Neurofibroma Model for Automated High-Throughput Drug Screenings,,Illumina NovaSeq 6000,,inward,,"Cytokines,Forskoline,StemPro",,RNASeqTemplate,,Smart-seq2,,RNA-seq,,Homo sapiens,,NTAP,,No,,Cutaneous Neurofibroma Initiative,,skin,,1,,reverse,,No,,No,,Yes,,4,,Flash frozen,,,,,,,,,,,,,,,,,,,,,,,,,,,,,,,,,,,,,,,,,,,,,,,,,,,,,,,,,,,,,,,,,,,,,,,,,,,,,,,,,,,,,,,,,
23_S23_L001_R2_001.fastq.gz,23_S23_L001_R2_001.fastq.gz,raw,,geneExpression,,fastq,,NF0007,,experimentalData,,NF0007-4-S+C+F,,syn11374354,,Cutaneous Neurofibroma,,-/-,,+/+,,pairedEnd,,Neurofibromatosis type 1,,A 3D Cutaneous Neurofibroma Model for Automated High-Throughput Drug Screenings,,Illumina NovaSeq 6000,,inward,,"Cytokines,Forskoline,StemPro",,RNASeqTemplate,,Smart-seq2,,RNA-seq,,Homo sapiens,,NTAP,,No,,Cutaneous Neurofibroma Initiative,,skin,,2,,reverse,,No,,No,,Yes,,4,,Flash frozen,,,,,,,,,,,,,,,,,,,,,,,,,,,,,,,,,,,,,,,,,,,,,,,,,,,,,,,,,,,,,,,,,,,,,,,,,,,,,,,,,,,,,,,,,
23_S23_L002_R1_001.fastq.gz,23_S23_L002_R1_001.fastq.gz,raw,,geneExpression,,fastq,,NF0007,,experimentalData,,NF0007-4-S+C+F,,syn11374354,,Cutaneous Neurofibroma,,-/-,,+/+,,pairedEnd,,Neurofibromatosis type 1,,A 3D Cutaneous Neurofibroma Model for Automated High-Throughput Drug Screenings,,Illumina NovaSeq 6000,,inward,,"Cytokines,Forskoline,StemPro",,RNASeqTemplate,,Smart-seq2,,RNA-seq,,Homo sapiens,,NTAP,,No,,Cutaneous Neurofibroma Initiative,,skin,,1,,reverse,,No,,No,,Yes,,4,,Flash frozen,,,,,,,,,,,,,,,,,,,,,,,,,,,,,,,,,,,,,,,,,,,,,,,,,,,,,,,,,,,,,,,,,,,,,,,,,,,,,,,,,,,,,,,,,
23_S23_L002_R2_001.fastq.gz,23_S23_L002_R2_001.fastq.gz,raw,,geneExpression,,fastq,,NF0007,,experimentalData,,NF0007-4-S+C+F,,syn11374354,,Cutaneous Neurofibroma,,-/-,,+/+,,pairedEnd,,Neurofibromatosis type 1,,A 3D Cutaneous Neurofibroma Model for Automated High-Throughput Drug Screenings,,Illumina NovaSeq 6000,,inward,,"Cytokines,Forskoline,StemPro",,RNASeqTemplate,,Smart-seq2,,RNA-seq,,Homo sapiens,,NTAP,,No,,Cutaneous Neurofibroma Initiative,,skin,,2,,reverse,,No,,No,,Yes,,4,,Flash frozen,,,,,,,,,,,,,,,,,,,,,,,,,,,,,,,,,,,,,,,,,,,,,,,,,,,,,,,,,,,,,,,,,,,,,,,,,,,,,,,,,,,,,,,,,
23_S23_L003_R1_001.fastq.gz,23_S23_L003_R1_001.fastq.gz,raw,,geneExpression,,fastq,,NF0007,,experimentalData,,NF0007-4-S+C+F,,syn11374354,,Cutaneous Neurofibroma,,-/-,,+/+,,pairedEnd,,Neurofibromatosis type 1,,A 3D Cutaneous Neurofibroma Model for Automated High-Throughput Drug Screenings,,Illumina NovaSeq 6000,,inward,,"Cytokines,Forskoline,StemPro",,RNASeqTemplate,,Smart-seq2,,RNA-seq,,Homo sapiens,,NTAP,,No,,Cutaneous Neurofibroma Initiative,,skin,,1,,reverse,,No,,No,,Yes,,4,,Flash frozen,,,,,,,,,,,,,,,,,,,,,,,,,,,,,,,,,,,,,,,,,,,,,,,,,,,,,,,,,,,,,,,,,,,,,,,,,,,,,,,,,,,,,,,,,
23_S23_L003_R2_001.fastq.gz,23_S23_L003_R2_001.fastq.gz,raw,,geneExpression,,fastq,,NF0007,,experimentalData,,NF0007-4-S+C+F,,syn11374354,,Cutaneous Neurofibroma,,-/-,,+/+,,pairedEnd,,Neurofibromatosis type 1,,A 3D Cutaneous Neurofibroma Model for Automated High-Throughput Drug Screenings,,Illumina NovaSeq 6000,,inward,,"Cytokines,Forskoline,StemPro",,RNASeqTemplate,,Smart-seq2,,RNA-seq,,Homo sapiens,,NTAP,,No,,Cutaneous Neurofibroma Initiative,,skin,,2,,reverse,,No,,No,,Yes,,4,,Flash frozen,,,,,,,,,,,,,,,,,,,,,,,,,,,,,,,,,,,,,,,,,,,,,,,,,,,,,,,,,,,,,,,,,,,,,,,,,,,,,,,,,,,,,,,,,
24_S24_L001_R1_001.fastq.gz,24_S24_L001_R1_001.fastq.gz,raw,,geneExpression,,fastq,,NF0012,,experimentalData,,NF0012-3-6 M,,syn11374354,,Cutaneous Neurofibroma,,-/-,,+/+,,pairedEnd,,Neurofibromatosis type 1,,A 3D Cutaneous Neurofibroma Model for Automated High-Throughput Drug Screenings,,Illumina NovaSeq 6000,,inward,,Mammo,,RNASeqTemplate,,Smart-seq2,,RNA-seq,,Homo sapiens,,NTAP,,No,,Cutaneous Neurofibroma Initiative,,skin,,1,,reverse,,No,,No,,Yes,,4,,Flash frozen,,,,,,,,,,,,,,,,,,,,,,,,,,,,,,,,,,,,,,,,,,,,,,,,,,,,,,,,,,,,,,,,,,,,,,,,,,,,,,,,,,,,,,,,,
24_S24_L001_R2_001.fastq.gz,24_S24_L001_R2_001.fastq.gz,raw,,geneExpression,,fastq,,NF0012,,experimentalData,,NF0012-3-6 M,,syn11374354,,Cutaneous Neurofibroma,,-/-,,+/+,,pairedEnd,,Neurofibromatosis type 1,,A 3D Cutaneous Neurofibroma Model for Automated High-Throughput Drug Screenings,,Illumina NovaSeq 6000,,inward,,Mammo,,RNASeqTemplate,,Smart-seq2,,RNA-seq,,Homo sapiens,,NTAP,,No,,Cutaneous Neurofibroma Initiative,,skin,,2,,reverse,,No,,No,,Yes,,4,,Flash frozen,,,,,,,,,,,,,,,,,,,,,,,,,,,,,,,,,,,,,,,,,,,,,,,,,,,,,,,,,,,,,,,,,,,,,,,,,,,,,,,,,,,,,,,,,
24_S24_L002_R1_001.fastq.gz,24_S24_L002_R1_001.fastq.gz,raw,,geneExpression,,fastq,,NF0012,,experimentalData,,NF0012-3-6 M,,syn11374354,,Cutaneous Neurofibroma,,-/-,,+/+,,pairedEnd,,Neurofibromatosis type 1,,A 3D Cutaneous Neurofibroma Model for Automated High-Throughput Drug Screenings,,Illumina NovaSeq 6000,,inward,,Mammo,,RNASeqTemplate,,Smart-seq2,,RNA-seq,,Homo sapiens,,NTAP,,No,,Cutaneous Neurofibroma Initiative,,skin,,1,,reverse,,No,,No,,Yes,,4,,Flash frozen,,,,,,,,,,,,,,,,,,,,,,,,,,,,,,,,,,,,,,,,,,,,,,,,,,,,,,,,,,,,,,,,,,,,,,,,,,,,,,,,,,,,,,,,,
24_S24_L002_R2_001.fastq.gz,24_S24_L002_R2_001.fastq.gz,raw,,geneExpression,,fastq,,NF0012,,experimentalData,,NF0012-3-6 M,,syn11374354,,Cutaneous Neurofibroma,,-/-,,+/+,,pairedEnd,,Neurofibromatosis type 1,,A 3D Cutaneous Neurofibroma Model for Automated High-Throughput Drug Screenings,,Illumina NovaSeq 6000,,inward,,Mammo,,RNASeqTemplate,,Smart-seq2,,RNA-seq,,Homo sapiens,,NTAP,,No,,Cutaneous Neurofibroma Initiative,,skin,,2,,reverse,,No,,No,,Yes,,4,,Flash frozen,,,,,,,,,,,,,,,,,,,,,,,,,,,,,,,,,,,,,,,,,,,,,,,,,,,,,,,,,,,,,,,,,,,,,,,,,,,,,,,,,,,,,,,,,
24_S24_L003_R1_001.fastq.gz,24_S24_L003_R1_001.fastq.gz,raw,,geneExpression,,fastq,,NF0012,,experimentalData,,NF0012-3-6 M,,syn11374354,,Cutaneous Neurofibroma,,-/-,,+/+,,pairedEnd,,Neurofibromatosis type 1,,A 3D Cutaneous Neurofibroma Model for Automated High-Throughput Drug Screenings,,Illumina NovaSeq 6000,,inward,,Mammo,,RNASeqTemplate,,Smart-seq2,,RNA-seq,,Homo sapiens,,NTAP,,No,,Cutaneous Neurofibroma Initiative,,skin,,1,,reverse,,No,,No,,Yes,,4,,Flash frozen,,,,,,,,,,,,,,,,,,,,,,,,,,,,,,,,,,,,,,,,,,,,,,,,,,,,,,,,,,,,,,,,,,,,,,,,,,,,,,,,,,,,,,,,,
24_S24_L003_R2_001.fastq.gz,24_S24_L003_R2_001.fastq.gz,raw,,geneExpression,,fastq,,NF0012,,experimentalData,,NF0012-3-6 M,,syn11374354,,Cutaneous Neurofibroma,,-/-,,+/+,,pairedEnd,,Neurofibromatosis type 1,,A 3D Cutaneous Neurofibroma Model for Automated High-Throughput Drug Screenings,,Illumina NovaSeq 6000,,inward,,Mammo,,RNASeqTemplate,,Smart-seq2,,RNA-seq,,Homo sapiens,,NTAP,,No,,Cutaneous Neurofibroma Initiative,,skin,,2,,reverse,,No,,No,,Yes,,4,,Flash frozen,,,,,,,,,,,,,,,,,,,,,,,,,,,,,,,,,,,,,,,,,,,,,,,,,,,,,,,,,,,,,,,,,,,,,,,,,,,,,,,,,,,,,,,,,
25_S25_L001_R1_001.fastq.gz,25_S25_L001_R1_001.fastq.gz,raw,,geneExpression,,fastq,,NF0012,,experimentalData,,NF0012-3-6-M+C,,syn11374354,,Cutaneous Neurofibroma,,-/-,,+/+,,pairedEnd,,Neurofibromatosis type 1,,A 3D Cutaneous Neurofibroma Model for Automated High-Throughput Drug Screenings,,Illumina NovaSeq 6000,,inward,,"Cytokines,Mammo",,RNASeqTemplate,,Smart-seq2,,RNA-seq,,Homo sapiens,,NTAP,,No,,Cutaneous Neurofibroma Initiative,,skin,,1,,reverse,,No,,No,,Yes,,4,,Flash frozen,,,,,,,,,,,,,,,,,,,,,,,,,,,,,,,,,,,,,,,,,,,,,,,,,,,,,,,,,,,,,,,,,,,,,,,,,,,,,,,,,,,,,,,,,
25_S25_L001_R2_001.fastq.gz,25_S25_L001_R2_001.fastq.gz,raw,,geneExpression,,fastq,,NF0012,,experimentalData,,NF0012-3-6-M+C,,syn11374354,,Cutaneous Neurofibroma,,-/-,,+/+,,pairedEnd,,Neurofibromatosis type 1,,A 3D Cutaneous Neurofibroma Model for Automated High-Throughput Drug Screenings,,Illumina NovaSeq 6000,,inward,,"Cytokines,Mammo",,RNASeqTemplate,,Smart-seq2,,RNA-seq,,Homo sapiens,,NTAP,,No,,Cutaneous Neurofibroma Initiative,,skin,,2,,reverse,,No,,No,,Yes,,4,,Flash frozen,,,,,,,,,,,,,,,,,,,,,,,,,,,,,,,,,,,,,,,,,,,,,,,,,,,,,,,,,,,,,,,,,,,,,,,,,,,,,,,,,,,,,,,,,
25_S25_L002_R1_001.fastq.gz,25_S25_L002_R1_001.fastq.gz,raw,,geneExpression,,fastq,,NF0012,,experimentalData,,NF0012-3-6-M+C,,syn11374354,,Cutaneous Neurofibroma,,-/-,,+/+,,pairedEnd,,Neurofibromatosis type 1,,A 3D Cutaneous Neurofibroma Model for Automated High-Throughput Drug Screenings,,Illumina NovaSeq 6000,,inward,,"Cytokines,Mammo",,RNASeqTemplate,,Smart-seq2,,RNA-seq,,Homo sapiens,,NTAP,,No,,Cutaneous Neurofibroma Initiative,,skin,,1,,reverse,,No,,No,,Yes,,4,,Flash frozen,,,,,,,,,,,,,,,,,,,,,,,,,,,,,,,,,,,,,,,,,,,,,,,,,,,,,,,,,,,,,,,,,,,,,,,,,,,,,,,,,,,,,,,,,
25_S25_L002_R2_001.fastq.gz,25_S25_L002_R2_001.fastq.gz,raw,,geneExpression,,fastq,,NF0012,,experimentalData,,NF0012-3-6-M+C,,syn11374354,,Cutaneous Neurofibroma,,-/-,,+/+,,pairedEnd,,Neurofibromatosis type 1,,A 3D Cutaneous Neurofibroma Model for Automated High-Throughput Drug Screenings,,Illumina NovaSeq 6000,,inward,,"Cytokines,Mammo",,RNASeqTemplate,,Smart-seq2,,RNA-seq,,Homo sapiens,,NTAP,,No,,Cutaneous Neurofibroma Initiative,,skin,,2,,reverse,,No,,No,,Yes,,4,,Flash frozen,,,,,,,,,,,,,,,,,,,,,,,,,,,,,,,,,,,,,,,,,,,,,,,,,,,,,,,,,,,,,,,,,,,,,,,,,,,,,,,,,,,,,,,,,
25_S25_L003_R1_001.fastq.gz,25_S25_L003_R1_001.fastq.gz,raw,,geneExpression,,fastq,,NF0012,,experimentalData,,NF0012-3-6-M+C,,syn11374354,,Cutaneous Neurofibroma,,-/-,,+/+,,pairedEnd,,Neurofibromatosis type 1,,A 3D Cutaneous Neurofibroma Model for Automated High-Throughput Drug Screenings,,Illumina NovaSeq 6000,,inward,,"Cytokines,Mammo",,RNASeqTemplate,,Smart-seq2,,RNA-seq,,Homo sapiens,,NTAP,,No,,Cutaneous Neurofibroma Initiative,,skin,,1,,reverse,,No,,No,,Yes,,4,,Flash frozen,,,,,,,,,,,,,,,,,,,,,,,,,,,,,,,,,,,,,,,,,,,,,,,,,,,,,,,,,,,,,,,,,,,,,,,,,,,,,,,,,,,,,,,,,
25_S25_L003_R2_001.fastq.gz,25_S25_L003_R2_001.fastq.gz,raw,,geneExpression,,fastq,,NF0012,,experimentalData,,NF0012-3-6-M+C,,syn11374354,,Cutaneous Neurofibroma,,-/-,,+/+,,pairedEnd,,Neurofibromatosis type 1,,A 3D Cutaneous Neurofibroma Model for Automated High-Throughput Drug Screenings,,Illumina NovaSeq 6000,,inward,,"Cytokines,Mammo",,RNASeqTemplate,,Smart-seq2,,RNA-seq,,Homo sapiens,,NTAP,,No,,Cutaneous Neurofibroma Initiative,,skin,,2,,reverse,,No,,No,,Yes,,4,,Flash frozen,,,,,,,,,,,,,,,,,,,,,,,,,,,,,,,,,,,,,,,,,,,,,,,,,,,,,,,,,,,,,,,,,,,,,,,,,,,,,,,,,,,,,,,,,
26_S26_L001_R1_001.fastq.gz,26_S26_L001_R1_001.fastq.gz,raw,,geneExpression,,fastq,,NF0012,,experimentalData,,NF0012-3-6-M+C+F,,syn11374354,,Cutaneous Neurofibroma,,-/-,,+/+,,pairedEnd,,Neurofibromatosis type 1,,A 3D Cutaneous Neurofibroma Model for Automated High-Throughput Drug Screenings,,Illumina NovaSeq 6000,,inward,,"Cytokines,Forskoline,Mammo",,RNASeqTemplate,,Smart-seq2,,RNA-seq,,Homo sapiens,,NTAP,,No,,Cutaneous Neurofibroma Initiative,,skin,,1,,reverse,,No,,No,,Yes,,4,,Flash frozen,,,,,,,,,,,,,,,,,,,,,,,,,,,,,,,,,,,,,,,,,,,,,,,,,,,,,,,,,,,,,,,,,,,,,,,,,,,,,,,,,,,,,,,,,
26_S26_L001_R2_001.fastq.gz,26_S26_L001_R2_001.fastq.gz,raw,,geneExpression,,fastq,,NF0012,,experimentalData,,NF0012-3-6-M+C+F,,syn11374354,,Cutaneous Neurofibroma,,-/-,,+/+,,pairedEnd,,Neurofibromatosis type 1,,A 3D Cutaneous Neurofibroma Model for Automated High-Throughput Drug Screenings,,Illumina NovaSeq 6000,,inward,,"Cytokines,Forskoline,Mammo",,RNASeqTemplate,,Smart-seq2,,RNA-seq,,Homo sapiens,,NTAP,,No,,Cutaneous Neurofibroma Initiative,,skin,,2,,reverse,,No,,No,,Yes,,4,,Flash frozen,,,,,,,,,,,,,,,,,,,,,,,,,,,,,,,,,,,,,,,,,,,,,,,,,,,,,,,,,,,,,,,,,,,,,,,,,,,,,,,,,,,,,,,,,
26_S26_L002_R1_001.fastq.gz,26_S26_L002_R1_001.fastq.gz,raw,,geneExpression,,fastq,,NF0012,,experimentalData,,NF0012-3-6-M+C+F,,syn11374354,,Cutaneous Neurofibroma,,-/-,,+/+,,pairedEnd,,Neurofibromatosis type 1,,A 3D Cutaneous Neurofibroma Model for Automated High-Throughput Drug Screenings,,Illumina NovaSeq 6000,,inward,,"Cytokines,Forskoline,Mammo",,RNASeqTemplate,,Smart-seq2,,RNA-seq,,Homo sapiens,,NTAP,,No,,Cutaneous Neurofibroma Initiative,,skin,,1,,reverse,,No,,No,,Yes,,4,,Flash frozen,,,,,,,,,,,,,,,,,,,,,,,,,,,,,,,,,,,,,,,,,,,,,,,,,,,,,,,,,,,,,,,,,,,,,,,,,,,,,,,,,,,,,,,,,
26_S26_L002_R2_001.fastq.gz,26_S26_L002_R2_001.fastq.gz,raw,,geneExpression,,fastq,,NF0012,,experimentalData,,NF0012-3-6-M+C+F,,syn11374354,,Cutaneous Neurofibroma,,-/-,,+/+,,pairedEnd,,Neurofibromatosis type 1,,A 3D Cutaneous Neurofibroma Model for Automated High-Throughput Drug Screenings,,Illumina NovaSeq 6000,,inward,,"Cytokines,Forskoline,Mammo",,RNASeqTemplate,,Smart-seq2,,RNA-seq,,Homo sapiens,,NTAP,,No,,Cutaneous Neurofibroma Initiative,,skin,,2,,reverse,,No,,No,,Yes,,4,,Flash frozen,,,,,,,,,,,,,,,,,,,,,,,,,,,,,,,,,,,,,,,,,,,,,,,,,,,,,,,,,,,,,,,,,,,,,,,,,,,,,,,,,,,,,,,,,
26_S26_L003_R1_001.fastq.gz,26_S26_L003_R1_001.fastq.gz,raw,,geneExpression,,fastq,,NF0012,,experimentalData,,NF0012-3-6-M+C+F,,syn11374354,,Cutaneous Neurofibroma,,-/-,,+/+,,pairedEnd,,Neurofibromatosis type 1,,A 3D Cutaneous Neurofibroma Model for Automated High-Throughput Drug Screenings,,Illumina NovaSeq 6000,,inward,,"Cytokines,Forskoline,Mammo",,RNASeqTemplate,,Smart-seq2,,RNA-seq,,Homo sapiens,,NTAP,,No,,Cutaneous Neurofibroma Initiative,,skin,,1,,reverse,,No,,No,,Yes,,4,,Flash frozen,,,,,,,,,,,,,,,,,,,,,,,,,,,,,,,,,,,,,,,,,,,,,,,,,,,,,,,,,,,,,,,,,,,,,,,,,,,,,,,,,,,,,,,,,
26_S26_L003_R2_001.fastq.gz,26_S26_L003_R2_001.fastq.gz,raw,,geneExpression,,fastq,,NF0012,,experimentalData,,NF0012-3-6-M+C+F,,syn11374354,,Cutaneous Neurofibroma,,-/-,,+/+,,pairedEnd,,Neurofibromatosis type 1,,A 3D Cutaneous Neurofibroma Model for Automated High-Throughput Drug Screenings,,Illumina NovaSeq 6000,,inward,,"Cytokines,Forskoline,Mammo",,RNASeqTemplate,,Smart-seq2,,RNA-seq,,Homo sapiens,,NTAP,,No,,Cutaneous Neurofibroma Initiative,,skin,,2,,reverse,,No,,No,,Yes,,4,,Flash frozen,,,,,,,,,,,,,,,,,,,,,,,,,,,,,,,,,,,,,,,,,,,,,,,,,,,,,,,,,,,,,,,,,,,,,,,,,,,,,,,,,,,,,,,,,
27_S27_L001_R1_001.fastq.gz,27_S27_L001_R1_001.fastq.gz,raw,,geneExpression,,fastq,,NF0012,,experimentalData,,NF0012-3-6 D,,syn11374354,,Cutaneous Neurofibroma,,-/-,,+/+,,pairedEnd,,Neurofibromatosis type 1,,A 3D Cutaneous Neurofibroma Model for Automated High-Throughput Drug Screenings,,Illumina NovaSeq 6000,,inward,,DMEM,,RNASeqTemplate,,Smart-seq2,,RNA-seq,,Homo sapiens,,NTAP,,No,,Cutaneous Neurofibroma Initiative,,skin,,1,,reverse,,No,,No,,Yes,,4,,Flash frozen,,,,,,,,,,,,,,,,,,,,,,,,,,,,,,,,,,,,,,,,,,,,,,,,,,,,,,,,,,,,,,,,,,,,,,,,,,,,,,,,,,,,,,,,,
27_S27_L001_R2_001.fastq.gz,27_S27_L001_R2_001.fastq.gz,raw,,geneExpression,,fastq,,NF0012,,experimentalData,,NF0012-3-6 D,,syn11374354,,Cutaneous Neurofibroma,,-/-,,+/+,,pairedEnd,,Neurofibromatosis type 1,,A 3D Cutaneous Neurofibroma Model for Automated High-Throughput Drug Screenings,,Illumina NovaSeq 6000,,inward,,DMEM,,RNASeqTemplate,,Smart-seq2,,RNA-seq,,Homo sapiens,,NTAP,,No,,Cutaneous Neurofibroma Initiative,,skin,,2,,reverse,,No,,No,,Yes,,4,,Flash frozen,,,,,,,,,,,,,,,,,,,,,,,,,,,,,,,,,,,,,,,,,,,,,,,,,,,,,,,,,,,,,,,,,,,,,,,,,,,,,,,,,,,,,,,,,
27_S27_L002_R1_001.fastq.gz,27_S27_L002_R1_001.fastq.gz,raw,,geneExpression,,fastq,,NF0012,,experimentalData,,NF0012-3-6 D,,syn11374354,,Cutaneous Neurofibroma,,-/-,,+/+,,pairedEnd,,Neurofibromatosis type 1,,A 3D Cutaneous Neurofibroma Model for Automated High-Throughput Drug Screenings,,Illumina NovaSeq 6000,,inward,,DMEM,,RNASeqTemplate,,Smart-seq2,,RNA-seq,,Homo sapiens,,NTAP,,No,,Cutaneous Neurofibroma Initiative,,skin,,1,,reverse,,No,,No,,Yes,,4,,Flash frozen,,,,,,,,,,,,,,,,,,,,,,,,,,,,,,,,,,,,,,,,,,,,,,,,,,,,,,,,,,,,,,,,,,,,,,,,,,,,,,,,,,,,,,,,,
27_S27_L002_R2_001.fastq.gz,27_S27_L002_R2_001.fastq.gz,raw,,geneExpression,,fastq,,NF0012,,experimentalData,,NF0012-3-6 D,,syn11374354,,Cutaneous Neurofibroma,,-/-,,+/+,,pairedEnd,,Neurofibromatosis type 1,,A 3D Cutaneous Neurofibroma Model for Automated High-Throughput Drug Screenings,,Illumina NovaSeq 6000,,inward,,DMEM,,RNASeqTemplate,,Smart-seq2,,RNA-seq,,Homo sapiens,,NTAP,,No,,Cutaneous Neurofibroma Initiative,,skin,,2,,reverse,,No,,No,,Yes,,4,,Flash frozen,,,,,,,,,,,,,,,,,,,,,,,,,,,,,,,,,,,,,,,,,,,,,,,,,,,,,,,,,,,,,,,,,,,,,,,,,,,,,,,,,,,,,,,,,
27_S27_L003_R1_001.fastq.gz,27_S27_L003_R1_001.fastq.gz,raw,,geneExpression,,fastq,,NF0012,,experimentalData,,NF0012-3-6 D,,syn11374354,,Cutaneous Neurofibroma,,-/-,,+/+,,pairedEnd,,Neurofibromatosis type 1,,A 3D Cutaneous Neurofibroma Model for Automated High-Throughput Drug Screenings,,Illumina NovaSeq 6000,,inward,,DMEM,,RNASeqTemplate,,Smart-seq2,,RNA-seq,,Homo sapiens,,NTAP,,No,,Cutaneous Neurofibroma Initiative,,skin,,1,,reverse,,No,,No,,Yes,,4,,Flash frozen,,,,,,,,,,,,,,,,,,,,,,,,,,,,,,,,,,,,,,,,,,,,,,,,,,,,,,,,,,,,,,,,,,,,,,,,,,,,,,,,,,,,,,,,,
27_S27_L003_R2_001.fastq.gz,27_S27_L003_R2_001.fastq.gz,raw,,geneExpression,,fastq,,NF0012,,experimentalData,,NF0012-3-6 D,,syn11374354,,Cutaneous Neurofibroma,,-/-,,+/+,,pairedEnd,,Neurofibromatosis type 1,,A 3D Cutaneous Neurofibroma Model for Automated High-Throughput Drug Screenings,,Illumina NovaSeq 6000,,inward,,DMEM,,RNASeqTemplate,,Smart-seq2,,RNA-seq,,Homo sapiens,,NTAP,,No,,Cutaneous Neurofibroma Initiative,,skin,,2,,reverse,,No,,No,,Yes,,4,,Flash frozen,,,,,,,,,,,,,,,,,,,,,,,,,,,,,,,,,,,,,,,,,,,,,,,,,,,,,,,,,,,,,,,,,,,,,,,,,,,,,,,,,,,,,,,,,
28_S28_L001_R1_001.fastq.gz,28_S28_L001_R1_001.fastq.gz,raw,,geneExpression,,fastq,,NF0012,,experimentalData,,NF0012-3-6-D+C,,syn11374354,,Cutaneous Neurofibroma,,-/-,,+/+,,pairedEnd,,Neurofibromatosis type 1,,A 3D Cutaneous Neurofibroma Model for Automated High-Throughput Drug Screenings,,Illumina NovaSeq 6000,,inward,,"Cytokines,DMEM",,RNASeqTemplate,,Smart-seq2,,RNA-seq,,Homo sapiens,,NTAP,,No,,Cutaneous Neurofibroma Initiative,,skin,,1,,reverse,,No,,No,,Yes,,4,,Flash frozen,,,,,,,,,,,,,,,,,,,,,,,,,,,,,,,,,,,,,,,,,,,,,,,,,,,,,,,,,,,,,,,,,,,,,,,,,,,,,,,,,,,,,,,,,
28_S28_L001_R2_001.fastq.gz,28_S28_L001_R2_001.fastq.gz,raw,,geneExpression,,fastq,,NF0012,,experimentalData,,NF0012-3-6-D+C,,syn11374354,,Cutaneous Neurofibroma,,-/-,,+/+,,pairedEnd,,Neurofibromatosis type 1,,A 3D Cutaneous Neurofibroma Model for Automated High-Throughput Drug Screenings,,Illumina NovaSeq 6000,,inward,,"Cytokines,DMEM",,RNASeqTemplate,,Smart-seq2,,RNA-seq,,Homo sapiens,,NTAP,,No,,Cutaneous Neurofibroma Initiative,,skin,,2,,reverse,,No,,No,,Yes,,4,,Flash frozen,,,,,,,,,,,,,,,,,,,,,,,,,,,,,,,,,,,,,,,,,,,,,,,,,,,,,,,,,,,,,,,,,,,,,,,,,,,,,,,,,,,,,,,,,
28_S28_L002_R1_001.fastq.gz,28_S28_L002_R1_001.fastq.gz,raw,,geneExpression,,fastq,,NF0012,,experimentalData,,NF0012-3-6-D+C,,syn11374354,,Cutaneous Neurofibroma,,-/-,,+/+,,pairedEnd,,Neurofibromatosis type 1,,A 3D Cutaneous Neurofibroma Model for Automated High-Throughput Drug Screenings,,Illumina NovaSeq 6000,,inward,,"Cytokines,DMEM",,RNASeqTemplate,,Smart-seq2,,RNA-seq,,Homo sapiens,,NTAP,,No,,Cutaneous Neurofibroma Initiative,,skin,,1,,reverse,,No,,No,,Yes,,4,,Flash frozen,,,,,,,,,,,,,,,,,,,,,,,,,,,,,,,,,,,,,,,,,,,,,,,,,,,,,,,,,,,,,,,,,,,,,,,,,,,,,,,,,,,,,,,,,
28_S28_L002_R2_001.fastq.gz,28_S28_L002_R2_001.fastq.gz,raw,,geneExpression,,fastq,,NF0012,,experimentalData,,NF0012-3-6-D+C,,syn11374354,,Cutaneous Neurofibroma,,-/-,,+/+,,pairedEnd,,Neurofibromatosis type 1,,A 3D Cutaneous Neurofibroma Model for Automated High-Throughput Drug Screenings,,Illumina NovaSeq 6000,,inward,,"Cytokines,DMEM",,RNASeqTemplate,,Smart-seq2,,RNA-seq,,Homo sapiens,,NTAP,,No,,Cutaneous Neurofibroma Initiative,,skin,,2,,reverse,,No,,No,,Yes,,4,,Flash frozen,,,,,,,,,,,,,,,,,,,,,,,,,,,,,,,,,,,,,,,,,,,,,,,,,,,,,,,,,,,,,,,,,,,,,,,,,,,,,,,,,,,,,,,,,
28_S28_L003_R1_001.fastq.gz,28_S28_L003_R1_001.fastq.gz,raw,,geneExpression,,fastq,,NF0012,,experimentalData,,NF0012-3-6-D+C,,syn11374354,,Cutaneous Neurofibroma,,-/-,,+/+,,pairedEnd,,Neurofibromatosis type 1,,A 3D Cutaneous Neurofibroma Model for Automated High-Throughput Drug Screenings,,Illumina NovaSeq 6000,,inward,,"Cytokines,DMEM",,RNASeqTemplate,,Smart-seq2,,RNA-seq,,Homo sapiens,,NTAP,,No,,Cutaneous Neurofibroma Initiative,,skin,,1,,reverse,,No,,No,,Yes,,4,,Flash frozen,,,,,,,,,,,,,,,,,,,,,,,,,,,,,,,,,,,,,,,,,,,,,,,,,,,,,,,,,,,,,,,,,,,,,,,,,,,,,,,,,,,,,,,,,
28_S28_L003_R2_001.fastq.gz,28_S28_L003_R2_001.fastq.gz,raw,,geneExpression,,fastq,,NF0012,,experimentalData,,NF0012-3-6-D+C,,syn11374354,,Cutaneous Neurofibroma,,-/-,,+/+,,pairedEnd,,Neurofibromatosis type 1,,A 3D Cutaneous Neurofibroma Model for Automated High-Throughput Drug Screenings,,Illumina NovaSeq 6000,,inward,,"Cytokines,DMEM",,RNASeqTemplate,,Smart-seq2,,RNA-seq,,Homo sapiens,,NTAP,,No,,Cutaneous Neurofibroma Initiative,,skin,,2,,reverse,,No,,No,,Yes,,4,,Flash frozen,,,,,,,,,,,,,,,,,,,,,,,,,,,,,,,,,,,,,,,,,,,,,,,,,,,,,,,,,,,,,,,,,,,,,,,,,,,,,,,,,,,,,,,,,
29_S29_L001_R1_001.fastq.gz,29_S29_L001_R1_001.fastq.gz,raw,,geneExpression,,fastq,,NF0012,,experimentalData,,NF0012-3-6-D+C+F,,syn11374354,,Cutaneous Neurofibroma,,-/-,,+/+,,pairedEnd,,Neurofibromatosis type 1,,A 3D Cutaneous Neurofibroma Model for Automated High-Throughput Drug Screenings,,Illumina NovaSeq 6000,,inward,,"Cytokines,DMEM,Forskoline",,RNASeqTemplate,,Smart-seq2,,RNA-seq,,Homo sapiens,,NTAP,,No,,Cutaneous Neurofibroma Initiative,,skin,,1,,reverse,,No,,No,,Yes,,4,,Flash frozen,,,,,,,,,,,,,,,,,,,,,,,,,,,,,,,,,,,,,,,,,,,,,,,,,,,,,,,,,,,,,,,,,,,,,,,,,,,,,,,,,,,,,,,,,
29_S29_L001_R2_001.fastq.gz,29_S29_L001_R2_001.fastq.gz,raw,,geneExpression,,fastq,,NF0012,,experimentalData,,NF0012-3-6-D+C+F,,syn11374354,,Cutaneous Neurofibroma,,-/-,,+/+,,pairedEnd,,Neurofibromatosis type 1,,A 3D Cutaneous Neurofibroma Model for Automated High-Throughput Drug Screenings,,Illumina NovaSeq 6000,,inward,,"Cytokines,DMEM,Forskoline",,RNASeqTemplate,,Smart-seq2,,RNA-seq,,Homo sapiens,,NTAP,,No,,Cutaneous Neurofibroma Initiative,,skin,,2,,reverse,,No,,No,,Yes,,4,,Flash frozen,,,,,,,,,,,,,,,,,,,,,,,,,,,,,,,,,,,,,,,,,,,,,,,,,,,,,,,,,,,,,,,,,,,,,,,,,,,,,,,,,,,,,,,,,
29_S29_L002_R1_001.fastq.gz,29_S29_L002_R1_001.fastq.gz,raw,,geneExpression,,fastq,,NF0012,,experimentalData,,NF0012-3-6-D+C+F,,syn11374354,,Cutaneous Neurofibroma,,-/-,,+/+,,pairedEnd,,Neurofibromatosis type 1,,A 3D Cutaneous Neurofibroma Model for Automated High-Throughput Drug Screenings,,Illumina NovaSeq 6000,,inward,,"Cytokines,DMEM,Forskoline",,RNASeqTemplate,,Smart-seq2,,RNA-seq,,Homo sapiens,,NTAP,,No,,Cutaneous Neurofibroma Initiative,,skin,,1,,reverse,,No,,No,,Yes,,4,,Flash frozen,,,,,,,,,,,,,,,,,,,,,,,,,,,,,,,,,,,,,,,,,,,,,,,,,,,,,,,,,,,,,,,,,,,,,,,,,,,,,,,,,,,,,,,,,
29_S29_L002_R2_001.fastq.gz,29_S29_L002_R2_001.fastq.gz,raw,,geneExpression,,fastq,,NF0012,,experimentalData,,NF0012-3-6-D+C+F,,syn11374354,,Cutaneous Neurofibroma,,-/-,,+/+,,pairedEnd,,Neurofibromatosis type 1,,A 3D Cutaneous Neurofibroma Model for Automated High-Throughput Drug Screenings,,Illumina NovaSeq 6000,,inward,,"Cytokines,DMEM,Forskoline",,RNASeqTemplate,,Smart-seq2,,RNA-seq,,Homo sapiens,,NTAP,,No,,Cutaneous Neurofibroma Initiative,,skin,,2,,reverse,,No,,No,,Yes,,4,,Flash frozen,,,,,,,,,,,,,,,,,,,,,,,,,,,,,,,,,,,,,,,,,,,,,,,,,,,,,,,,,,,,,,,,,,,,,,,,,,,,,,,,,,,,,,,,,
29_S29_L003_R1_001.fastq.gz,29_S29_L003_R1_001.fastq.gz,raw,,geneExpression,,fastq,,NF0012,,experimentalData,,NF0012-3-6-D+C+F,,syn11374354,,Cutaneous Neurofibroma,,-/-,,+/+,,pairedEnd,,Neurofibromatosis type 1,,A 3D Cutaneous Neurofibroma Model for Automated High-Throughput Drug Screenings,,Illumina NovaSeq 6000,,inward,,"Cytokines,DMEM,Forskoline",,RNASeqTemplate,,Smart-seq2,,RNA-seq,,Homo sapiens,,NTAP,,No,,Cutaneous Neurofibroma Initiative,,skin,,1,,reverse,,No,,No,,Yes,,4,,Flash frozen,,,,,,,,,,,,,,,,,,,,,,,,,,,,,,,,,,,,,,,,,,,,,,,,,,,,,,,,,,,,,,,,,,,,,,,,,,,,,,,,,,,,,,,,,
29_S29_L003_R2_001.fastq.gz,29_S29_L003_R2_001.fastq.gz,raw,,geneExpression,,fastq,,NF0012,,experimentalData,,NF0012-3-6-D+C+F,,syn11374354,,Cutaneous Neurofibroma,,-/-,,+/+,,pairedEnd,,Neurofibromatosis type 1,,A 3D Cutaneous Neurofibroma Model for Automated High-Throughput Drug Screenings,,Illumina NovaSeq 6000,,inward,,"Cytokines,DMEM,Forskoline",,RNASeqTemplate,,Smart-seq2,,RNA-seq,,Homo sapiens,,NTAP,,No,,Cutaneous Neurofibroma Initiative,,skin,,2,,reverse,,No,,No,,Yes,,4,,Flash frozen,,,,,,,,,,,,,,,,,,,,,,,,,,,,,,,,,,,,,,,,,,,,,,,,,,,,,,,,,,,,,,,,,,,,,,,,,,,,,,,,,,,,,,,,,
2_S2_L001_R1_001.fastq.gz,2_S2_L001_R1_001.fastq.gz,raw,,geneExpression,,fastq,,NF0007,,experimentalData,,NF0007-4,,syn11374354,,Cutaneous Neurofibroma,,-/-,,+/+,,pairedEnd,,Neurofibromatosis type 1,,A 3D Cutaneous Neurofibroma Model for Automated High-Throughput Drug Screenings,,Illumina NovaSeq 6000,,inward,,,,RNASeqTemplate,,Smart-seq2,,RNA-seq,,Homo sapiens,,NTAP,,No,,Cutaneous Neurofibroma Initiative,,skin,,1,,reverse,,No,,No,,Yes,,4,,Flash frozen,,,,,,,,,,,,,,,,,,,,,,,,,,,,,,,,,,,,,,,,,,,,,,,,,,,,,,,,,,,,,,,,,,,,,,,,,,,,,,,,,,,,,,,,,
2_S2_L001_R2_001.fastq.gz,2_S2_L001_R2_001.fastq.gz,raw,,geneExpression,,fastq,,NF0007,,experimentalData,,NF0007-4,,syn11374354,,Cutaneous Neurofibroma,,-/-,,+/+,,pairedEnd,,Neurofibromatosis type 1,,A 3D Cutaneous Neurofibroma Model for Automated High-Throughput Drug Screenings,,Illumina NovaSeq 6000,,inward,,,,RNASeqTemplate,,Smart-seq2,,RNA-seq,,Homo sapiens,,NTAP,,No,,Cutaneous Neurofibroma Initiative,,skin,,2,,reverse,,No,,No,,Yes,,4,,Flash frozen,,,,,,,,,,,,,,,,,,,,,,,,,,,,,,,,,,,,,,,,,,,,,,,,,,,,,,,,,,,,,,,,,,,,,,,,,,,,,,,,,,,,,,,,,
2_S2_L002_R1_001.fastq.gz,2_S2_L002_R1_001.fastq.gz,raw,,geneExpression,,fastq,,NF0007,,experimentalData,,NF0007-4,,syn11374354,,Cutaneous Neurofibroma,,-/-,,+/+,,pairedEnd,,Neurofibromatosis type 1,,A 3D Cutaneous Neurofibroma Model for Automated High-Throughput Drug Screenings,,Illumina NovaSeq 6000,,inward,,,,RNASeqTemplate,,Smart-seq2,,RNA-seq,,Homo sapiens,,NTAP,,No,,Cutaneous Neurofibroma Initiative,,skin,,1,,reverse,,No,,No,,Yes,,4,,Flash frozen,,,,,,,,,,,,,,,,,,,,,,,,,,,,,,,,,,,,,,,,,,,,,,,,,,,,,,,,,,,,,,,,,,,,,,,,,,,,,,,,,,,,,,,,,
2_S2_L002_R2_001.fastq.gz,2_S2_L002_R2_001.fastq.gz,raw,,geneExpression,,fastq,,NF0007,,experimentalData,,NF0007-4,,syn11374354,,Cutaneous Neurofibroma,,-/-,,+/+,,pairedEnd,,Neurofibromatosis type 1,,A 3D Cutaneous Neurofibroma Model for Automated High-Throughput Drug Screenings,,Illumina NovaSeq 6000,,inward,,,,RNASeqTemplate,,Smart-seq2,,RNA-seq,,Homo sapiens,,NTAP,,No,,Cutaneous Neurofibroma Initiative,,skin,,2,,reverse,,No,,No,,Yes,,4,,Flash frozen,,,,,,,,,,,,,,,,,,,,,,,,,,,,,,,,,,,,,,,,,,,,,,,,,,,,,,,,,,,,,,,,,,,,,,,,,,,,,,,,,,,,,,,,,
2_S2_L003_R1_001.fastq.gz,2_S2_L003_R1_001.fastq.gz,raw,,geneExpression,,fastq,,NF0007,,experimentalData,,NF0007-4,,syn11374354,,Cutaneous Neurofibroma,,-/-,,+/+,,pairedEnd,,Neurofibromatosis type 1,,A 3D Cutaneous Neurofibroma Model for Automated High-Throughput Drug Screenings,,Illumina NovaSeq 6000,,inward,,,,RNASeqTemplate,,Smart-seq2,,RNA-seq,,Homo sapiens,,NTAP,,No,,Cutaneous Neurofibroma Initiative,,skin,,1,,reverse,,No,,No,,Yes,,4,,Flash frozen,,,,,,,,,,,,,,,,,,,,,,,,,,,,,,,,,,,,,,,,,,,,,,,,,,,,,,,,,,,,,,,,,,,,,,,,,,,,,,,,,,,,,,,,,
2_S2_L003_R2_001.fastq.gz,2_S2_L003_R2_001.fastq.gz,raw,,geneExpression,,fastq,,NF0007,,experimentalData,,NF0007-4,,syn11374354,,Cutaneous Neurofibroma,,-/-,,+/+,,pairedEnd,,Neurofibromatosis type 1,,A 3D Cutaneous Neurofibroma Model for Automated High-Throughput Drug Screenings,,Illumina NovaSeq 6000,,inward,,,,RNASeqTemplate,,Smart-seq2,,RNA-seq,,Homo sapiens,,NTAP,,No,,Cutaneous Neurofibroma Initiative,,skin,,2,,reverse,,No,,No,,Yes,,4,,Flash frozen,,,,,,,,,,,,,,,,,,,,,,,,,,,,,,,,,,,,,,,,,,,,,,,,,,,,,,,,,,,,,,,,,,,,,,,,,,,,,,,,,,,,,,,,,
30_S30_L001_R1_001.fastq.gz,30_S30_L001_R1_001.fastq.gz,raw,,geneExpression,,fastq,,NF0012,,experimentalData,,NF0012-3-6 S,,syn11374354,,Cutaneous Neurofibroma,,-/-,,+/+,,pairedEnd,,Neurofibromatosis type 1,,A 3D Cutaneous Neurofibroma Model for Automated High-Throughput Drug Screenings,,Illumina NovaSeq 6000,,inward,,StemPro,,RNASeqTemplate,,Smart-seq2,,RNA-seq,,Homo sapiens,,NTAP,,No,,Cutaneous Neurofibroma Initiative,,skin,,1,,reverse,,No,,No,,Yes,,4,,Flash frozen,,,,,,,,,,,,,,,,,,,,,,,,,,,,,,,,,,,,,,,,,,,,,,,,,,,,,,,,,,,,,,,,,,,,,,,,,,,,,,,,,,,,,,,,,
30_S30_L001_R2_001.fastq.gz,30_S30_L001_R2_001.fastq.gz,raw,,geneExpression,,fastq,,NF0012,,experimentalData,,NF0012-3-6 S,,syn11374354,,Cutaneous Neurofibroma,,-/-,,+/+,,pairedEnd,,Neurofibromatosis type 1,,A 3D Cutaneous Neurofibroma Model for Automated High-Throughput Drug Screenings,,Illumina NovaSeq 6000,,inward,,StemPro,,RNASeqTemplate,,Smart-seq2,,RNA-seq,,Homo sapiens,,NTAP,,No,,Cutaneous Neurofibroma Initiative,,skin,,2,,reverse,,No,,No,,Yes,,4,,Flash frozen,,,,,,,,,,,,,,,,,,,,,,,,,,,,,,,,,,,,,,,,,,,,,,,,,,,,,,,,,,,,,,,,,,,,,,,,,,,,,,,,,,,,,,,,,
30_S30_L002_R1_001.fastq.gz,30_S30_L002_R1_001.fastq.gz,raw,,geneExpression,,fastq,,NF0012,,experimentalData,,NF0012-3-6 S,,syn11374354,,Cutaneous Neurofibroma,,-/-,,+/+,,pairedEnd,,Neurofibromatosis type 1,,A 3D Cutaneous Neurofibroma Model for Automated High-Throughput Drug Screenings,,Illumina NovaSeq 6000,,inward,,StemPro,,RNASeqTemplate,,Smart-seq2,,RNA-seq,,Homo sapiens,,NTAP,,No,,Cutaneous Neurofibroma Initiative,,skin,,1,,reverse,,No,,No,,Yes,,4,,Flash frozen,,,,,,,,,,,,,,,,,,,,,,,,,,,,,,,,,,,,,,,,,,,,,,,,,,,,,,,,,,,,,,,,,,,,,,,,,,,,,,,,,,,,,,,,,
30_S30_L002_R2_001.fastq.gz,30_S30_L002_R2_001.fastq.gz,raw,,geneExpression,,fastq,,NF0012,,experimentalData,,NF0012-3-6 S,,syn11374354,,Cutaneous Neurofibroma,,-/-,,+/+,,pairedEnd,,Neurofibromatosis type 1,,A 3D Cutaneous Neurofibroma Model for Automated High-Throughput Drug Screenings,,Illumina NovaSeq 6000,,inward,,StemPro,,RNASeqTemplate,,Smart-seq2,,RNA-seq,,Homo sapiens,,NTAP,,No,,Cutaneous Neurofibroma Initiative,,skin,,2,,reverse,,No,,No,,Yes,,4,,Flash frozen,,,,,,,,,,,,,,,,,,,,,,,,,,,,,,,,,,,,,,,,,,,,,,,,,,,,,,,,,,,,,,,,,,,,,,,,,,,,,,,,,,,,,,,,,
30_S30_L003_R1_001.fastq.gz,30_S30_L003_R1_001.fastq.gz,raw,,geneExpression,,fastq,,NF0012,,experimentalData,,NF0012-3-6 S,,syn11374354,,Cutaneous Neurofibroma,,-/-,,+/+,,pairedEnd,,Neurofibromatosis type 1,,A 3D Cutaneous Neurofibroma Model for Automated High-Throughput Drug Screenings,,Illumina NovaSeq 6000,,inward,,StemPro,,RNASeqTemplate,,Smart-seq2,,RNA-seq,,Homo sapiens,,NTAP,,No,,Cutaneous Neurofibroma Initiative,,skin,,1,,reverse,,No,,No,,Yes,,4,,Flash frozen,,,,,,,,,,,,,,,,,,,,,,,,,,,,,,,,,,,,,,,,,,,,,,,,,,,,,,,,,,,,,,,,,,,,,,,,,,,,,,,,,,,,,,,,,
30_S30_L003_R2_001.fastq.gz,30_S30_L003_R2_001.fastq.gz,raw,,geneExpression,,fastq,,NF0012,,experimentalData,,NF0012-3-6 S,,syn11374354,,Cutaneous Neurofibroma,,-/-,,+/+,,pairedEnd,,Neurofibromatosis type 1,,A 3D Cutaneous Neurofibroma Model for Automated High-Throughput Drug Screenings,,Illumina NovaSeq 6000,,inward,,StemPro,,RNASeqTemplate,,Smart-seq2,,RNA-seq,,Homo sapiens,,NTAP,,No,,Cutaneous Neurofibroma Initiative,,skin,,2,,reverse,,No,,No,,Yes,,4,,Flash frozen,,,,,,,,,,,,,,,,,,,,,,,,,,,,,,,,,,,,,,,,,,,,,,,,,,,,,,,,,,,,,,,,,,,,,,,,,,,,,,,,,,,,,,,,,
31_S31_L001_R1_001.fastq.gz,31_S31_L001_R1_001.fastq.gz,raw,,geneExpression,,fastq,,NF0012,,experimentalData,,NF0012-3-6-S+C,,syn11374354,,Cutaneous Neurofibroma,,-/-,,+/+,,pairedEnd,,Neurofibromatosis type 1,,A 3D Cutaneous Neurofibroma Model for Automated High-Throughput Drug Screenings,,Illumina NovaSeq 6000,,inward,,"Cytokines,StemPro",,RNASeqTemplate,,Smart-seq2,,RNA-seq,,Homo sapiens,,NTAP,,No,,Cutaneous Neurofibroma Initiative,,skin,,1,,reverse,,No,,No,,Yes,,4,,Flash frozen,,,,,,,,,,,,,,,,,,,,,,,,,,,,,,,,,,,,,,,,,,,,,,,,,,,,,,,,,,,,,,,,,,,,,,,,,,,,,,,,,,,,,,,,,
31_S31_L001_R2_001.fastq.gz,31_S31_L001_R2_001.fastq.gz,raw,,geneExpression,,fastq,,NF0012,,experimentalData,,NF0012-3-6-S+C,,syn11374354,,Cutaneous Neurofibroma,,-/-,,+/+,,pairedEnd,,Neurofibromatosis type 1,,A 3D Cutaneous Neurofibroma Model for Automated High-Throughput Drug Screenings,,Illumina NovaSeq 6000,,inward,,"Cytokines,StemPro",,RNASeqTemplate,,Smart-seq2,,RNA-seq,,Homo sapiens,,NTAP,,No,,Cutaneous Neurofibroma Initiative,,skin,,2,,reverse,,No,,No,,Yes,,4,,Flash frozen,,,,,,,,,,,,,,,,,,,,,,,,,,,,,,,,,,,,,,,,,,,,,,,,,,,,,,,,,,,,,,,,,,,,,,,,,,,,,,,,,,,,,,,,,
31_S31_L002_R1_001.fastq.gz,31_S31_L002_R1_001.fastq.gz,raw,,geneExpression,,fastq,,NF0012,,experimentalData,,NF0012-3-6-S+C,,syn11374354,,Cutaneous Neurofibroma,,-/-,,+/+,,pairedEnd,,Neurofibromatosis type 1,,A 3D Cutaneous Neurofibroma Model for Automated High-Throughput Drug Screenings,,Illumina NovaSeq 6000,,inward,,"Cytokines,StemPro",,RNASeqTemplate,,Smart-seq2,,RNA-seq,,Homo sapiens,,NTAP,,No,,Cutaneous Neurofibroma Initiative,,skin,,1,,reverse,,No,,No,,Yes,,4,,Flash frozen,,,,,,,,,,,,,,,,,,,,,,,,,,,,,,,,,,,,,,,,,,,,,,,,,,,,,,,,,,,,,,,,,,,,,,,,,,,,,,,,,,,,,,,,,
31_S31_L002_R2_001.fastq.gz,31_S31_L002_R2_001.fastq.gz,raw,,geneExpression,,fastq,,NF0012,,experimentalData,,NF0012-3-6-S+C,,syn11374354,,Cutaneous Neurofibroma,,-/-,,+/+,,pairedEnd,,Neurofibromatosis type 1,,A 3D Cutaneous Neurofibroma Model for Automated High-Throughput Drug Screenings,,Illumina NovaSeq 6000,,inward,,"Cytokines,StemPro",,RNASeqTemplate,,Smart-seq2,,RNA-seq,,Homo sapiens,,NTAP,,No,,Cutaneous Neurofibroma Initiative,,skin,,2,,reverse,,No,,No,,Yes,,4,,Flash frozen,,,,,,,,,,,,,,,,,,,,,,,,,,,,,,,,,,,,,,,,,,,,,,,,,,,,,,,,,,,,,,,,,,,,,,,,,,,,,,,,,,,,,,,,,
31_S31_L003_R1_001.fastq.gz,31_S31_L003_R1_001.fastq.gz,raw,,geneExpression,,fastq,,NF0012,,experimentalData,,NF0012-3-6-S+C,,syn11374354,,Cutaneous Neurofibroma,,-/-,,+/+,,pairedEnd,,Neurofibromatosis type 1,,A 3D Cutaneous Neurofibroma Model for Automated High-Throughput Drug Screenings,,Illumina NovaSeq 6000,,inward,,"Cytokines,StemPro",,RNASeqTemplate,,Smart-seq2,,RNA-seq,,Homo sapiens,,NTAP,,No,,Cutaneous Neurofibroma Initiative,,skin,,1,,reverse,,No,,No,,Yes,,4,,Flash frozen,,,,,,,,,,,,,,,,,,,,,,,,,,,,,,,,,,,,,,,,,,,,,,,,,,,,,,,,,,,,,,,,,,,,,,,,,,,,,,,,,,,,,,,,,
31_S31_L003_R2_001.fastq.gz,31_S31_L003_R2_001.fastq.gz,raw,,geneExpression,,fastq,,NF0012,,experimentalData,,NF0012-3-6-S+C,,syn11374354,,Cutaneous Neurofibroma,,-/-,,+/+,,pairedEnd,,Neurofibromatosis type 1,,A 3D Cutaneous Neurofibroma Model for Automated High-Throughput Drug Screenings,,Illumina NovaSeq 6000,,inward,,"Cytokines,StemPro",,RNASeqTemplate,,Smart-seq2,,RNA-seq,,Homo sapiens,,NTAP,,No,,Cutaneous Neurofibroma Initiative,,skin,,2,,reverse,,No,,No,,Yes,,4,,Flash frozen,,,,,,,,,,,,,,,,,,,,,,,,,,,,,,,,,,,,,,,,,,,,,,,,,,,,,,,,,,,,,,,,,,,,,,,,,,,,,,,,,,,,,,,,,
32_S32_L001_R1_001.fastq.gz,32_S32_L001_R1_001.fastq.gz,raw,,geneExpression,,fastq,,NF0012,,experimentalData,,NF0012-3-6-S+C+F,,syn11374354,,Cutaneous Neurofibroma,,-/-,,+/+,,pairedEnd,,Neurofibromatosis type 1,,A 3D Cutaneous Neurofibroma Model for Automated High-Throughput Drug Screenings,,Illumina NovaSeq 6000,,inward,,"Cytokines,Forskoline,StemPro",,RNASeqTemplate,,Smart-seq2,,RNA-seq,,Homo sapiens,,NTAP,,No,,Cutaneous Neurofibroma Initiative,,skin,,1,,reverse,,No,,No,,Yes,,4,,Flash frozen,,,,,,,,,,,,,,,,,,,,,,,,,,,,,,,,,,,,,,,,,,,,,,,,,,,,,,,,,,,,,,,,,,,,,,,,,,,,,,,,,,,,,,,,,
32_S32_L001_R2_001.fastq.gz,32_S32_L001_R2_001.fastq.gz,raw,,geneExpression,,fastq,,NF0012,,experimentalData,,NF0012-3-6-S+C+F,,syn11374354,,Cutaneous Neurofibroma,,-/-,,+/+,,pairedEnd,,Neurofibromatosis type 1,,A 3D Cutaneous Neurofibroma Model for Automated High-Throughput Drug Screenings,,Illumina NovaSeq 6000,,inward,,"Cytokines,Forskoline,StemPro",,RNASeqTemplate,,Smart-seq2,,RNA-seq,,Homo sapiens,,NTAP,,No,,Cutaneous Neurofibroma Initiative,,skin,,2,,reverse,,No,,No,,Yes,,4,,Flash frozen,,,,,,,,,,,,,,,,,,,,,,,,,,,,,,,,,,,,,,,,,,,,,,,,,,,,,,,,,,,,,,,,,,,,,,,,,,,,,,,,,,,,,,,,,
32_S32_L002_R1_001.fastq.gz,32_S32_L002_R1_001.fastq.gz,raw,,geneExpression,,fastq,,NF0012,,experimentalData,,NF0012-3-6-S+C+F,,syn11374354,,Cutaneous Neurofibroma,,-/-,,+/+,,pairedEnd,,Neurofibromatosis type 1,,A 3D Cutaneous Neurofibroma Model for Automated High-Throughput Drug Screenings,,Illumina NovaSeq 6000,,inward,,"Cytokines,Forskoline,StemPro",,RNASeqTemplate,,Smart-seq2,,RNA-seq,,Homo sapiens,,NTAP,,No,,Cutaneous Neurofibroma Initiative,,skin,,1,,reverse,,No,,No,,Yes,,4,,Flash frozen,,,,,,,,,,,,,,,,,,,,,,,,,,,,,,,,,,,,,,,,,,,,,,,,,,,,,,,,,,,,,,,,,,,,,,,,,,,,,,,,,,,,,,,,,
32_S32_L002_R2_001.fastq.gz,32_S32_L002_R2_001.fastq.gz,raw,,geneExpression,,fastq,,NF0012,,experimentalData,,NF0012-3-6-S+C+F,,syn11374354,,Cutaneous Neurofibroma,,-/-,,+/+,,pairedEnd,,Neurofibromatosis type 1,,A 3D Cutaneous Neurofibroma Model for Automated High-Throughput Drug Screenings,,Illumina NovaSeq 6000,,inward,,"Cytokines,Forskoline,StemPro",,RNASeqTemplate,,Smart-seq2,,RNA-seq,,Homo sapiens,,NTAP,,No,,Cutaneous Neurofibroma Initiative,,skin,,2,,reverse,,No,,No,,Yes,,4,,Flash frozen,,,,,,,,,,,,,,,,,,,,,,,,,,,,,,,,,,,,,,,,,,,,,,,,,,,,,,,,,,,,,,,,,,,,,,,,,,,,,,,,,,,,,,,,,
32_S32_L003_R1_001.fastq.gz,32_S32_L003_R1_001.fastq.gz,raw,,geneExpression,,fastq,,NF0012,,experimentalData,,NF0012-3-6-S+C+F,,syn11374354,,Cutaneous Neurofibroma,,-/-,,+/+,,pairedEnd,,Neurofibromatosis type 1,,A 3D Cutaneous Neurofibroma Model for Automated High-Throughput Drug Screenings,,Illumina NovaSeq 6000,,inward,,"Cytokines,Forskoline,StemPro",,RNASeqTemplate,,Smart-seq2,,RNA-seq,,Homo sapiens,,NTAP,,No,,Cutaneous Neurofibroma Initiative,,skin,,1,,reverse,,No,,No,,Yes,,4,,Flash frozen,,,,,,,,,,,,,,,,,,,,,,,,,,,,,,,,,,,,,,,,,,,,,,,,,,,,,,,,,,,,,,,,,,,,,,,,,,,,,,,,,,,,,,,,,
32_S32_L003_R2_001.fastq.gz,32_S32_L003_R2_001.fastq.gz,raw,,geneExpression,,fastq,,NF0012,,experimentalData,,NF0012-3-6-S+C+F,,syn11374354,,Cutaneous Neurofibroma,,-/-,,+/+,,pairedEnd,,Neurofibromatosis type 1,,A 3D Cutaneous Neurofibroma Model for Automated High-Throughput Drug Screenings,,Illumina NovaSeq 6000,,inward,,"Cytokines,Forskoline,StemPro",,RNASeqTemplate,,Smart-seq2,,RNA-seq,,Homo sapiens,,NTAP,,No,,Cutaneous Neurofibroma Initiative,,skin,,2,,reverse,,No,,No,,Yes,,4,,Flash frozen,,,,,,,,,,,,,,,,,,,,,,,,,,,,,,,,,,,,,,,,,,,,,,,,,,,,,,,,,,,,,,,,,,,,,,,,,,,,,,,,,,,,,,,,,
33_S33_L001_R1_001.fastq.gz,33_S33_L001_R1_001.fastq.gz,raw,Raw,geneExpression,RNAseq,fastq,Gzip,NF0009,,experimentalData,Result,NF0009-1 M,,syn11374354,cNF Organoid Study,Cutaneous Neurofibroma,,-/-,,+/+,,pairedEnd,PairedEnd,Neurofibromatosis type 1,Neurofibromatosistype1,A 3D Cutaneous Neurofibroma Model for Automated High-Throughput Drug Screenings,A rapid platform for 3D patient-derived cutaneous neurofibroma organoid establishment and screening,Illumina NovaSeq 6000,IlluminaNovaSeq6000,inward,Fr-firststrand,Mammo,,RNASeqTemplate,,Smart-seq2,Illumina TruSeq,RNA-seq,RNA-seq,Homo sapiens,Musmusculus,NTAP,,No,,Cutaneous Neurofibroma Initiative,,skin,Skin,1,Read 1,reverse,,No,No,No,,Yes,Yes,4,,Flash frozen,Freshcollected,ControlledAccess,,,,,,,,,,,,,,,,,,,,,,,,,,,,,,,,,,,,,,,,,,,,Yes,,No,,,,SecondStranded,,,,,,Bulkcell,,,,,,,,,,,,,,,,,,,,,,,,,,,,,,,
33_S33_L001_R2_001.fastq.gz,33_S33_L001_R2_001.fastq.gz,raw,Raw,geneExpression,RNAseq,fastq,Gzip,NF0009,,experimentalData,Result,NF0009-1 M,,syn11374354,cNF Organoid Study,Cutaneous Neurofibroma,,-/-,,+/+,,pairedEnd,PairedEnd,Neurofibromatosis type 1,Neurofibromatosistype1,A 3D Cutaneous Neurofibroma Model for Automated High-Throughput Drug Screenings,A rapid platform for 3D patient-derived cutaneous neurofibroma organoid establishment and screening,Illumina NovaSeq 6000,IlluminaNovaSeq6000,inward,Fr-firststrand,Mammo,,RNASeqTemplate,,Smart-seq2,Illumina TruSeq,RNA-seq,RNA-seq,Homo sapiens,Musmusculus,NTAP,,No,,Cutaneous Neurofibroma Initiative,,skin,Skin,2,Read 2,reverse,,No,No,No,,Yes,Yes,4,,Flash frozen,Freshcollected,ControlledAccess,,,,,,,,,,,,,,,,,,,,,,,,,,,,,,,,,,,,,,,,,,,,Yes,,No,,,,SecondStranded,,,,,,Bulkcell,,,,,,,,,,,,,,,,,,,,,,,,,,,,,,,
33_S33_L002_R1_001.fastq.gz,33_S33_L002_R1_001.fastq.gz,raw,Raw,geneExpression,RNAseq,fastq,Gzip,NF0009,,experimentalData,Result,NF0009-1 M,,syn11374354,cNF Organoid Study,Cutaneous Neurofibroma,,-/-,,+/+,,pairedEnd,PairedEnd,Neurofibromatosis type 1,Neurofibromatosistype1,A 3D Cutaneous Neurofibroma Model for Automated High-Throughput Drug Screenings,A rapid platform for 3D patient-derived cutaneous neurofibroma organoid establishment and screening,Illumina NovaSeq 6000,IlluminaNovaSeq6000,inward,Fr-firststrand,Mammo,,RNASeqTemplate,,Smart-seq2,Illumina TruSeq,RNA-seq,RNA-seq,Homo sapiens,Musmusculus,NTAP,,No,,Cutaneous Neurofibroma Initiative,,skin,Skin,1,Read 1,reverse,,No,No,No,,Yes,Yes,4,,Flash frozen,Freshcollected,ControlledAccess,,,,,,,,,,,,,,,,,,,,,,,,,,,,,,,,,,,,,,,,,,,,Yes,,No,,,,SecondStranded,,,,,,Bulkcell,,,,,,,,,,,,,,,,,,,,,,,,,,,,,,,
33_S33_L002_R2_001.fastq.gz,33_S33_L002_R2_001.fastq.gz,raw,Raw,geneExpression,RNAseq,fastq,Gzip,NF0009,,experimentalData,Result,NF0009-1 M,,syn11374354,cNF Organoid Study,Cutaneous Neurofibroma,,-/-,,+/+,,pairedEnd,PairedEnd,Neurofibromatosis type 1,Neurofibromatosistype1,A 3D Cutaneous Neurofibroma Model for Automated High-Throughput Drug Screenings,A rapid platform for 3D patient-derived cutaneous neurofibroma organoid establishment and screening,Illumina NovaSeq 6000,IlluminaNovaSeq6000,inward,Fr-firststrand,Mammo,,RNASeqTemplate,,Smart-seq2,Illumina TruSeq,RNA-seq,RNA-seq,Homo sapiens,Musmusculus,NTAP,,No,,Cutaneous Neurofibroma Initiative,,skin,Skin,2,Read 2,reverse,,No,No,No,,Yes,Yes,4,,Flash frozen,Freshcollected,ControlledAccess,,,,,,,,,,,,,,,,,,,,,,,,,,,,,,,,,,,,,,,,,,,,Yes,,No,,,,SecondStranded,,,,,,Bulkcell,,,,,,,,,,,,,,,,,,,,,,,,,,,,,,,
33_S33_L003_R1_001.fastq.gz,33_S33_L003_R1_001.fastq.gz,raw,Raw,geneExpression,RNAseq,fastq,Gzip,NF0009,,experimentalData,Result,NF0009-1 M,,syn11374354,cNF Organoid Study,Cutaneous Neurofibroma,,-/-,,+/+,,pairedEnd,PairedEnd,Neurofibromatosis type 1,Neurofibromatosistype1,A 3D Cutaneous Neurofibroma Model for Automated High-Throughput Drug Screenings,A rapid platform for 3D patient-derived cutaneous neurofibroma organoid establishment and screening,Illumina NovaSeq 6000,IlluminaNovaSeq6000,inward,Fr-firststrand,Mammo,,RNASeqTemplate,,Smart-seq2,Illumina TruSeq,RNA-seq,RNA-seq,Homo sapiens,Musmusculus,NTAP,,No,,Cutaneous Neurofibroma Initiative,,skin,Skin,1,Read 1,reverse,,No,No,No,,Yes,Yes,4,,Flash frozen,Freshcollected,ControlledAccess,,,,,,,,,,,,,,,,,,,,,,,,,,,,,,,,,,,,,,,,,,,,Yes,,No,,,,SecondStranded,,,,,,Bulkcell,,,,,,,,,,,,,,,,,,,,,,,,,,,,,,,
33_S33_L003_R2_001.fastq.gz,33_S33_L003_R2_001.fastq.gz,raw,Raw,geneExpression,RNAseq,fastq,Gzip,NF0009,,experimentalData,Result,NF0009-1 M,,syn11374354,cNF Organoid Study,Cutaneous Neurofibroma,,-/-,,+/+,,pairedEnd,PairedEnd,Neurofibromatosis type 1,Neurofibromatosistype1,A 3D Cutaneous Neurofibroma Model for Automated High-Throughput Drug Screenings,A rapid platform for 3D patient-derived cutaneous neurofibroma organoid establishment and screening,Illumina NovaSeq 6000,IlluminaNovaSeq6000,inward,Fr-firststrand,Mammo,,RNASeqTemplate,,Smart-seq2,Illumina TruSeq,RNA-seq,RNA-seq,Homo sapiens,Musmusculus,NTAP,,No,,Cutaneous Neurofibroma Initiative,,skin,Skin,2,Read 2,reverse,,No,No,No,,Yes,Yes,4,,Flash frozen,Freshcollected,ControlledAccess,,,,,,,,,,,,,,,,,,,,,,,,,,,,,,,,,,,,,,,,,,,,Yes,,No,,,,SecondStranded,,,,,,Bulkcell,,,,,,,,,,,,,,,,,,,,,,,,,,,,,,,
34_S34_L001_R1_001.fastq.gz,34_S34_L001_R1_001.fastq.gz,raw,,geneExpression,,fastq,,NF0009,,experimentalData,,NF0009-1-M+C,,syn11374354,cNF Organoid Study,Cutaneous Neurofibroma,,-/-,,+/+,,pairedEnd,,Neurofibromatosis type 1,Neurofibromatosistype1,A 3D Cutaneous Neurofibroma Model for Automated High-Throughput Drug Screenings,,Illumina NovaSeq 6000,,inward,Fr-firststrand,"Cytokines,Mammo",,RNASeqTemplate,,Smart-seq2,Illumina TruSeq,RNA-seq,,Homo sapiens,,NTAP,,No,,Cutaneous Neurofibroma Initiative,,skin,,1,,reverse,,No,,No,,Yes,Yes,4,,Flash frozen,,ControlledAccess,,,,,,,,,,,,,,,,,,,,,,,,,,,,,,,,,,,,,,,,,,,,,,,,,,,,,,,,,,,,,,,,,,,,,,,,,,,,,,,,,,,,,,,
34_S34_L001_R2_001.fastq.gz,34_S34_L001_R2_001.fastq.gz,raw,,geneExpression,,fastq,,NF0009,,experimentalData,,NF0009-1-M+C,,syn11374354,cNF Organoid Study,Cutaneous Neurofibroma,,-/-,,+/+,,pairedEnd,,Neurofibromatosis type 1,Neurofibromatosistype1,A 3D Cutaneous Neurofibroma Model for Automated High-Throughput Drug Screenings,,Illumina NovaSeq 6000,,inward,Fr-firststrand,"Cytokines,Mammo",,RNASeqTemplate,,Smart-seq2,Illumina TruSeq,RNA-seq,,Homo sapiens,,NTAP,,No,,Cutaneous Neurofibroma Initiative,,skin,,2,,reverse,,No,,No,,Yes,Yes,4,,Flash frozen,,ControlledAccess,,,,,,,,,,,,,,,,,,,,,,,,,,,,,,,,,,,,,,,,,,,,,,,,,,,,,,,,,,,,,,,,,,,,,,,,,,,,,,,,,,,,,,,
34_S34_L002_R1_001.fastq.gz,34_S34_L002_R1_001.fastq.gz,raw,,geneExpression,,fastq,,NF0009,,experimentalData,,NF0009-1-M+C,,syn11374354,cNF Organoid Study,Cutaneous Neurofibroma,,-/-,,+/+,,pairedEnd,,Neurofibromatosis type 1,Neurofibromatosistype1,A 3D Cutaneous Neurofibroma Model for Automated High-Throughput Drug Screenings,,Illumina NovaSeq 6000,,inward,Fr-firststrand,"Cytokines,Mammo",,RNASeqTemplate,,Smart-seq2,Illumina TruSeq,RNA-seq,,Homo sapiens,,NTAP,,No,,Cutaneous Neurofibroma Initiative,,skin,,1,,reverse,,No,,No,,Yes,Yes,4,,Flash frozen,,ControlledAccess,,,,,,,,,,,,,,,,,,,,,,,,,,,,,,,,,,,,,,,,,,,,,,,,,,,,,,,,,,,,,,,,,,,,,,,,,,,,,,,,,,,,,,,
34_S34_L002_R2_001.fastq.gz,34_S34_L002_R2_001.fastq.gz,raw,,geneExpression,,fastq,,NF0009,,experimentalData,,NF0009-1-M+C,,syn11374354,cNF Organoid Study,Cutaneous Neurofibroma,,-/-,,+/+,,pairedEnd,,Neurofibromatosis type 1,Neurofibromatosistype1,A 3D Cutaneous Neurofibroma Model for Automated High-Throughput Drug Screenings,,Illumina NovaSeq 6000,,inward,Fr-firststrand,"Cytokines,Mammo",,RNASeqTemplate,,Smart-seq2,Illumina TruSeq,RNA-seq,,Homo sapiens,,NTAP,,No,,Cutaneous Neurofibroma Initiative,,skin,,2,,reverse,,No,,No,,Yes,Yes,4,,Flash frozen,,ControlledAccess,,,,,,,,,,,,,,,,,,,,,,,,,,,,,,,,,,,,,,,,,,,,,,,,,,,,,,,,,,,,,,,,,,,,,,,,,,,,,,,,,,,,,,,
34_S34_L003_R1_001.fastq.gz,34_S34_L003_R1_001.fastq.gz,raw,,geneExpression,,fastq,,NF0009,,experimentalData,,NF0009-1-M+C,,syn11374354,,Cutaneous Neurofibroma,,-/-,,+/+,,pairedEnd,,Neurofibromatosis type 1,,A 3D Cutaneous Neurofibroma Model for Automated High-Throughput Drug Screenings,,Illumina NovaSeq 6000,,inward,,"Cytokines,Mammo",,RNASeqTemplate,,Smart-seq2,,RNA-seq,,Homo sapiens,,NTAP,,No,,Cutaneous Neurofibroma Initiative,,skin,,1,,reverse,,No,,No,,Yes,,4,,Flash frozen,,,,,,,,,,,,,,,,,,,,,,,,,,,,,,,,,,,,,,,,,,,,,,,,,,,,,,,,,,,,,,,,,,,,,,,,,,,,,,,,,,,,,,,,,
34_S34_L003_R2_001.fastq.gz,34_S34_L003_R2_001.fastq.gz,raw,,geneExpression,,fastq,,NF0009,,experimentalData,,NF0009-1-M+C,,syn11374354,,Cutaneous Neurofibroma,,-/-,,+/+,,pairedEnd,,Neurofibromatosis type 1,,A 3D Cutaneous Neurofibroma Model for Automated High-Throughput Drug Screenings,,Illumina NovaSeq 6000,,inward,,"Cytokines,Mammo",,RNASeqTemplate,,Smart-seq2,,RNA-seq,,Homo sapiens,,NTAP,,No,,Cutaneous Neurofibroma Initiative,,skin,,2,,reverse,,No,,No,,Yes,,4,,Flash frozen,,,,,,,,,,,,,,,,,,,,,,,,,,,,,,,,,,,,,,,,,,,,,,,,,,,,,,,,,,,,,,,,,,,,,,,,,,,,,,,,,,,,,,,,,
35_S35_L001_R1_001.fastq.gz,35_S35_L001_R1_001.fastq.gz,raw,,geneExpression,,fastq,,NF0009,,experimentalData,,NF0009-1-M+C+F,,syn11374354,,Cutaneous Neurofibroma,,-/-,,+/+,,pairedEnd,,Neurofibromatosis type 1,,A 3D Cutaneous Neurofibroma Model for Automated High-Throughput Drug Screenings,,Illumina NovaSeq 6000,,inward,,"Cytokines,Forskoline,Mammo",,RNASeqTemplate,,Smart-seq2,,RNA-seq,,Homo sapiens,,NTAP,,No,,Cutaneous Neurofibroma Initiative,,skin,,1,,reverse,,No,,No,,Yes,,4,,Flash frozen,,,,,,,,,,,,,,,,,,,,,,,,,,,,,,,,,,,,,,,,,,,,,,,,,,,,,,,,,,,,,,,,,,,,,,,,,,,,,,,,,,,,,,,,,
35_S35_L001_R2_001.fastq.gz,35_S35_L001_R2_001.fastq.gz,raw,,geneExpression,,fastq,,NF0009,,experimentalData,,NF0009-1-M+C+F,,syn11374354,,Cutaneous Neurofibroma,,-/-,,+/+,,pairedEnd,,Neurofibromatosis type 1,,A 3D Cutaneous Neurofibroma Model for Automated High-Throughput Drug Screenings,,Illumina NovaSeq 6000,,inward,,"Cytokines,Forskoline,Mammo",,RNASeqTemplate,,Smart-seq2,,RNA-seq,,Homo sapiens,,NTAP,,No,,Cutaneous Neurofibroma Initiative,,skin,,2,,reverse,,No,,No,,Yes,,4,,Flash frozen,,,,,,,,,,,,,,,,,,,,,,,,,,,,,,,,,,,,,,,,,,,,,,,,,,,,,,,,,,,,,,,,,,,,,,,,,,,,,,,,,,,,,,,,,
35_S35_L002_R1_001.fastq.gz,35_S35_L002_R1_001.fastq.gz,raw,,geneExpression,,fastq,,NF0009,,experimentalData,,NF0009-1-M+C+F,,syn11374354,,Cutaneous Neurofibroma,,-/-,,+/+,,pairedEnd,,Neurofibromatosis type 1,,A 3D Cutaneous Neurofibroma Model for Automated High-Throughput Drug Screenings,,Illumina NovaSeq 6000,,inward,,"Cytokines,Forskoline,Mammo",,RNASeqTemplate,,Smart-seq2,,RNA-seq,,Homo sapiens,,NTAP,,No,,Cutaneous Neurofibroma Initiative,,skin,,1,,reverse,,No,,No,,Yes,,4,,Flash frozen,,,,,,,,,,,,,,,,,,,,,,,,,,,,,,,,,,,,,,,,,,,,,,,,,,,,,,,,,,,,,,,,,,,,,,,,,,,,,,,,,,,,,,,,,
35_S35_L002_R2_001.fastq.gz,35_S35_L002_R2_001.fastq.gz,raw,,geneExpression,,fastq,,NF0009,,experimentalData,,NF0009-1-M+C+F,,syn11374354,,Cutaneous Neurofibroma,,-/-,,+/+,,pairedEnd,,Neurofibromatosis type 1,,A 3D Cutaneous Neurofibroma Model for Automated High-Throughput Drug Screenings,,Illumina NovaSeq 6000,,inward,,"Cytokines,Forskoline,Mammo",,RNASeqTemplate,,Smart-seq2,,RNA-seq,,Homo sapiens,,NTAP,,No,,Cutaneous Neurofibroma Initiative,,skin,,2,,reverse,,No,,No,,Yes,,4,,Flash frozen,,,,,,,,,,,,,,,,,,,,,,,,,,,,,,,,,,,,,,,,,,,,,,,,,,,,,,,,,,,,,,,,,,,,,,,,,,,,,,,,,,,,,,,,,
35_S35_L003_R1_001.fastq.gz,35_S35_L003_R1_001.fastq.gz,raw,,geneExpression,,fastq,,NF0009,,experimentalData,,NF0009-1-M+C+F,,syn11374354,,Cutaneous Neurofibroma,,-/-,,+/+,,pairedEnd,,Neurofibromatosis type 1,,A 3D Cutaneous Neurofibroma Model for Automated High-Throughput Drug Screenings,,Illumina NovaSeq 6000,,inward,,"Cytokines,Forskoline,Mammo",,RNASeqTemplate,,Smart-seq2,,RNA-seq,,Homo sapiens,,NTAP,,No,,Cutaneous Neurofibroma Initiative,,skin,,1,,reverse,,No,,No,,Yes,,4,,Flash frozen,,,,,,,,,,,,,,,,,,,,,,,,,,,,,,,,,,,,,,,,,,,,,,,,,,,,,,,,,,,,,,,,,,,,,,,,,,,,,,,,,,,,,,,,,
35_S35_L003_R2_001.fastq.gz,35_S35_L003_R2_001.fastq.gz,raw,,geneExpression,,fastq,,NF0009,,experimentalData,,NF0009-1-M+C+F,,syn11374354,,Cutaneous Neurofibroma,,-/-,,+/+,,pairedEnd,,Neurofibromatosis type 1,,A 3D Cutaneous Neurofibroma Model for Automated High-Throughput Drug Screenings,,Illumina NovaSeq 6000,,inward,,"Cytokines,Forskoline,Mammo",,RNASeqTemplate,,Smart-seq2,,RNA-seq,,Homo sapiens,,NTAP,,No,,Cutaneous Neurofibroma Initiative,,skin,,2,,reverse,,No,,No,,Yes,,4,,Flash frozen,,,,,,,,,,,,,,,,,,,,,,,,,,,,,,,,,,,,,,,,,,,,,,,,,,,,,,,,,,,,,,,,,,,,,,,,,,,,,,,,,,,,,,,,,
36_S36_L001_R1_001.fastq.gz,36_S36_L001_R1_001.fastq.gz,raw,,geneExpression,,fastq,,NF0009,,experimentalData,,NF0009-1 D,,syn11374354,,Cutaneous Neurofibroma,,-/-,,+/+,,pairedEnd,,Neurofibromatosis type 1,,A 3D Cutaneous Neurofibroma Model for Automated High-Throughput Drug Screenings,,Illumina NovaSeq 6000,,inward,,DMEM,,RNASeqTemplate,,Smart-seq2,,RNA-seq,,Homo sapiens,,NTAP,,No,,Cutaneous Neurofibroma Initiative,,skin,,1,,reverse,,No,,No,,Yes,,4,,Flash frozen,,,,,,,,,,,,,,,,,,,,,,,,,,,,,,,,,,,,,,,,,,,,,,,,,,,,,,,,,,,,,,,,,,,,,,,,,,,,,,,,,,,,,,,,,
36_S36_L001_R2_001.fastq.gz,36_S36_L001_R2_001.fastq.gz,raw,,geneExpression,,fastq,,NF0009,,experimentalData,,NF0009-1 D,,syn11374354,,Cutaneous Neurofibroma,,-/-,,+/+,,pairedEnd,,Neurofibromatosis type 1,,A 3D Cutaneous Neurofibroma Model for Automated High-Throughput Drug Screenings,,Illumina NovaSeq 6000,,inward,,DMEM,,RNASeqTemplate,,Smart-seq2,,RNA-seq,,Homo sapiens,,NTAP,,No,,Cutaneous Neurofibroma Initiative,,skin,,2,,reverse,,No,,No,,Yes,,4,,Flash frozen,,,,,,,,,,,,,,,,,,,,,,,,,,,,,,,,,,,,,,,,,,,,,,,,,,,,,,,,,,,,,,,,,,,,,,,,,,,,,,,,,,,,,,,,,
36_S36_L002_R1_001.fastq.gz,36_S36_L002_R1_001.fastq.gz,raw,,geneExpression,,fastq,,NF0009,,experimentalData,,NF0009-1 D,,syn11374354,,Cutaneous Neurofibroma,,-/-,,+/+,,pairedEnd,,Neurofibromatosis type 1,,A 3D Cutaneous Neurofibroma Model for Automated High-Throughput Drug Screenings,,Illumina NovaSeq 6000,,inward,,DMEM,,RNASeqTemplate,,Smart-seq2,,RNA-seq,,Homo sapiens,,NTAP,,No,,Cutaneous Neurofibroma Initiative,,skin,,1,,reverse,,No,,No,,Yes,,4,,Flash frozen,,,,,,,,,,,,,,,,,,,,,,,,,,,,,,,,,,,,,,,,,,,,,,,,,,,,,,,,,,,,,,,,,,,,,,,,,,,,,,,,,,,,,,,,,
36_S36_L002_R2_001.fastq.gz,36_S36_L002_R2_001.fastq.gz,raw,,geneExpression,,fastq,,NF0009,,experimentalData,,NF0009-1 D,,syn11374354,,Cutaneous Neurofibroma,,-/-,,+/+,,pairedEnd,,Neurofibromatosis type 1,,A 3D Cutaneous Neurofibroma Model for Automated High-Throughput Drug Screenings,,Illumina NovaSeq 6000,,inward,,DMEM,,RNASeqTemplate,,Smart-seq2,,RNA-seq,,Homo sapiens,,NTAP,,No,,Cutaneous Neurofibroma Initiative,,skin,,2,,reverse,,No,,No,,Yes,,4,,Flash frozen,,,,,,,,,,,,,,,,,,,,,,,,,,,,,,,,,,,,,,,,,,,,,,,,,,,,,,,,,,,,,,,,,,,,,,,,,,,,,,,,,,,,,,,,,
36_S36_L003_R1_001.fastq.gz,36_S36_L003_R1_001.fastq.gz,raw,,geneExpression,,fastq,,NF0009,,experimentalData,,NF0009-1 D,,syn11374354,,Cutaneous Neurofibroma,,-/-,,+/+,,pairedEnd,,Neurofibromatosis type 1,,A 3D Cutaneous Neurofibroma Model for Automated High-Throughput Drug Screenings,,Illumina NovaSeq 6000,,inward,,DMEM,,RNASeqTemplate,,Smart-seq2,,RNA-seq,,Homo sapiens,,NTAP,,No,,Cutaneous Neurofibroma Initiative,,skin,,1,,reverse,,No,,No,,Yes,,4,,Flash frozen,,,,,,,,,,,,,,,,,,,,,,,,,,,,,,,,,,,,,,,,,,,,,,,,,,,,,,,,,,,,,,,,,,,,,,,,,,,,,,,,,,,,,,,,,
36_S36_L003_R2_001.fastq.gz,36_S36_L003_R2_001.fastq.gz,raw,,geneExpression,,fastq,,NF0009,,experimentalData,,NF0009-1 D,,syn11374354,,Cutaneous Neurofibroma,,-/-,,+/+,,pairedEnd,,Neurofibromatosis type 1,,A 3D Cutaneous Neurofibroma Model for Automated High-Throughput Drug Screenings,,Illumina NovaSeq 6000,,inward,,DMEM,,RNASeqTemplate,,Smart-seq2,,RNA-seq,,Homo sapiens,,NTAP,,No,,Cutaneous Neurofibroma Initiative,,skin,,2,,reverse,,No,,No,,Yes,,4,,Flash frozen,,,,,,,,,,,,,,,,,,,,,,,,,,,,,,,,,,,,,,,,,,,,,,,,,,,,,,,,,,,,,,,,,,,,,,,,,,,,,,,,,,,,,,,,,
37_S37_L001_R1_001.fastq.gz,37_S37_L001_R1_001.fastq.gz,raw,,geneExpression,,fastq,,NF0009,,experimentalData,,NF0009-1-D+C,,syn11374354,,Cutaneous Neurofibroma,,-/-,,+/+,,pairedEnd,,Neurofibromatosis type 1,,A 3D Cutaneous Neurofibroma Model for Automated High-Throughput Drug Screenings,,Illumina NovaSeq 6000,,inward,,"Cytokines,DMEM",,RNASeqTemplate,,Smart-seq2,,RNA-seq,,Homo sapiens,,NTAP,,No,,Cutaneous Neurofibroma Initiative,,skin,,1,,reverse,,No,,No,,Yes,,4,,Flash frozen,,,,,,,,,,,,,,,,,,,,,,,,,,,,,,,,,,,,,,,,,,,,,,,,,,,,,,,,,,,,,,,,,,,,,,,,,,,,,,,,,,,,,,,,,
37_S37_L001_R2_001.fastq.gz,37_S37_L001_R2_001.fastq.gz,raw,,geneExpression,,fastq,,NF0009,,experimentalData,,NF0009-1-D+C,,syn11374354,,Cutaneous Neurofibroma,,-/-,,+/+,,pairedEnd,,Neurofibromatosis type 1,,A 3D Cutaneous Neurofibroma Model for Automated High-Throughput Drug Screenings,,Illumina NovaSeq 6000,,inward,,"Cytokines,DMEM",,RNASeqTemplate,,Smart-seq2,,RNA-seq,,Homo sapiens,,NTAP,,No,,Cutaneous Neurofibroma Initiative,,skin,,2,,reverse,,No,,No,,Yes,,4,,Flash frozen,,,,,,,,,,,,,,,,,,,,,,,,,,,,,,,,,,,,,,,,,,,,,,,,,,,,,,,,,,,,,,,,,,,,,,,,,,,,,,,,,,,,,,,,,
37_S37_L002_R1_001.fastq.gz,37_S37_L002_R1_001.fastq.gz,raw,,geneExpression,,fastq,,NF0009,,experimentalData,,NF0009-1-D+C,,syn11374354,,Cutaneous Neurofibroma,,-/-,,+/+,,pairedEnd,,Neurofibromatosis type 1,,A 3D Cutaneous Neurofibroma Model for Automated High-Throughput Drug Screenings,,Illumina NovaSeq 6000,,inward,,"Cytokines,DMEM",,RNASeqTemplate,,Smart-seq2,,RNA-seq,,Homo sapiens,,NTAP,,No,,Cutaneous Neurofibroma Initiative,,skin,,1,,reverse,,No,,No,,Yes,,4,,Flash frozen,,,,,,,,,,,,,,,,,,,,,,,,,,,,,,,,,,,,,,,,,,,,,,,,,,,,,,,,,,,,,,,,,,,,,,,,,,,,,,,,,,,,,,,,,
37_S37_L002_R2_001.fastq.gz,37_S37_L002_R2_001.fastq.gz,raw,,geneExpression,,fastq,,NF0009,,experimentalData,,NF0009-1-D+C,,syn11374354,,Cutaneous Neurofibroma,,-/-,,+/+,,pairedEnd,,Neurofibromatosis type 1,,A 3D Cutaneous Neurofibroma Model for Automated High-Throughput Drug Screenings,,Illumina NovaSeq 6000,,inward,,"Cytokines,DMEM",,RNASeqTemplate,,Smart-seq2,,RNA-seq,,Homo sapiens,,NTAP,,No,,Cutaneous Neurofibroma Initiative,,skin,,2,,reverse,,No,,No,,Yes,,4,,Flash frozen,,,,,,,,,,,,,,,,,,,,,,,,,,,,,,,,,,,,,,,,,,,,,,,,,,,,,,,,,,,,,,,,,,,,,,,,,,,,,,,,,,,,,,,,,
37_S37_L003_R1_001.fastq.gz,37_S37_L003_R1_001.fastq.gz,raw,,geneExpression,,fastq,,NF0009,,experimentalData,,NF0009-1-D+C,,syn11374354,,Cutaneous Neurofibroma,,-/-,,+/+,,pairedEnd,,Neurofibromatosis type 1,,A 3D Cutaneous Neurofibroma Model for Automated High-Throughput Drug Screenings,,Illumina NovaSeq 6000,,inward,,"Cytokines,DMEM",,RNASeqTemplate,,Smart-seq2,,RNA-seq,,Homo sapiens,,NTAP,,No,,Cutaneous Neurofibroma Initiative,,skin,,1,,reverse,,No,,No,,Yes,,4,,Flash frozen,,,,,,,,,,,,,,,,,,,,,,,,,,,,,,,,,,,,,,,,,,,,,,,,,,,,,,,,,,,,,,,,,,,,,,,,,,,,,,,,,,,,,,,,,
37_S37_L003_R2_001.fastq.gz,37_S37_L003_R2_001.fastq.gz,raw,,geneExpression,,fastq,,NF0009,,experimentalData,,NF0009-1-D+C,,syn11374354,,Cutaneous Neurofibroma,,-/-,,+/+,,pairedEnd,,Neurofibromatosis type 1,,A 3D Cutaneous Neurofibroma Model for Automated High-Throughput Drug Screenings,,Illumina NovaSeq 6000,,inward,,"Cytokines,DMEM",,RNASeqTemplate,,Smart-seq2,,RNA-seq,,Homo sapiens,,NTAP,,No,,Cutaneous Neurofibroma Initiative,,skin,,2,,reverse,,No,,No,,Yes,,4,,Flash frozen,,,,,,,,,,,,,,,,,,,,,,,,,,,,,,,,,,,,,,,,,,,,,,,,,,,,,,,,,,,,,,,,,,,,,,,,,,,,,,,,,,,,,,,,,
38_S38_L001_R1_001.fastq.gz,38_S38_L001_R1_001.fastq.gz,raw,,geneExpression,,fastq,,NF0009,,experimentalData,,NF0009-1-D+C+F,,syn11374354,,Cutaneous Neurofibroma,,-/-,,+/+,,pairedEnd,,Neurofibromatosis type 1,,A 3D Cutaneous Neurofibroma Model for Automated High-Throughput Drug Screenings,,Illumina NovaSeq 6000,,inward,,"Cytokines,DMEM,Forskoline",,RNASeqTemplate,,Smart-seq2,,RNA-seq,,Homo sapiens,,NTAP,,No,,Cutaneous Neurofibroma Initiative,,skin,,1,,reverse,,No,,No,,Yes,,4,,Flash frozen,,,,,,,,,,,,,,,,,,,,,,,,,,,,,,,,,,,,,,,,,,,,,,,,,,,,,,,,,,,,,,,,,,,,,,,,,,,,,,,,,,,,,,,,,
38_S38_L001_R2_001.fastq.gz,38_S38_L001_R2_001.fastq.gz,raw,,geneExpression,,fastq,,NF0009,,experimentalData,,NF0009-1-D+C+F,,syn11374354,,Cutaneous Neurofibroma,,-/-,,+/+,,pairedEnd,,Neurofibromatosis type 1,,A 3D Cutaneous Neurofibroma Model for Automated High-Throughput Drug Screenings,,Illumina NovaSeq 6000,,inward,,"Cytokines,DMEM,Forskoline",,RNASeqTemplate,,Smart-seq2,,RNA-seq,,Homo sapiens,,NTAP,,No,,Cutaneous Neurofibroma Initiative,,skin,,2,,reverse,,No,,No,,Yes,,4,,Flash frozen,,,,,,,,,,,,,,,,,,,,,,,,,,,,,,,,,,,,,,,,,,,,,,,,,,,,,,,,,,,,,,,,,,,,,,,,,,,,,,,,,,,,,,,,,
38_S38_L002_R1_001.fastq.gz,38_S38_L002_R1_001.fastq.gz,raw,,geneExpression,,fastq,,NF0009,,experimentalData,,NF0009-1-D+C+F,,syn11374354,,Cutaneous Neurofibroma,,-/-,,+/+,,pairedEnd,,Neurofibromatosis type 1,,A 3D Cutaneous Neurofibroma Model for Automated High-Throughput Drug Screenings,,Illumina NovaSeq 6000,,inward,,"Cytokines,DMEM,Forskoline",,RNASeqTemplate,,Smart-seq2,,RNA-seq,,Homo sapiens,,NTAP,,No,,Cutaneous Neurofibroma Initiative,,skin,,1,,reverse,,No,,No,,Yes,,4,,Flash frozen,,,,,,,,,,,,,,,,,,,,,,,,,,,,,,,,,,,,,,,,,,,,,,,,,,,,,,,,,,,,,,,,,,,,,,,,,,,,,,,,,,,,,,,,,
38_S38_L002_R2_001.fastq.gz,38_S38_L002_R2_001.fastq.gz,raw,,geneExpression,,fastq,,NF0009,,experimentalData,,NF0009-1-D+C+F,,syn11374354,,Cutaneous Neurofibroma,,-/-,,+/+,,pairedEnd,,Neurofibromatosis type 1,,A 3D Cutaneous Neurofibroma Model for Automated High-Throughput Drug Screenings,,Illumina NovaSeq 6000,,inward,,"Cytokines,DMEM,Forskoline",,RNASeqTemplate,,Smart-seq2,,RNA-seq,,Homo sapiens,,NTAP,,No,,Cutaneous Neurofibroma Initiative,,skin,,2,,reverse,,No,,No,,Yes,,4,,Flash frozen,,,,,,,,,,,,,,,,,,,,,,,,,,,,,,,,,,,,,,,,,,,,,,,,,,,,,,,,,,,,,,,,,,,,,,,,,,,,,,,,,,,,,,,,,
38_S38_L003_R1_001.fastq.gz,38_S38_L003_R1_001.fastq.gz,raw,,geneExpression,,fastq,,NF0009,,experimentalData,,NF0009-1-D+C+F,,syn11374354,,Cutaneous Neurofibroma,,-/-,,+/+,,pairedEnd,,Neurofibromatosis type 1,,A 3D Cutaneous Neurofibroma Model for Automated High-Throughput Drug Screenings,,Illumina NovaSeq 6000,,inward,,"Cytokines,DMEM,Forskoline",,RNASeqTemplate,,Smart-seq2,,RNA-seq,,Homo sapiens,,NTAP,,No,,Cutaneous Neurofibroma Initiative,,skin,,1,,reverse,,No,,No,,Yes,,4,,Flash frozen,,,,,,,,,,,,,,,,,,,,,,,,,,,,,,,,,,,,,,,,,,,,,,,,,,,,,,,,,,,,,,,,,,,,,,,,,,,,,,,,,,,,,,,,,
38_S38_L003_R2_001.fastq.gz,38_S38_L003_R2_001.fastq.gz,raw,,geneExpression,,fastq,,NF0009,,experimentalData,,NF0009-1-D+C+F,,syn11374354,,Cutaneous Neurofibroma,,-/-,,+/+,,pairedEnd,,Neurofibromatosis type 1,,A 3D Cutaneous Neurofibroma Model for Automated High-Throughput Drug Screenings,,Illumina NovaSeq 6000,,inward,,"Cytokines,DMEM,Forskoline",,RNASeqTemplate,,Smart-seq2,,RNA-seq,,Homo sapiens,,NTAP,,No,,Cutaneous Neurofibroma Initiative,,skin,,2,,reverse,,No,,No,,Yes,,4,,Flash frozen,,,,,,,,,,,,,,,,,,,,,,,,,,,,,,,,,,,,,,,,,,,,,,,,,,,,,,,,,,,,,,,,,,,,,,,,,,,,,,,,,,,,,,,,,
39_S39_L001_R1_001.fastq.gz,39_S39_L001_R1_001.fastq.gz,raw,,geneExpression,,fastq,,NF0009,,experimentalData,,NF0009-1 S,,syn11374354,,Cutaneous Neurofibroma,,-/-,,+/+,,pairedEnd,,Neurofibromatosis type 1,,A 3D Cutaneous Neurofibroma Model for Automated High-Throughput Drug Screenings,,Illumina NovaSeq 6000,,inward,,StemPro,,RNASeqTemplate,,Smart-seq2,,RNA-seq,,Homo sapiens,,NTAP,,No,,Cutaneous Neurofibroma Initiative,,skin,,1,,reverse,,No,,No,,Yes,,4,,Flash frozen,,,,,,,,,,,,,,,,,,,,,,,,,,,,,,,,,,,,,,,,,,,,,,,,,,,,,,,,,,,,,,,,,,,,,,,,,,,,,,,,,,,,,,,,,
39_S39_L001_R2_001.fastq.gz,39_S39_L001_R2_001.fastq.gz,raw,,geneExpression,,fastq,,NF0009,,experimentalData,,NF0009-1 S,,syn11374354,,Cutaneous Neurofibroma,,-/-,,+/+,,pairedEnd,,Neurofibromatosis type 1,,A 3D Cutaneous Neurofibroma Model for Automated High-Throughput Drug Screenings,,Illumina NovaSeq 6000,,inward,,StemPro,,RNASeqTemplate,,Smart-seq2,,RNA-seq,,Homo sapiens,,NTAP,,No,,Cutaneous Neurofibroma Initiative,,skin,,2,,reverse,,No,,No,,Yes,,4,,Flash frozen,,,,,,,,,,,,,,,,,,,,,,,,,,,,,,,,,,,,,,,,,,,,,,,,,,,,,,,,,,,,,,,,,,,,,,,,,,,,,,,,,,,,,,,,,
39_S39_L002_R1_001.fastq.gz,39_S39_L002_R1_001.fastq.gz,raw,,geneExpression,,fastq,,NF0009,,experimentalData,,NF0009-1 S,,syn11374354,,Cutaneous Neurofibroma,,-/-,,+/+,,pairedEnd,,Neurofibromatosis type 1,,A 3D Cutaneous Neurofibroma Model for Automated High-Throughput Drug Screenings,,Illumina NovaSeq 6000,,inward,,StemPro,,RNASeqTemplate,,Smart-seq2,,RNA-seq,,Homo sapiens,,NTAP,,No,,Cutaneous Neurofibroma Initiative,,skin,,1,,reverse,,No,,No,,Yes,,4,,Flash frozen,,,,,,,,,,,,,,,,,,,,,,,,,,,,,,,,,,,,,,,,,,,,,,,,,,,,,,,,,,,,,,,,,,,,,,,,,,,,,,,,,,,,,,,,,
39_S39_L002_R2_001.fastq.gz,39_S39_L002_R2_001.fastq.gz,raw,,geneExpression,,fastq,,NF0009,,experimentalData,,NF0009-1 S,,syn11374354,,Cutaneous Neurofibroma,,-/-,,+/+,,pairedEnd,,Neurofibromatosis type 1,,A 3D Cutaneous Neurofibroma Model for Automated High-Throughput Drug Screenings,,Illumina NovaSeq 6000,,inward,,StemPro,,RNASeqTemplate,,Smart-seq2,,RNA-seq,,Homo sapiens,,NTAP,,No,,Cutaneous Neurofibroma Initiative,,skin,,2,,reverse,,No,,No,,Yes,,4,,Flash frozen,,,,,,,,,,,,,,,,,,,,,,,,,,,,,,,,,,,,,,,,,,,,,,,,,,,,,,,,,,,,,,,,,,,,,,,,,,,,,,,,,,,,,,,,,
39_S39_L003_R1_001.fastq.gz,39_S39_L003_R1_001.fastq.gz,raw,,geneExpression,,fastq,,NF0009,,experimentalData,,NF0009-1 S,,syn11374354,,Cutaneous Neurofibroma,,-/-,,+/+,,pairedEnd,,Neurofibromatosis type 1,,A 3D Cutaneous Neurofibroma Model for Automated High-Throughput Drug Screenings,,Illumina NovaSeq 6000,,inward,,StemPro,,RNASeqTemplate,,Smart-seq2,,RNA-seq,,Homo sapiens,,NTAP,,No,,Cutaneous Neurofibroma Initiative,,skin,,1,,reverse,,No,,No,,Yes,,4,,Flash frozen,,,,,,,,,,,,,,,,,,,,,,,,,,,,,,,,,,,,,,,,,,,,,,,,,,,,,,,,,,,,,,,,,,,,,,,,,,,,,,,,,,,,,,,,,
39_S39_L003_R2_001.fastq.gz,39_S39_L003_R2_001.fastq.gz,raw,,geneExpression,,fastq,,NF0009,,experimentalData,,NF0009-1 S,,syn11374354,,Cutaneous Neurofibroma,,-/-,,+/+,,pairedEnd,,Neurofibromatosis type 1,,A 3D Cutaneous Neurofibroma Model for Automated High-Throughput Drug Screenings,,Illumina NovaSeq 6000,,inward,,StemPro,,RNASeqTemplate,,Smart-seq2,,RNA-seq,,Homo sapiens,,NTAP,,No,,Cutaneous Neurofibroma Initiative,,skin,,2,,reverse,,No,,No,,Yes,,4,,Flash frozen,,,,,,,,,,,,,,,,,,,,,,,,,,,,,,,,,,,,,,,,,,,,,,,,,,,,,,,,,,,,,,,,,,,,,,,,,,,,,,,,,,,,,,,,,
3_S3_L001_R1_001.fastq.gz,3_S3_L001_R1_001.fastq.gz,raw,,geneExpression,,fastq,,NF0012,,experimentalData,,NF0012-3-6,,syn11374354,,Cutaneous Neurofibroma,,-/-,,+/+,,pairedEnd,,Neurofibromatosis type 1,,A 3D Cutaneous Neurofibroma Model for Automated High-Throughput Drug Screenings,,Illumina NovaSeq 6000,,inward,,,,RNASeqTemplate,,Smart-seq2,,RNA-seq,,Homo sapiens,,NTAP,,No,,Cutaneous Neurofibroma Initiative,,skin,,1,,reverse,,No,,No,,Yes,,4,,Flash frozen,,,,,,,,,,,,,,,,,,,,,,,,,,,,,,,,,,,,,,,,,,,,,,,,,,,,,,,,,,,,,,,,,,,,,,,,,,,,,,,,,,,,,,,,,
3_S3_L001_R2_001.fastq.gz,3_S3_L001_R2_001.fastq.gz,raw,,geneExpression,,fastq,,NF0012,,experimentalData,,NF0012-3-6,,syn11374354,,Cutaneous Neurofibroma,,-/-,,+/+,,pairedEnd,,Neurofibromatosis type 1,,A 3D Cutaneous Neurofibroma Model for Automated High-Throughput Drug Screenings,,Illumina NovaSeq 6000,,inward,,,,RNASeqTemplate,,Smart-seq2,,RNA-seq,,Homo sapiens,,NTAP,,No,,Cutaneous Neurofibroma Initiative,,skin,,2,,reverse,,No,,No,,Yes,,4,,Flash frozen,,,,,,,,,,,,,,,,,,,,,,,,,,,,,,,,,,,,,,,,,,,,,,,,,,,,,,,,,,,,,,,,,,,,,,,,,,,,,,,,,,,,,,,,,
3_S3_L002_R1_001.fastq.gz,3_S3_L002_R1_001.fastq.gz,raw,,geneExpression,,fastq,,NF0012,,experimentalData,,NF0012-3-6,,syn11374354,,Cutaneous Neurofibroma,,-/-,,+/+,,pairedEnd,,Neurofibromatosis type 1,,A 3D Cutaneous Neurofibroma Model for Automated High-Throughput Drug Screenings,,Illumina NovaSeq 6000,,inward,,,,RNASeqTemplate,,Smart-seq2,,RNA-seq,,Homo sapiens,,NTAP,,No,,Cutaneous Neurofibroma Initiative,,skin,,1,,reverse,,No,,No,,Yes,,4,,Flash frozen,,,,,,,,,,,,,,,,,,,,,,,,,,,,,,,,,,,,,,,,,,,,,,,,,,,,,,,,,,,,,,,,,,,,,,,,,,,,,,,,,,,,,,,,,
3_S3_L002_R2_001.fastq.gz,3_S3_L002_R2_001.fastq.gz,raw,,geneExpression,,fastq,,NF0012,,experimentalData,,NF0012-3-6,,syn11374354,,Cutaneous Neurofibroma,,-/-,,+/+,,pairedEnd,,Neurofibromatosis type 1,,A 3D Cutaneous Neurofibroma Model for Automated High-Throughput Drug Screenings,,Illumina NovaSeq 6000,,inward,,,,RNASeqTemplate,,Smart-seq2,,RNA-seq,,Homo sapiens,,NTAP,,No,,Cutaneous Neurofibroma Initiative,,skin,,2,,reverse,,No,,No,,Yes,,4,,Flash frozen,,,,,,,,,,,,,,,,,,,,,,,,,,,,,,,,,,,,,,,,,,,,,,,,,,,,,,,,,,,,,,,,,,,,,,,,,,,,,,,,,,,,,,,,,
3_S3_L003_R1_001.fastq.gz,3_S3_L003_R1_001.fastq.gz,raw,,geneExpression,,fastq,,NF0012,,experimentalData,,NF0012-3-6,,syn11374354,,Cutaneous Neurofibroma,,-/-,,+/+,,pairedEnd,,Neurofibromatosis type 1,,A 3D Cutaneous Neurofibroma Model for Automated High-Throughput Drug Screenings,,Illumina NovaSeq 6000,,inward,,,,RNASeqTemplate,,Smart-seq2,,RNA-seq,,Homo sapiens,,NTAP,,No,,Cutaneous Neurofibroma Initiative,,skin,,1,,reverse,,No,,No,,Yes,,4,,Flash frozen,,,,,,,,,,,,,,,,,,,,,,,,,,,,,,,,,,,,,,,,,,,,,,,,,,,,,,,,,,,,,,,,,,,,,,,,,,,,,,,,,,,,,,,,,
3_S3_L003_R2_001.fastq.gz,3_S3_L003_R2_001.fastq.gz,raw,,geneExpression,,fastq,,NF0012,,experimentalData,,NF0012-3-6,,syn11374354,,Cutaneous Neurofibroma,,-/-,,+/+,,pairedEnd,,Neurofibromatosis type 1,,A 3D Cutaneous Neurofibroma Model for Automated High-Throughput Drug Screenings,,Illumina NovaSeq 6000,,inward,,,,RNASeqTemplate,,Smart-seq2,,RNA-seq,,Homo sapiens,,NTAP,,No,,Cutaneous Neurofibroma Initiative,,skin,,2,,reverse,,No,,No,,Yes,,4,,Flash frozen,,,,,,,,,,,,,,,,,,,,,,,,,,,,,,,,,,,,,,,,,,,,,,,,,,,,,,,,,,,,,,,,,,,,,,,,,,,,,,,,,,,,,,,,,
40_S40_L001_R1_001.fastq.gz,40_S40_L001_R1_001.fastq.gz,raw,,geneExpression,,fastq,,NF0009,,experimentalData,,NF0009-1-S+C,,syn11374354,,Cutaneous Neurofibroma,,-/-,,+/+,,pairedEnd,,Neurofibromatosis type 1,,A 3D Cutaneous Neurofibroma Model for Automated High-Throughput Drug Screenings,,Illumina NovaSeq 6000,,inward,,"Cytokines,StemPro",,RNASeqTemplate,,Smart-seq2,,RNA-seq,,Homo sapiens,,NTAP,,No,,Cutaneous Neurofibroma Initiative,,skin,,1,,reverse,,No,,No,,Yes,,4,,Flash frozen,,,,,,,,,,,,,,,,,,,,,,,,,,,,,,,,,,,,,,,,,,,,,,,,,,,,,,,,,,,,,,,,,,,,,,,,,,,,,,,,,,,,,,,,,
40_S40_L001_R2_001.fastq.gz,40_S40_L001_R2_001.fastq.gz,raw,,geneExpression,,fastq,,NF0009,,experimentalData,,NF0009-1-S+C,,syn11374354,,Cutaneous Neurofibroma,,-/-,,+/+,,pairedEnd,,Neurofibromatosis type 1,,A 3D Cutaneous Neurofibroma Model for Automated High-Throughput Drug Screenings,,Illumina NovaSeq 6000,,inward,,"Cytokines,StemPro",,RNASeqTemplate,,Smart-seq2,,RNA-seq,,Homo sapiens,,NTAP,,No,,Cutaneous Neurofibroma Initiative,,skin,,2,,reverse,,No,,No,,Yes,,4,,Flash frozen,,,,,,,,,,,,,,,,,,,,,,,,,,,,,,,,,,,,,,,,,,,,,,,,,,,,,,,,,,,,,,,,,,,,,,,,,,,,,,,,,,,,,,,,,
40_S40_L002_R1_001.fastq.gz,40_S40_L002_R1_001.fastq.gz,raw,,geneExpression,,fastq,,NF0009,,experimentalData,,NF0009-1-S+C,,syn11374354,,Cutaneous Neurofibroma,,-/-,,+/+,,pairedEnd,,Neurofibromatosis type 1,,A 3D Cutaneous Neurofibroma Model for Automated High-Throughput Drug Screenings,,Illumina NovaSeq 6000,,inward,,"Cytokines,StemPro",,RNASeqTemplate,,Smart-seq2,,RNA-seq,,Homo sapiens,,NTAP,,No,,Cutaneous Neurofibroma Initiative,,skin,,1,,reverse,,No,,No,,Yes,,4,,Flash frozen,,,,,,,,,,,,,,,,,,,,,,,,,,,,,,,,,,,,,,,,,,,,,,,,,,,,,,,,,,,,,,,,,,,,,,,,,,,,,,,,,,,,,,,,,
40_S40_L002_R2_001.fastq.gz,40_S40_L002_R2_001.fastq.gz,raw,,geneExpression,,fastq,,NF0009,,experimentalData,,NF0009-1-S+C,,syn11374354,,Cutaneous Neurofibroma,,-/-,,+/+,,pairedEnd,,Neurofibromatosis type 1,,A 3D Cutaneous Neurofibroma Model for Automated High-Throughput Drug Screenings,,Illumina NovaSeq 6000,,inward,,"Cytokines,StemPro",,RNASeqTemplate,,Smart-seq2,,RNA-seq,,Homo sapiens,,NTAP,,No,,Cutaneous Neurofibroma Initiative,,skin,,2,,reverse,,No,,No,,Yes,,4,,Flash frozen,,,,,,,,,,,,,,,,,,,,,,,,,,,,,,,,,,,,,,,,,,,,,,,,,,,,,,,,,,,,,,,,,,,,,,,,,,,,,,,,,,,,,,,,,
40_S40_L003_R1_001.fastq.gz,40_S40_L003_R1_001.fastq.gz,raw,,geneExpression,,fastq,,NF0009,,experimentalData,,NF0009-1-S+C,,syn11374354,,Cutaneous Neurofibroma,,-/-,,+/+,,pairedEnd,,Neurofibromatosis type 1,,A 3D Cutaneous Neurofibroma Model for Automated High-Throughput Drug Screenings,,Illumina NovaSeq 6000,,inward,,"Cytokines,StemPro",,RNASeqTemplate,,Smart-seq2,,RNA-seq,,Homo sapiens,,NTAP,,No,,Cutaneous Neurofibroma Initiative,,skin,,1,,reverse,,No,,No,,Yes,,4,,Flash frozen,,,,,,,,,,,,,,,,,,,,,,,,,,,,,,,,,,,,,,,,,,,,,,,,,,,,,,,,,,,,,,,,,,,,,,,,,,,,,,,,,,,,,,,,,
40_S40_L003_R2_001.fastq.gz,40_S40_L003_R2_001.fastq.gz,raw,,geneExpression,,fastq,,NF0009,,experimentalData,,NF0009-1-S+C,,syn11374354,,Cutaneous Neurofibroma,,-/-,,+/+,,pairedEnd,,Neurofibromatosis type 1,,A 3D Cutaneous Neurofibroma Model for Automated High-Throughput Drug Screenings,,Illumina NovaSeq 6000,,inward,,"Cytokines,StemPro",,RNASeqTemplate,,Smart-seq2,,RNA-seq,,Homo sapiens,,NTAP,,No,,Cutaneous Neurofibroma Initiative,,skin,,2,,reverse,,No,,No,,Yes,,4,,Flash frozen,,,,,,,,,,,,,,,,,,,,,,,,,,,,,,,,,,,,,,,,,,,,,,,,,,,,,,,,,,,,,,,,,,,,,,,,,,,,,,,,,,,,,,,,,
41_S41_L001_R1_001.fastq.gz,41_S41_L001_R1_001.fastq.gz,raw,,geneExpression,,fastq,,NF0009,,experimentalData,,NF0009-1-S+C+F,,syn11374354,,Cutaneous Neurofibroma,,-/-,,+/+,,pairedEnd,,Neurofibromatosis type 1,,A 3D Cutaneous Neurofibroma Model for Automated High-Throughput Drug Screenings,,Illumina NovaSeq 6000,,inward,,"Cytokines,Forskoline,StemPro",,RNASeqTemplate,,Smart-seq2,,RNA-seq,,Homo sapiens,,NTAP,,No,,Cutaneous Neurofibroma Initiative,,skin,,1,,reverse,,No,,No,,Yes,,4,,Flash frozen,,,,,,,,,,,,,,,,,,,,,,,,,,,,,,,,,,,,,,,,,,,,,,,,,,,,,,,,,,,,,,,,,,,,,,,,,,,,,,,,,,,,,,,,,
41_S41_L001_R2_001.fastq.gz,41_S41_L001_R2_001.fastq.gz,raw,,geneExpression,,fastq,,NF0009,,experimentalData,,NF0009-1-S+C+F,,syn11374354,,Cutaneous Neurofibroma,,-/-,,+/+,,pairedEnd,,Neurofibromatosis type 1,,A 3D Cutaneous Neurofibroma Model for Automated High-Throughput Drug Screenings,,Illumina NovaSeq 6000,,inward,,"Cytokines,Forskoline,StemPro",,RNASeqTemplate,,Smart-seq2,,RNA-seq,,Homo sapiens,,NTAP,,No,,Cutaneous Neurofibroma Initiative,,skin,,2,,reverse,,No,,No,,Yes,,4,,Flash frozen,,,,,,,,,,,,,,,,,,,,,,,,,,,,,,,,,,,,,,,,,,,,,,,,,,,,,,,,,,,,,,,,,,,,,,,,,,,,,,,,,,,,,,,,,
41_S41_L002_R1_001.fastq.gz,41_S41_L002_R1_001.fastq.gz,raw,,geneExpression,,fastq,,NF0009,,experimentalData,,NF0009-1-S+C+F,,syn11374354,,Cutaneous Neurofibroma,,-/-,,+/+,,pairedEnd,,Neurofibromatosis type 1,,A 3D Cutaneous Neurofibroma Model for Automated High-Throughput Drug Screenings,,Illumina NovaSeq 6000,,inward,,"Cytokines,Forskoline,StemPro",,RNASeqTemplate,,Smart-seq2,,RNA-seq,,Homo sapiens,,NTAP,,No,,Cutaneous Neurofibroma Initiative,,skin,,1,,reverse,,No,,No,,Yes,,4,,Flash frozen,,,,,,,,,,,,,,,,,,,,,,,,,,,,,,,,,,,,,,,,,,,,,,,,,,,,,,,,,,,,,,,,,,,,,,,,,,,,,,,,,,,,,,,,,
41_S41_L002_R2_001.fastq.gz,41_S41_L002_R2_001.fastq.gz,raw,,geneExpression,,fastq,,NF0009,,experimentalData,,NF0009-1-S+C+F,,syn11374354,,Cutaneous Neurofibroma,,-/-,,+/+,,pairedEnd,,Neurofibromatosis type 1,,A 3D Cutaneous Neurofibroma Model for Automated High-Throughput Drug Screenings,,Illumina NovaSeq 6000,,inward,,"Cytokines,Forskoline,StemPro",,RNASeqTemplate,,Smart-seq2,,RNA-seq,,Homo sapiens,,NTAP,,No,,Cutaneous Neurofibroma Initiative,,skin,,2,,reverse,,No,,No,,Yes,,4,,Flash frozen,,,,,,,,,,,,,,,,,,,,,,,,,,,,,,,,,,,,,,,,,,,,,,,,,,,,,,,,,,,,,,,,,,,,,,,,,,,,,,,,,,,,,,,,,
41_S41_L003_R1_001.fastq.gz,41_S41_L003_R1_001.fastq.gz,raw,,geneExpression,,fastq,,NF0009,,experimentalData,,NF0009-1-S+C+F,,syn11374354,,Cutaneous Neurofibroma,,-/-,,+/+,,pairedEnd,,Neurofibromatosis type 1,,A 3D Cutaneous Neurofibroma Model for Automated High-Throughput Drug Screenings,,Illumina NovaSeq 6000,,inward,,"Cytokines,Forskoline,StemPro",,RNASeqTemplate,,Smart-seq2,,RNA-seq,,Homo sapiens,,NTAP,,No,,Cutaneous Neurofibroma Initiative,,skin,,1,,reverse,,No,,No,,Yes,,4,,Flash frozen,,,,,,,,,,,,,,,,,,,,,,,,,,,,,,,,,,,,,,,,,,,,,,,,,,,,,,,,,,,,,,,,,,,,,,,,,,,,,,,,,,,,,,,,,
41_S41_L003_R2_001.fastq.gz,41_S41_L003_R2_001.fastq.gz,raw,,geneExpression,,fastq,,NF0009,,experimentalData,,NF0009-1-S+C+F,,syn11374354,,Cutaneous Neurofibroma,,-/-,,+/+,,pairedEnd,,Neurofibromatosis type 1,,A 3D Cutaneous Neurofibroma Model for Automated High-Throughput Drug Screenings,,Illumina NovaSeq 6000,,inward,,"Cytokines,Forskoline,StemPro",,RNASeqTemplate,,Smart-seq2,,RNA-seq,,Homo sapiens,,NTAP,,No,,Cutaneous Neurofibroma Initiative,,skin,,2,,reverse,,No,,No,,Yes,,4,,Flash frozen,,,,,,,,,,,,,,,,,,,,,,,,,,,,,,,,,,,,,,,,,,,,,,,,,,,,,,,,,,,,,,,,,,,,,,,,,,,,,,,,,,,,,,,,,
42_S42_L001_R1_001.fastq.gz,42_S42_L001_R1_001.fastq.gz,raw,,geneExpression,,fastq,,NF0002,,experimentalData,,NF0002-8-19 M,,syn11374354,,Cutaneous Neurofibroma,,-/-,,+/+,,pairedEnd,,Neurofibromatosis type 1,,A 3D Cutaneous Neurofibroma Model for Automated High-Throughput Drug Screenings,,Illumina NovaSeq 6000,,inward,,Mammo,,RNASeqTemplate,,Smart-seq2,,RNA-seq,,Homo sapiens,,NTAP,,No,,Cutaneous Neurofibroma Initiative,,skin,,1,,reverse,,No,,No,,Yes,,4,,Flash frozen,,,,,,,,,,,,,,,,,,,,,,,,,,,,,,,,,,,,,,,,,,,,,,,,,,,,,,,,,,,,,,,,,,,,,,,,,,,,,,,,,,,,,,,,,
42_S42_L001_R2_001.fastq.gz,42_S42_L001_R2_001.fastq.gz,raw,,geneExpression,,fastq,,NF0002,,experimentalData,,NF0002-8-19 M,,syn11374354,,Cutaneous Neurofibroma,,-/-,,+/+,,pairedEnd,,Neurofibromatosis type 1,,A 3D Cutaneous Neurofibroma Model for Automated High-Throughput Drug Screenings,,Illumina NovaSeq 6000,,inward,,Mammo,,RNASeqTemplate,,Smart-seq2,,RNA-seq,,Homo sapiens,,NTAP,,No,,Cutaneous Neurofibroma Initiative,,skin,,2,,reverse,,No,,No,,Yes,,4,,Flash frozen,,,,,,,,,,,,,,,,,,,,,,,,,,,,,,,,,,,,,,,,,,,,,,,,,,,,,,,,,,,,,,,,,,,,,,,,,,,,,,,,,,,,,,,,,
42_S42_L002_R1_001.fastq.gz,42_S42_L002_R1_001.fastq.gz,raw,,geneExpression,,fastq,,NF0002,,experimentalData,,NF0002-8-19 M,,syn11374354,,Cutaneous Neurofibroma,,-/-,,+/+,,pairedEnd,,Neurofibromatosis type 1,,A 3D Cutaneous Neurofibroma Model for Automated High-Throughput Drug Screenings,,Illumina NovaSeq 6000,,inward,,Mammo,,RNASeqTemplate,,Smart-seq2,,RNA-seq,,Homo sapiens,,NTAP,,No,,Cutaneous Neurofibroma Initiative,,skin,,1,,reverse,,No,,No,,Yes,,4,,Flash frozen,,,,,,,,,,,,,,,,,,,,,,,,,,,,,,,,,,,,,,,,,,,,,,,,,,,,,,,,,,,,,,,,,,,,,,,,,,,,,,,,,,,,,,,,,
42_S42_L002_R2_001.fastq.gz,42_S42_L002_R2_001.fastq.gz,raw,,geneExpression,,fastq,,NF0002,,experimentalData,,NF0002-8-19 M,,syn11374354,,Cutaneous Neurofibroma,,-/-,,+/+,,pairedEnd,,Neurofibromatosis type 1,,A 3D Cutaneous Neurofibroma Model for Automated High-Throughput Drug Screenings,,Illumina NovaSeq 6000,,inward,,Mammo,,RNASeqTemplate,,Smart-seq2,,RNA-seq,,Homo sapiens,,NTAP,,No,,Cutaneous Neurofibroma Initiative,,skin,,2,,reverse,,No,,No,,Yes,,4,,Flash frozen,,,,,,,,,,,,,,,,,,,,,,,,,,,,,,,,,,,,,,,,,,,,,,,,,,,,,,,,,,,,,,,,,,,,,,,,,,,,,,,,,,,,,,,,,
42_S42_L003_R1_001.fastq.gz,42_S42_L003_R1_001.fastq.gz,raw,,geneExpression,,fastq,,NF0002,,experimentalData,,NF0002-8-19 M,,syn11374354,,Cutaneous Neurofibroma,,-/-,,+/+,,pairedEnd,,Neurofibromatosis type 1,,A 3D Cutaneous Neurofibroma Model for Automated High-Throughput Drug Screenings,,Illumina NovaSeq 6000,,inward,,Mammo,,RNASeqTemplate,,Smart-seq2,,RNA-seq,,Homo sapiens,,NTAP,,No,,Cutaneous Neurofibroma Initiative,,skin,,1,,reverse,,No,,No,,Yes,,4,,Flash frozen,,,,,,,,,,,,,,,,,,,,,,,,,,,,,,,,,,,,,,,,,,,,,,,,,,,,,,,,,,,,,,,,,,,,,,,,,,,,,,,,,,,,,,,,,
42_S42_L003_R2_001.fastq.gz,42_S42_L003_R2_001.fastq.gz,raw,,geneExpression,,fastq,,NF0002,,experimentalData,,NF0002-8-19 M,,syn11374354,,Cutaneous Neurofibroma,,-/-,,+/+,,pairedEnd,,Neurofibromatosis type 1,,A 3D Cutaneous Neurofibroma Model for Automated High-Throughput Drug Screenings,,Illumina NovaSeq 6000,,inward,,Mammo,,RNASeqTemplate,,Smart-seq2,,RNA-seq,,Homo sapiens,,NTAP,,No,,Cutaneous Neurofibroma Initiative,,skin,,2,,reverse,,No,,No,,Yes,,4,,Flash frozen,,,,,,,,,,,,,,,,,,,,,,,,,,,,,,,,,,,,,,,,,,,,,,,,,,,,,,,,,,,,,,,,,,,,,,,,,,,,,,,,,,,,,,,,,
43_S43_L001_R1_001.fastq.gz,43_S43_L001_R1_001.fastq.gz,raw,,geneExpression,,fastq,,NF0002,,experimentalData,,NF0002-8-19-M+C,,syn11374354,,Cutaneous Neurofibroma,,-/-,,+/+,,pairedEnd,,Neurofibromatosis type 1,,A 3D Cutaneous Neurofibroma Model for Automated High-Throughput Drug Screenings,,Illumina NovaSeq 6000,,inward,,"Cytokines,Mammo",,RNASeqTemplate,,Smart-seq2,,RNA-seq,,Homo sapiens,,NTAP,,No,,Cutaneous Neurofibroma Initiative,,skin,,1,,reverse,,No,,No,,Yes,,4,,Flash frozen,,,,,,,,,,,,,,,,,,,,,,,,,,,,,,,,,,,,,,,,,,,,,,,,,,,,,,,,,,,,,,,,,,,,,,,,,,,,,,,,,,,,,,,,,
43_S43_L001_R2_001.fastq.gz,43_S43_L001_R2_001.fastq.gz,raw,,geneExpression,,fastq,,NF0002,,experimentalData,,NF0002-8-19-M+C,,syn11374354,,Cutaneous Neurofibroma,,-/-,,+/+,,pairedEnd,,Neurofibromatosis type 1,,A 3D Cutaneous Neurofibroma Model for Automated High-Throughput Drug Screenings,,Illumina NovaSeq 6000,,inward,,"Cytokines,Mammo",,RNASeqTemplate,,Smart-seq2,,RNA-seq,,Homo sapiens,,NTAP,,No,,Cutaneous Neurofibroma Initiative,,skin,,2,,reverse,,No,,No,,Yes,,4,,Flash frozen,,,,,,,,,,,,,,,,,,,,,,,,,,,,,,,,,,,,,,,,,,,,,,,,,,,,,,,,,,,,,,,,,,,,,,,,,,,,,,,,,,,,,,,,,
43_S43_L002_R1_001.fastq.gz,43_S43_L002_R1_001.fastq.gz,raw,,geneExpression,,fastq,,NF0002,,experimentalData,,NF0002-8-19-M+C,,syn11374354,,Cutaneous Neurofibroma,,-/-,,+/+,,pairedEnd,,Neurofibromatosis type 1,,A 3D Cutaneous Neurofibroma Model for Automated High-Throughput Drug Screenings,,Illumina NovaSeq 6000,,inward,,"Cytokines,Mammo",,RNASeqTemplate,,Smart-seq2,,RNA-seq,,Homo sapiens,,NTAP,,No,,Cutaneous Neurofibroma Initiative,,skin,,1,,reverse,,No,,No,,Yes,,4,,Flash frozen,,,,,,,,,,,,,,,,,,,,,,,,,,,,,,,,,,,,,,,,,,,,,,,,,,,,,,,,,,,,,,,,,,,,,,,,,,,,,,,,,,,,,,,,,
43_S43_L002_R2_001.fastq.gz,43_S43_L002_R2_001.fastq.gz,raw,,geneExpression,,fastq,,NF0002,,experimentalData,,NF0002-8-19-M+C,,syn11374354,,Cutaneous Neurofibroma,,-/-,,+/+,,pairedEnd,,Neurofibromatosis type 1,,A 3D Cutaneous Neurofibroma Model for Automated High-Throughput Drug Screenings,,Illumina NovaSeq 6000,,inward,,"Cytokines,Mammo",,RNASeqTemplate,,Smart-seq2,,RNA-seq,,Homo sapiens,,NTAP,,No,,Cutaneous Neurofibroma Initiative,,skin,,2,,reverse,,No,,No,,Yes,,4,,Flash frozen,,,,,,,,,,,,,,,,,,,,,,,,,,,,,,,,,,,,,,,,,,,,,,,,,,,,,,,,,,,,,,,,,,,,,,,,,,,,,,,,,,,,,,,,,
43_S43_L003_R1_001.fastq.gz,43_S43_L003_R1_001.fastq.gz,raw,,geneExpression,,fastq,,NF0002,,experimentalData,,NF0002-8-19-M+C,,syn11374354,,Cutaneous Neurofibroma,,-/-,,+/+,,pairedEnd,,Neurofibromatosis type 1,,A 3D Cutaneous Neurofibroma Model for Automated High-Throughput Drug Screenings,,Illumina NovaSeq 6000,,inward,,"Cytokines,Mammo",,RNASeqTemplate,,Smart-seq2,,RNA-seq,,Homo sapiens,,NTAP,,No,,Cutaneous Neurofibroma Initiative,,skin,,1,,reverse,,No,,No,,Yes,,4,,Flash frozen,,,,,,,,,,,,,,,,,,,,,,,,,,,,,,,,,,,,,,,,,,,,,,,,,,,,,,,,,,,,,,,,,,,,,,,,,,,,,,,,,,,,,,,,,
43_S43_L003_R2_001.fastq.gz,43_S43_L003_R2_001.fastq.gz,raw,,geneExpression,,fastq,,NF0002,,experimentalData,,NF0002-8-19-M+C,,syn11374354,,Cutaneous Neurofibroma,,-/-,,+/+,,pairedEnd,,Neurofibromatosis type 1,,A 3D Cutaneous Neurofibroma Model for Automated High-Throughput Drug Screenings,,Illumina NovaSeq 6000,,inward,,"Cytokines,Mammo",,RNASeqTemplate,,Smart-seq2,,RNA-seq,,Homo sapiens,,NTAP,,No,,Cutaneous Neurofibroma Initiative,,skin,,2,,reverse,,No,,No,,Yes,,4,,Flash frozen,,,,,,,,,,,,,,,,,,,,,,,,,,,,,,,,,,,,,,,,,,,,,,,,,,,,,,,,,,,,,,,,,,,,,,,,,,,,,,,,,,,,,,,,,
45_S45_L001_R1_001.fastq.gz,45_S45_L001_R1_001.fastq.gz,raw,,geneExpression,,fastq,,NF0002,,experimentalData,,NF0002-8-19 D,,syn11374354,,Cutaneous Neurofibroma,,-/-,,+/+,,pairedEnd,,Neurofibromatosis type 1,,A 3D Cutaneous Neurofibroma Model for Automated High-Throughput Drug Screenings,,Illumina NovaSeq 6000,,inward,,DMEM,,RNASeqTemplate,,Smart-seq2,,RNA-seq,,Homo sapiens,,NTAP,,No,,Cutaneous Neurofibroma Initiative,,skin,,1,,reverse,,No,,No,,Yes,,4,,Flash frozen,,,,,,,,,,,,,,,,,,,,,,,,,,,,,,,,,,,,,,,,,,,,,,,,,,,,,,,,,,,,,,,,,,,,,,,,,,,,,,,,,,,,,,,,,
45_S45_L001_R2_001.fastq.gz,45_S45_L001_R2_001.fastq.gz,raw,,geneExpression,,fastq,,NF0002,,experimentalData,,NF0002-8-19 D,,syn11374354,,Cutaneous Neurofibroma,,-/-,,+/+,,pairedEnd,,Neurofibromatosis type 1,,A 3D Cutaneous Neurofibroma Model for Automated High-Throughput Drug Screenings,,Illumina NovaSeq 6000,,inward,,DMEM,,RNASeqTemplate,,Smart-seq2,,RNA-seq,,Homo sapiens,,NTAP,,No,,Cutaneous Neurofibroma Initiative,,skin,,2,,reverse,,No,,No,,Yes,,4,,Flash frozen,,,,,,,,,,,,,,,,,,,,,,,,,,,,,,,,,,,,,,,,,,,,,,,,,,,,,,,,,,,,,,,,,,,,,,,,,,,,,,,,,,,,,,,,,
45_S45_L002_R1_001.fastq.gz,45_S45_L002_R1_001.fastq.gz,raw,,geneExpression,,fastq,,NF0002,,experimentalData,,NF0002-8-19 D,,syn11374354,,Cutaneous Neurofibroma,,-/-,,+/+,,pairedEnd,,Neurofibromatosis type 1,,A 3D Cutaneous Neurofibroma Model for Automated High-Throughput Drug Screenings,,Illumina NovaSeq 6000,,inward,,DMEM,,RNASeqTemplate,,Smart-seq2,,RNA-seq,,Homo sapiens,,NTAP,,No,,Cutaneous Neurofibroma Initiative,,skin,,1,,reverse,,No,,No,,Yes,,4,,Flash frozen,,,,,,,,,,,,,,,,,,,,,,,,,,,,,,,,,,,,,,,,,,,,,,,,,,,,,,,,,,,,,,,,,,,,,,,,,,,,,,,,,,,,,,,,,
45_S45_L002_R2_001.fastq.gz,45_S45_L002_R2_001.fastq.gz,raw,,geneExpression,,fastq,,NF0002,,experimentalData,,NF0002-8-19 D,,syn11374354,,Cutaneous Neurofibroma,,-/-,,+/+,,pairedEnd,,Neurofibromatosis type 1,,A 3D Cutaneous Neurofibroma Model for Automated High-Throughput Drug Screenings,,Illumina NovaSeq 6000,,inward,,DMEM,,RNASeqTemplate,,Smart-seq2,,RNA-seq,,Homo sapiens,,NTAP,,No,,Cutaneous Neurofibroma Initiative,,skin,,2,,reverse,,No,,No,,Yes,,4,,Flash frozen,,,,,,,,,,,,,,,,,,,,,,,,,,,,,,,,,,,,,,,,,,,,,,,,,,,,,,,,,,,,,,,,,,,,,,,,,,,,,,,,,,,,,,,,,
45_S45_L003_R1_001.fastq.gz,45_S45_L003_R1_001.fastq.gz,raw,,geneExpression,,fastq,,NF0002,,experimentalData,,NF0002-8-19 D,,syn11374354,,Cutaneous Neurofibroma,,-/-,,+/+,,pairedEnd,,Neurofibromatosis type 1,,A 3D Cutaneous Neurofibroma Model for Automated High-Throughput Drug Screenings,,Illumina NovaSeq 6000,,inward,,DMEM,,RNASeqTemplate,,Smart-seq2,,RNA-seq,,Homo sapiens,,NTAP,,No,,Cutaneous Neurofibroma Initiative,,skin,,1,,reverse,,No,,No,,Yes,,4,,Flash frozen,,,,,,,,,,,,,,,,,,,,,,,,,,,,,,,,,,,,,,,,,,,,,,,,,,,,,,,,,,,,,,,,,,,,,,,,,,,,,,,,,,,,,,,,,
45_S45_L003_R2_001.fastq.gz,45_S45_L003_R2_001.fastq.gz,raw,,geneExpression,,fastq,,NF0002,,experimentalData,,NF0002-8-19 D,,syn11374354,,Cutaneous Neurofibroma,,-/-,,+/+,,pairedEnd,,Neurofibromatosis type 1,,A 3D Cutaneous Neurofibroma Model for Automated High-Throughput Drug Screenings,,Illumina NovaSeq 6000,,inward,,DMEM,,RNASeqTemplate,,Smart-seq2,,RNA-seq,,Homo sapiens,,NTAP,,No,,Cutaneous Neurofibroma Initiative,,skin,,2,,reverse,,No,,No,,Yes,,4,,Flash frozen,,,,,,,,,,,,,,,,,,,,,,,,,,,,,,,,,,,,,,,,,,,,,,,,,,,,,,,,,,,,,,,,,,,,,,,,,,,,,,,,,,,,,,,,,
48_S48_L001_R1_001.fastq.gz,48_S48_L001_R1_001.fastq.gz,raw,,geneExpression,,fastq,,NF0002,,experimentalData,,NF0002-8-19 S,,syn11374354,,Cutaneous Neurofibroma,,-/-,,+/+,,pairedEnd,,Neurofibromatosis type 1,,A 3D Cutaneous Neurofibroma Model for Automated High-Throughput Drug Screenings,,Illumina NovaSeq 6000,,inward,,StemPro,,RNASeqTemplate,,Smart-seq2,,RNA-seq,,Homo sapiens,,NTAP,,No,,Cutaneous Neurofibroma Initiative,,skin,,1,,reverse,,No,,No,,Yes,,4,,Flash frozen,,,,,,,,,,,,,,,,,,,,,,,,,,,,,,,,,,,,,,,,,,,,,,,,,,,,,,,,,,,,,,,,,,,,,,,,,,,,,,,,,,,,,,,,,
48_S48_L001_R2_001.fastq.gz,48_S48_L001_R2_001.fastq.gz,raw,,geneExpression,,fastq,,NF0002,,experimentalData,,NF0002-8-19 S,,syn11374354,,Cutaneous Neurofibroma,,-/-,,+/+,,pairedEnd,,Neurofibromatosis type 1,,A 3D Cutaneous Neurofibroma Model for Automated High-Throughput Drug Screenings,,Illumina NovaSeq 6000,,inward,,StemPro,,RNASeqTemplate,,Smart-seq2,,RNA-seq,,Homo sapiens,,NTAP,,No,,Cutaneous Neurofibroma Initiative,,skin,,2,,reverse,,No,,No,,Yes,,4,,Flash frozen,,,,,,,,,,,,,,,,,,,,,,,,,,,,,,,,,,,,,,,,,,,,,,,,,,,,,,,,,,,,,,,,,,,,,,,,,,,,,,,,,,,,,,,,,
48_S48_L002_R1_001.fastq.gz,48_S48_L002_R1_001.fastq.gz,raw,,geneExpression,,fastq,,NF0002,,experimentalData,,NF0002-8-19 S,,syn11374354,,Cutaneous Neurofibroma,,-/-,,+/+,,pairedEnd,,Neurofibromatosis type 1,,A 3D Cutaneous Neurofibroma Model for Automated High-Throughput Drug Screenings,,Illumina NovaSeq 6000,,inward,,StemPro,,RNASeqTemplate,,Smart-seq2,,RNA-seq,,Homo sapiens,,NTAP,,No,,Cutaneous Neurofibroma Initiative,,skin,,1,,reverse,,No,,No,,Yes,,4,,Flash frozen,,,,,,,,,,,,,,,,,,,,,,,,,,,,,,,,,,,,,,,,,,,,,,,,,,,,,,,,,,,,,,,,,,,,,,,,,,,,,,,,,,,,,,,,,
48_S48_L002_R2_001.fastq.gz,48_S48_L002_R2_001.fastq.gz,raw,,geneExpression,,fastq,,NF0002,,experimentalData,,NF0002-8-19 S,,syn11374354,,Cutaneous Neurofibroma,,-/-,,+/+,,pairedEnd,,Neurofibromatosis type 1,,A 3D Cutaneous Neurofibroma Model for Automated High-Throughput Drug Screenings,,Illumina NovaSeq 6000,,inward,,StemPro,,RNASeqTemplate,,Smart-seq2,,RNA-seq,,Homo sapiens,,NTAP,,No,,Cutaneous Neurofibroma Initiative,,skin,,2,,reverse,,No,,No,,Yes,,4,,Flash frozen,,,,,,,,,,,,,,,,,,,,,,,,,,,,,,,,,,,,,,,,,,,,,,,,,,,,,,,,,,,,,,,,,,,,,,,,,,,,,,,,,,,,,,,,,
48_S48_L003_R1_001.fastq.gz,48_S48_L003_R1_001.fastq.gz,raw,,geneExpression,,fastq,,NF0002,,experimentalData,,NF0002-8-19 S,,syn11374354,,Cutaneous Neurofibroma,,-/-,,+/+,,pairedEnd,,Neurofibromatosis type 1,,A 3D Cutaneous Neurofibroma Model for Automated High-Throughput Drug Screenings,,Illumina NovaSeq 6000,,inward,,StemPro,,RNASeqTemplate,,Smart-seq2,,RNA-seq,,Homo sapiens,,NTAP,,No,,Cutaneous Neurofibroma Initiative,,skin,,1,,reverse,,No,,No,,Yes,,4,,Flash frozen,,,,,,,,,,,,,,,,,,,,,,,,,,,,,,,,,,,,,,,,,,,,,,,,,,,,,,,,,,,,,,,,,,,,,,,,,,,,,,,,,,,,,,,,,
48_S48_L003_R2_001.fastq.gz,48_S48_L003_R2_001.fastq.gz,raw,,geneExpression,,fastq,,NF0002,,experimentalData,,NF0002-8-19 S,,syn11374354,,Cutaneous Neurofibroma,,-/-,,+/+,,pairedEnd,,Neurofibromatosis type 1,,A 3D Cutaneous Neurofibroma Model for Automated High-Throughput Drug Screenings,,Illumina NovaSeq 6000,,inward,,StemPro,,RNASeqTemplate,,Smart-seq2,,RNA-seq,,Homo sapiens,,NTAP,,No,,Cutaneous Neurofibroma Initiative,,skin,,2,,reverse,,No,,No,,Yes,,4,,Flash frozen,,,,,,,,,,,,,,,,,,,,,,,,,,,,,,,,,,,,,,,,,,,,,,,,,,,,,,,,,,,,,,,,,,,,,,,,,,,,,,,,,,,,,,,,,
49_S49_L002_R2_001.fastq.gz,49_S49_L002_R2_001.fastq.gz,raw,,geneExpression,,fastq,,NF0002,,experimentalData,,NF0002-8-19-S+C,,syn11374354,,Cutaneous Neurofibroma,,-/-,,+/+,,pairedEnd,,Neurofibromatosis type 1,,A 3D Cutaneous Neurofibroma Model for Automated High-Throughput Drug Screenings,,Illumina NovaSeq 6000,,inward,,"Cytokines,StemPro",,RNASeqTemplate,,Smart-seq2,,RNA-seq,,Homo sapiens,,NTAP,,No,,Cutaneous Neurofibroma Initiative,,skin,,2,,reverse,,No,,No,,Yes,,4,,Flash frozen,,,,,,,,,,,,,,,,,,,,,,,,,,,,,,,,,,,,,,,,,,,,,,,,,,,,,,,,,,,,,,,,,,,,,,,,,,,,,,,,,,,,,,,,,
49_S49_L003_R2_001.fastq.gz,49_S49_L003_R2_001.fastq.gz,raw,,geneExpression,,fastq,,NF0002,,experimentalData,,NF0002-8-19-S+C,,syn11374354,,Cutaneous Neurofibroma,,-/-,,+/+,,pairedEnd,,Neurofibromatosis type 1,,A 3D Cutaneous Neurofibroma Model for Automated High-Throughput Drug Screenings,,Illumina NovaSeq 6000,,inward,,"Cytokines,StemPro",,RNASeqTemplate,,Smart-seq2,,RNA-seq,,Homo sapiens,,NTAP,,No,,Cutaneous Neurofibroma Initiative,,skin,,2,,reverse,,No,,No,,Yes,,4,,Flash frozen,,,,,,,,,,,,,,,,,,,,,,,,,,,,,,,,,,,,,,,,,,,,,,,,,,,,,,,,,,,,,,,,,,,,,,,,,,,,,,,,,,,,,,,,,
4_S4_L001_R1_001.fastq.gz,4_S4_L001_R1_001.fastq.gz,raw,,geneExpression,,fastq,,NF0009,,experimentalData,,NF0009-1,,syn11374354,,Cutaneous Neurofibroma,,-/-,,+/+,,pairedEnd,,Neurofibromatosis type 1,,A 3D Cutaneous Neurofibroma Model for Automated High-Throughput Drug Screenings,,Illumina NovaSeq 6000,,inward,,,,RNASeqTemplate,,Smart-seq2,,RNA-seq,,Homo sapiens,,NTAP,,No,,Cutaneous Neurofibroma Initiative,,skin,,1,,reverse,,No,,No,,Yes,,4,,Flash frozen,,,,,,,,,,,,,,,,,,,,,,,,,,,,,,,,,,,,,,,,,,,,,,,,,,,,,,,,,,,,,,,,,,,,,,,,,,,,,,,,,,,,,,,,,
4_S4_L001_R2_001.fastq.gz,4_S4_L001_R2_001.fastq.gz,raw,,geneExpression,,fastq,,NF0009,,experimentalData,,NF0009-1,,syn11374354,,Cutaneous Neurofibroma,,-/-,,+/+,,pairedEnd,,Neurofibromatosis type 1,,A 3D Cutaneous Neurofibroma Model for Automated High-Throughput Drug Screenings,,Illumina NovaSeq 6000,,inward,,,,RNASeqTemplate,,Smart-seq2,,RNA-seq,,Homo sapiens,,NTAP,,No,,Cutaneous Neurofibroma Initiative,,skin,,2,,reverse,,No,,No,,Yes,,4,,Flash frozen,,,,,,,,,,,,,,,,,,,,,,,,,,,,,,,,,,,,,,,,,,,,,,,,,,,,,,,,,,,,,,,,,,,,,,,,,,,,,,,,,,,,,,,,,
4_S4_L002_R1_001.fastq.gz,4_S4_L002_R1_001.fastq.gz,raw,,geneExpression,,fastq,,NF0009,,experimentalData,,NF0009-1,,syn11374354,,Cutaneous Neurofibroma,,-/-,,+/+,,pairedEnd,,Neurofibromatosis type 1,,A 3D Cutaneous Neurofibroma Model for Automated High-Throughput Drug Screenings,,Illumina NovaSeq 6000,,inward,,,,RNASeqTemplate,,Smart-seq2,,RNA-seq,,Homo sapiens,,NTAP,,No,,Cutaneous Neurofibroma Initiative,,skin,,1,,reverse,,No,,No,,Yes,,4,,Flash frozen,,,,,,,,,,,,,,,,,,,,,,,,,,,,,,,,,,,,,,,,,,,,,,,,,,,,,,,,,,,,,,,,,,,,,,,,,,,,,,,,,,,,,,,,,
4_S4_L002_R2_001.fastq.gz,4_S4_L002_R2_001.fastq.gz,raw,,geneExpression,,fastq,,NF0009,,experimentalData,,NF0009-1,,syn11374354,,Cutaneous Neurofibroma,,-/-,,+/+,,pairedEnd,,Neurofibromatosis type 1,,A 3D Cutaneous Neurofibroma Model for Automated High-Throughput Drug Screenings,,Illumina NovaSeq 6000,,inward,,,,RNASeqTemplate,,Smart-seq2,,RNA-seq,,Homo sapiens,,NTAP,,No,,Cutaneous Neurofibroma Initiative,,skin,,2,,reverse,,No,,No,,Yes,,4,,Flash frozen,,,,,,,,,,,,,,,,,,,,,,,,,,,,,,,,,,,,,,,,,,,,,,,,,,,,,,,,,,,,,,,,,,,,,,,,,,,,,,,,,,,,,,,,,
4_S4_L003_R1_001.fastq.gz,4_S4_L003_R1_001.fastq.gz,raw,,geneExpression,,fastq,,NF0009,,experimentalData,,NF0009-1,,syn11374354,,Cutaneous Neurofibroma,,-/-,,+/+,,pairedEnd,,Neurofibromatosis type 1,,A 3D Cutaneous Neurofibroma Model for Automated High-Throughput Drug Screenings,,Illumina NovaSeq 6000,,inward,,,,RNASeqTemplate,,Smart-seq2,,RNA-seq,,Homo sapiens,,NTAP,,No,,Cutaneous Neurofibroma Initiative,,skin,,1,,reverse,,No,,No,,Yes,,4,,Flash frozen,,,,,,,,,,,,,,,,,,,,,,,,,,,,,,,,,,,,,,,,,,,,,,,,,,,,,,,,,,,,,,,,,,,,,,,,,,,,,,,,,,,,,,,,,
4_S4_L003_R2_001.fastq.gz,4_S4_L003_R2_001.fastq.gz,raw,,geneExpression,,fastq,,NF0009,,experimentalData,,NF0009-1,,syn11374354,,Cutaneous Neurofibroma,,-/-,,+/+,,pairedEnd,,Neurofibromatosis type 1,,A 3D Cutaneous Neurofibroma Model for Automated High-Throughput Drug Screenings,,Illumina NovaSeq 6000,,inward,,,,RNASeqTemplate,,Smart-seq2,,RNA-seq,,Homo sapiens,,NTAP,,No,,Cutaneous Neurofibroma Initiative,,skin,,2,,reverse,,No,,No,,Yes,,4,,Flash frozen,,,,,,,,,,,,,,,,,,,,,,,,,,,,,,,,,,,,,,,,,,,,,,,,,,,,,,,,,,,,,,,,,,,,,,,,,,,,,,,,,,,,,,,,,
50_S50_L001_R1_001.fastq.gz,50_S50_L001_R1_001.fastq.gz,raw,,geneExpression,,fastq,,NF0002,,experimentalData,,NF0002-8-19-S+C+F,,syn11374354,,Cutaneous Neurofibroma,,-/-,,+/+,,pairedEnd,,Neurofibromatosis type 1,,A 3D Cutaneous Neurofibroma Model for Automated High-Throughput Drug Screenings,,Illumina NovaSeq 6000,,inward,,"Cytokines,Forskoline,StemPro",,RNASeqTemplate,,Smart-seq2,,RNA-seq,,Homo sapiens,,NTAP,,No,,Cutaneous Neurofibroma Initiative,,skin,,1,,reverse,,No,,No,,Yes,,4,,Flash frozen,,,,,,,,,,,,,,,,,,,,,,,,,,,,,,,,,,,,,,,,,,,,,,,,,,,,,,,,,,,,,,,,,,,,,,,,,,,,,,,,,,,,,,,,,
50_S50_L001_R2_001.fastq.gz,50_S50_L001_R2_001.fastq.gz,raw,,geneExpression,,fastq,,NF0002,,experimentalData,,NF0002-8-19-S+C+F,,syn11374354,,Cutaneous Neurofibroma,,-/-,,+/+,,pairedEnd,,Neurofibromatosis type 1,,A 3D Cutaneous Neurofibroma Model for Automated High-Throughput Drug Screenings,,Illumina NovaSeq 6000,,inward,,"Cytokines,Forskoline,StemPro",,RNASeqTemplate,,Smart-seq2,,RNA-seq,,Homo sapiens,,NTAP,,No,,Cutaneous Neurofibroma Initiative,,skin,,2,,reverse,,No,,No,,Yes,,4,,Flash frozen,,,,,,,,,,,,,,,,,,,,,,,,,,,,,,,,,,,,,,,,,,,,,,,,,,,,,,,,,,,,,,,,,,,,,,,,,,,,,,,,,,,,,,,,,
50_S50_L002_R1_001.fastq.gz,50_S50_L002_R1_001.fastq.gz,raw,,geneExpression,,fastq,,NF0002,,experimentalData,,NF0002-8-19-S+C+F,,syn11374354,,Cutaneous Neurofibroma,,-/-,,+/+,,pairedEnd,,Neurofibromatosis type 1,,A 3D Cutaneous Neurofibroma Model for Automated High-Throughput Drug Screenings,,Illumina NovaSeq 6000,,inward,,"Cytokines,Forskoline,StemPro",,RNASeqTemplate,,Smart-seq2,,RNA-seq,,Homo sapiens,,NTAP,,No,,Cutaneous Neurofibroma Initiative,,skin,,1,,reverse,,No,,No,,Yes,,4,,Flash frozen,,,,,,,,,,,,,,,,,,,,,,,,,,,,,,,,,,,,,,,,,,,,,,,,,,,,,,,,,,,,,,,,,,,,,,,,,,,,,,,,,,,,,,,,,
50_S50_L002_R2_001.fastq.gz,50_S50_L002_R2_001.fastq.gz,raw,,geneExpression,,fastq,,NF0002,,experimentalData,,NF0002-8-19-S+C+F,,syn11374354,,Cutaneous Neurofibroma,,-/-,,+/+,,pairedEnd,,Neurofibromatosis type 1,,A 3D Cutaneous Neurofibroma Model for Automated High-Throughput Drug Screenings,,Illumina NovaSeq 6000,,inward,,"Cytokines,Forskoline,StemPro",,RNASeqTemplate,,Smart-seq2,,RNA-seq,,Homo sapiens,,NTAP,,No,,Cutaneous Neurofibroma Initiative,,skin,,2,,reverse,,No,,No,,Yes,,4,,Flash frozen,,,,,,,,,,,,,,,,,,,,,,,,,,,,,,,,,,,,,,,,,,,,,,,,,,,,,,,,,,,,,,,,,,,,,,,,,,,,,,,,,,,,,,,,,
50_S50_L003_R1_001.fastq.gz,50_S50_L003_R1_001.fastq.gz,raw,,geneExpression,,fastq,,NF0002,,experimentalData,,NF0002-8-19-S+C+F,,syn11374354,,Cutaneous Neurofibroma,,-/-,,+/+,,pairedEnd,,Neurofibromatosis type 1,,A 3D Cutaneous Neurofibroma Model for Automated High-Throughput Drug Screenings,,Illumina NovaSeq 6000,,inward,,"Cytokines,Forskoline,StemPro",,RNASeqTemplate,,Smart-seq2,,RNA-seq,,Homo sapiens,,NTAP,,No,,Cutaneous Neurofibroma Initiative,,skin,,1,,reverse,,No,,No,,Yes,,4,,Flash frozen,,,,,,,,,,,,,,,,,,,,,,,,,,,,,,,,,,,,,,,,,,,,,,,,,,,,,,,,,,,,,,,,,,,,,,,,,,,,,,,,,,,,,,,,,
50_S50_L003_R2_001.fastq.gz,50_S50_L003_R2_001.fastq.gz,raw,,geneExpression,,fastq,,NF0002,,experimentalData,,NF0002-8-19-S+C+F,,syn11374354,,Cutaneous Neurofibroma,,-/-,,+/+,,pairedEnd,,Neurofibromatosis type 1,,A 3D Cutaneous Neurofibroma Model for Automated High-Throughput Drug Screenings,,Illumina NovaSeq 6000,,inward,,"Cytokines,Forskoline,StemPro",,RNASeqTemplate,,Smart-seq2,,RNA-seq,,Homo sapiens,,NTAP,,No,,Cutaneous Neurofibroma Initiative,,skin,,2,,reverse,,No,,No,,Yes,,4,,Flash frozen,,,,,,,,,,,,,,,,,,,,,,,,,,,,,,,,,,,,,,,,,,,,,,,,,,,,,,,,,,,,,,,,,,,,,,,,,,,,,,,,,,,,,,,,,
51_S51_L001_R1_001.fastq.gz,51_S51_L001_R1_001.fastq.gz,raw,,geneExpression,,fastq,,NF0008,,experimentalData,,NF0008-1,,syn11374354,,Cutaneous Neurofibroma,,-/-,,+/+,,pairedEnd,,Neurofibromatosis type 1,,A 3D Cutaneous Neurofibroma Model for Automated High-Throughput Drug Screenings,,Illumina NovaSeq 6000,,inward,,,,RNASeqTemplate,,Smart-seq2,,RNA-seq,,Homo sapiens,,NTAP,,No,,Cutaneous Neurofibroma Initiative,,skin,,1,,reverse,,No,,No,,Yes,,4,,Flash frozen,,,,,,,,,,,,,,,,,,,,,,,,,,,,,,,,,,,,,,,,,,,,,,,,,,,,,,,,,,,,,,,,,,,,,,,,,,,,,,,,,,,,,,,,,
51_S51_L001_R2_001.fastq.gz,51_S51_L001_R2_001.fastq.gz,raw,,geneExpression,,fastq,,NF0008,,experimentalData,,NF0008-1,,syn11374354,,Cutaneous Neurofibroma,,-/-,,+/+,,pairedEnd,,Neurofibromatosis type 1,,A 3D Cutaneous Neurofibroma Model for Automated High-Throughput Drug Screenings,,Illumina NovaSeq 6000,,inward,,,,RNASeqTemplate,,Smart-seq2,,RNA-seq,,Homo sapiens,,NTAP,,No,,Cutaneous Neurofibroma Initiative,,skin,,2,,reverse,,No,,No,,Yes,,4,,Flash frozen,,,,,,,,,,,,,,,,,,,,,,,,,,,,,,,,,,,,,,,,,,,,,,,,,,,,,,,,,,,,,,,,,,,,,,,,,,,,,,,,,,,,,,,,,
51_S51_L002_R1_001.fastq.gz,51_S51_L002_R1_001.fastq.gz,raw,,geneExpression,,fastq,,NF0008,,experimentalData,,NF0008-1,,syn11374354,,Cutaneous Neurofibroma,,-/-,,+/+,,pairedEnd,,Neurofibromatosis type 1,,A 3D Cutaneous Neurofibroma Model for Automated High-Throughput Drug Screenings,,Illumina NovaSeq 6000,,inward,,,,RNASeqTemplate,,Smart-seq2,,RNA-seq,,Homo sapiens,,NTAP,,No,,Cutaneous Neurofibroma Initiative,,skin,,1,,reverse,,No,,No,,Yes,,4,,Flash frozen,,,,,,,,,,,,,,,,,,,,,,,,,,,,,,,,,,,,,,,,,,,,,,,,,,,,,,,,,,,,,,,,,,,,,,,,,,,,,,,,,,,,,,,,,
51_S51_L002_R2_001.fastq.gz,51_S51_L002_R2_001.fastq.gz,raw,,geneExpression,,fastq,,NF0008,,experimentalData,,NF0008-1,,syn11374354,,Cutaneous Neurofibroma,,-/-,,+/+,,pairedEnd,,Neurofibromatosis type 1,,A 3D Cutaneous Neurofibroma Model for Automated High-Throughput Drug Screenings,,Illumina NovaSeq 6000,,inward,,,,RNASeqTemplate,,Smart-seq2,,RNA-seq,,Homo sapiens,,NTAP,,No,,Cutaneous Neurofibroma Initiative,,skin,,2,,reverse,,No,,No,,Yes,,4,,Flash frozen,,,,,,,,,,,,,,,,,,,,,,,,,,,,,,,,,,,,,,,,,,,,,,,,,,,,,,,,,,,,,,,,,,,,,,,,,,,,,,,,,,,,,,,,,
51_S51_L003_R1_001.fastq.gz,51_S51_L003_R1_001.fastq.gz,raw,,geneExpression,,fastq,,NF0008,,experimentalData,,NF0008-1,,syn11374354,,Cutaneous Neurofibroma,,-/-,,+/+,,pairedEnd,,Neurofibromatosis type 1,,A 3D Cutaneous Neurofibroma Model for Automated High-Throughput Drug Screenings,,Illumina NovaSeq 6000,,inward,,,,RNASeqTemplate,,Smart-seq2,,RNA-seq,,Homo sapiens,,NTAP,,No,,Cutaneous Neurofibroma Initiative,,skin,,1,,reverse,,No,,No,,Yes,,4,,Flash frozen,,,,,,,,,,,,,,,,,,,,,,,,,,,,,,,,,,,,,,,,,,,,,,,,,,,,,,,,,,,,,,,,,,,,,,,,,,,,,,,,,,,,,,,,,
51_S51_L003_R2_001.fastq.gz,51_S51_L003_R2_001.fastq.gz,raw,,geneExpression,,fastq,,NF0008,,experimentalData,,NF0008-1,,syn11374354,,Cutaneous Neurofibroma,,-/-,,+/+,,pairedEnd,,Neurofibromatosis type 1,,A 3D Cutaneous Neurofibroma Model for Automated High-Throughput Drug Screenings,,Illumina NovaSeq 6000,,inward,,,,RNASeqTemplate,,Smart-seq2,,RNA-seq,,Homo sapiens,,NTAP,,No,,Cutaneous Neurofibroma Initiative,,skin,,2,,reverse,,No,,No,,Yes,,4,,Flash frozen,,,,,,,,,,,,,,,,,,,,,,,,,,,,,,,,,,,,,,,,,,,,,,,,,,,,,,,,,,,,,,,,,,,,,,,,,,,,,,,,,,,,,,,,,
52_S52_L001_R1_001.fastq.gz,52_S52_L001_R1_001.fastq.gz,raw,,geneExpression,,fastq,,NF0008,,experimentalData,,NF0008-1 M,,syn11374354,,Cutaneous Neurofibroma,,-/-,,+/+,,pairedEnd,,Neurofibromatosis type 1,,A 3D Cutaneous Neurofibroma Model for Automated High-Throughput Drug Screenings,,Illumina NovaSeq 6000,,inward,,Mammo,,RNASeqTemplate,,Smart-seq2,,RNA-seq,,Homo sapiens,,NTAP,,No,,Cutaneous Neurofibroma Initiative,,skin,,1,,reverse,,No,,No,,Yes,,4,,Flash frozen,,,,,,,,,,,,,,,,,,,,,,,,,,,,,,,,,,,,,,,,,,,,,,,,,,,,,,,,,,,,,,,,,,,,,,,,,,,,,,,,,,,,,,,,,
52_S52_L001_R2_001.fastq.gz,52_S52_L001_R2_001.fastq.gz,raw,,geneExpression,,fastq,,NF0008,,experimentalData,,NF0008-1 M,,syn11374354,,Cutaneous Neurofibroma,,-/-,,+/+,,pairedEnd,,Neurofibromatosis type 1,,A 3D Cutaneous Neurofibroma Model for Automated High-Throughput Drug Screenings,,Illumina NovaSeq 6000,,inward,,Mammo,,RNASeqTemplate,,Smart-seq2,,RNA-seq,,Homo sapiens,,NTAP,,No,,Cutaneous Neurofibroma Initiative,,skin,,2,,reverse,,No,,No,,Yes,,4,,Flash frozen,,,,,,,,,,,,,,,,,,,,,,,,,,,,,,,,,,,,,,,,,,,,,,,,,,,,,,,,,,,,,,,,,,,,,,,,,,,,,,,,,,,,,,,,,
52_S52_L002_R1_001.fastq.gz,52_S52_L002_R1_001.fastq.gz,raw,,geneExpression,,fastq,,NF0008,,experimentalData,,NF0008-1 M,,syn11374354,,Cutaneous Neurofibroma,,-/-,,+/+,,pairedEnd,,Neurofibromatosis type 1,,A 3D Cutaneous Neurofibroma Model for Automated High-Throughput Drug Screenings,,Illumina NovaSeq 6000,,inward,,Mammo,,RNASeqTemplate,,Smart-seq2,,RNA-seq,,Homo sapiens,,NTAP,,No,,Cutaneous Neurofibroma Initiative,,skin,,1,,reverse,,No,,No,,Yes,,4,,Flash frozen,,,,,,,,,,,,,,,,,,,,,,,,,,,,,,,,,,,,,,,,,,,,,,,,,,,,,,,,,,,,,,,,,,,,,,,,,,,,,,,,,,,,,,,,,
52_S52_L002_R2_001.fastq.gz,52_S52_L002_R2_001.fastq.gz,raw,,geneExpression,,fastq,,NF0008,,experimentalData,,NF0008-1 M,,syn11374354,,Cutaneous Neurofibroma,,-/-,,+/+,,pairedEnd,,Neurofibromatosis type 1,,A 3D Cutaneous Neurofibroma Model for Automated High-Throughput Drug Screenings,,Illumina NovaSeq 6000,,inward,,Mammo,,RNASeqTemplate,,Smart-seq2,,RNA-seq,,Homo sapiens,,NTAP,,No,,Cutaneous Neurofibroma Initiative,,skin,,2,,reverse,,No,,No,,Yes,,4,,Flash frozen,,,,,,,,,,,,,,,,,,,,,,,,,,,,,,,,,,,,,,,,,,,,,,,,,,,,,,,,,,,,,,,,,,,,,,,,,,,,,,,,,,,,,,,,,
52_S52_L003_R1_001.fastq.gz,52_S52_L003_R1_001.fastq.gz,raw,,geneExpression,,fastq,,NF0008,,experimentalData,,NF0008-1 M,,syn11374354,,Cutaneous Neurofibroma,,-/-,,+/+,,pairedEnd,,Neurofibromatosis type 1,,A 3D Cutaneous Neurofibroma Model for Automated High-Throughput Drug Screenings,,Illumina NovaSeq 6000,,inward,,Mammo,,RNASeqTemplate,,Smart-seq2,,RNA-seq,,Homo sapiens,,NTAP,,No,,Cutaneous Neurofibroma Initiative,,skin,,1,,reverse,,No,,No,,Yes,,4,,Flash frozen,,,,,,,,,,,,,,,,,,,,,,,,,,,,,,,,,,,,,,,,,,,,,,,,,,,,,,,,,,,,,,,,,,,,,,,,,,,,,,,,,,,,,,,,,
52_S52_L003_R2_001.fastq.gz,52_S52_L003_R2_001.fastq.gz,raw,,geneExpression,,fastq,,NF0008,,experimentalData,,NF0008-1 M,,syn11374354,,Cutaneous Neurofibroma,,-/-,,+/+,,pairedEnd,,Neurofibromatosis type 1,,A 3D Cutaneous Neurofibroma Model for Automated High-Throughput Drug Screenings,,Illumina NovaSeq 6000,,inward,,Mammo,,RNASeqTemplate,,Smart-seq2,,RNA-seq,,Homo sapiens,,NTAP,,No,,Cutaneous Neurofibroma Initiative,,skin,,2,,reverse,,No,,No,,Yes,,4,,Flash frozen,,,,,,,,,,,,,,,,,,,,,,,,,,,,,,,,,,,,,,,,,,,,,,,,,,,,,,,,,,,,,,,,,,,,,,,,,,,,,,,,,,,,,,,,,
53_S53_L001_R1_001.fastq.gz,53_S53_L001_R1_001.fastq.gz,raw,,geneExpression,,fastq,,NF0008,,experimentalData,,NF0008-1-M+C,,syn11374354,,Cutaneous Neurofibroma,,-/-,,+/+,,pairedEnd,,Neurofibromatosis type 1,,A 3D Cutaneous Neurofibroma Model for Automated High-Throughput Drug Screenings,,Illumina NovaSeq 6000,,inward,,"Cytokines,Mammo",,RNASeqTemplate,,Smart-seq2,,RNA-seq,,Homo sapiens,,NTAP,,No,,Cutaneous Neurofibroma Initiative,,skin,,1,,reverse,,No,,No,,Yes,,4,,Flash frozen,,,,,,,,,,,,,,,,,,,,,,,,,,,,,,,,,,,,,,,,,,,,,,,,,,,,,,,,,,,,,,,,,,,,,,,,,,,,,,,,,,,,,,,,,
53_S53_L001_R2_001.fastq.gz,53_S53_L001_R2_001.fastq.gz,raw,,geneExpression,,fastq,,NF0008,,experimentalData,,NF0008-1-M+C,,syn11374354,,Cutaneous Neurofibroma,,-/-,,+/+,,pairedEnd,,Neurofibromatosis type 1,,A 3D Cutaneous Neurofibroma Model for Automated High-Throughput Drug Screenings,,Illumina NovaSeq 6000,,inward,,"Cytokines,Mammo",,RNASeqTemplate,,Smart-seq2,,RNA-seq,,Homo sapiens,,NTAP,,No,,Cutaneous Neurofibroma Initiative,,skin,,2,,reverse,,No,,No,,Yes,,4,,Flash frozen,,,,,,,,,,,,,,,,,,,,,,,,,,,,,,,,,,,,,,,,,,,,,,,,,,,,,,,,,,,,,,,,,,,,,,,,,,,,,,,,,,,,,,,,,
53_S53_L002_R1_001.fastq.gz,53_S53_L002_R1_001.fastq.gz,raw,,geneExpression,,fastq,,NF0008,,experimentalData,,NF0008-1-M+C,,syn11374354,,Cutaneous Neurofibroma,,-/-,,+/+,,pairedEnd,,Neurofibromatosis type 1,,A 3D Cutaneous Neurofibroma Model for Automated High-Throughput Drug Screenings,,Illumina NovaSeq 6000,,inward,,"Cytokines,Mammo",,RNASeqTemplate,,Smart-seq2,,RNA-seq,,Homo sapiens,,NTAP,,No,,Cutaneous Neurofibroma Initiative,,skin,,1,,reverse,,No,,No,,Yes,,4,,Flash frozen,,,,,,,,,,,,,,,,,,,,,,,,,,,,,,,,,,,,,,,,,,,,,,,,,,,,,,,,,,,,,,,,,,,,,,,,,,,,,,,,,,,,,,,,,
53_S53_L002_R2_001.fastq.gz,53_S53_L002_R2_001.fastq.gz,raw,,geneExpression,,fastq,,NF0008,,experimentalData,,NF0008-1-M+C,,syn11374354,,Cutaneous Neurofibroma,,-/-,,+/+,,pairedEnd,,Neurofibromatosis type 1,,A 3D Cutaneous Neurofibroma Model for Automated High-Throughput Drug Screenings,,Illumina NovaSeq 6000,,inward,,"Cytokines,Mammo",,RNASeqTemplate,,Smart-seq2,,RNA-seq,,Homo sapiens,,NTAP,,No,,Cutaneous Neurofibroma Initiative,,skin,,2,,reverse,,No,,No,,Yes,,4,,Flash frozen,,,,,,,,,,,,,,,,,,,,,,,,,,,,,,,,,,,,,,,,,,,,,,,,,,,,,,,,,,,,,,,,,,,,,,,,,,,,,,,,,,,,,,,,,
53_S53_L003_R1_001.fastq.gz,53_S53_L003_R1_001.fastq.gz,raw,,geneExpression,,fastq,,NF0008,,experimentalData,,NF0008-1-M+C,,syn11374354,,Cutaneous Neurofibroma,,-/-,,+/+,,pairedEnd,,Neurofibromatosis type 1,,A 3D Cutaneous Neurofibroma Model for Automated High-Throughput Drug Screenings,,Illumina NovaSeq 6000,,inward,,"Cytokines,Mammo",,RNASeqTemplate,,Smart-seq2,,RNA-seq,,Homo sapiens,,NTAP,,No,,Cutaneous Neurofibroma Initiative,,skin,,1,,reverse,,No,,No,,Yes,,4,,Flash frozen,,,,,,,,,,,,,,,,,,,,,,,,,,,,,,,,,,,,,,,,,,,,,,,,,,,,,,,,,,,,,,,,,,,,,,,,,,,,,,,,,,,,,,,,,
53_S53_L003_R2_001.fastq.gz,53_S53_L003_R2_001.fastq.gz,raw,,geneExpression,,fastq,,NF0008,,experimentalData,,NF0008-1-M+C,,syn11374354,,Cutaneous Neurofibroma,,-/-,,+/+,,pairedEnd,,Neurofibromatosis type 1,,A 3D Cutaneous Neurofibroma Model for Automated High-Throughput Drug Screenings,,Illumina NovaSeq 6000,,inward,,"Cytokines,Mammo",,RNASeqTemplate,,Smart-seq2,,RNA-seq,,Homo sapiens,,NTAP,,No,,Cutaneous Neurofibroma Initiative,,skin,,2,,reverse,,No,,No,,Yes,,4,,Flash frozen,,,,,,,,,,,,,,,,,,,,,,,,,,,,,,,,,,,,,,,,,,,,,,,,,,,,,,,,,,,,,,,,,,,,,,,,,,,,,,,,,,,,,,,,,
54_S54_L001_R1_001.fastq.gz,54_S54_L001_R1_001.fastq.gz,raw,,geneExpression,,fastq,,NF0008,,experimentalData,,NF0008-1-M+C+F,,syn11374354,,Cutaneous Neurofibroma,,-/-,,+/+,,pairedEnd,,Neurofibromatosis type 1,,A 3D Cutaneous Neurofibroma Model for Automated High-Throughput Drug Screenings,,Illumina NovaSeq 6000,,inward,,"Cytokines,Forskoline,Mammo",,RNASeqTemplate,,Smart-seq2,,RNA-seq,,Homo sapiens,,NTAP,,No,,Cutaneous Neurofibroma Initiative,,skin,,1,,reverse,,No,,No,,Yes,,4,,Flash frozen,,,,,,,,,,,,,,,,,,,,,,,,,,,,,,,,,,,,,,,,,,,,,,,,,,,,,,,,,,,,,,,,,,,,,,,,,,,,,,,,,,,,,,,,,
54_S54_L001_R2_001.fastq.gz,54_S54_L001_R2_001.fastq.gz,raw,,geneExpression,,fastq,,NF0008,,experimentalData,,NF0008-1-M+C+F,,syn11374354,,Cutaneous Neurofibroma,,-/-,,+/+,,pairedEnd,,Neurofibromatosis type 1,,A 3D Cutaneous Neurofibroma Model for Automated High-Throughput Drug Screenings,,Illumina NovaSeq 6000,,inward,,"Cytokines,Forskoline,Mammo",,RNASeqTemplate,,Smart-seq2,,RNA-seq,,Homo sapiens,,NTAP,,No,,Cutaneous Neurofibroma Initiative,,skin,,2,,reverse,,No,,No,,Yes,,4,,Flash frozen,,,,,,,,,,,,,,,,,,,,,,,,,,,,,,,,,,,,,,,,,,,,,,,,,,,,,,,,,,,,,,,,,,,,,,,,,,,,,,,,,,,,,,,,,
54_S54_L002_R1_001.fastq.gz,54_S54_L002_R1_001.fastq.gz,raw,,geneExpression,,fastq,,NF0008,,experimentalData,,NF0008-1-M+C+F,,syn11374354,,Cutaneous Neurofibroma,,-/-,,+/+,,pairedEnd,,Neurofibromatosis type 1,,A 3D Cutaneous Neurofibroma Model for Automated High-Throughput Drug Screenings,,Illumina NovaSeq 6000,,inward,,"Cytokines,Forskoline,Mammo",,RNASeqTemplate,,Smart-seq2,,RNA-seq,,Homo sapiens,,NTAP,,No,,Cutaneous Neurofibroma Initiative,,skin,,1,,reverse,,No,,No,,Yes,,4,,Flash frozen,,,,,,,,,,,,,,,,,,,,,,,,,,,,,,,,,,,,,,,,,,,,,,,,,,,,,,,,,,,,,,,,,,,,,,,,,,,,,,,,,,,,,,,,,
54_S54_L002_R2_001.fastq.gz,54_S54_L002_R2_001.fastq.gz,raw,,geneExpression,,fastq,,NF0008,,experimentalData,,NF0008-1-M+C+F,,syn11374354,,Cutaneous Neurofibroma,,-/-,,+/+,,pairedEnd,,Neurofibromatosis type 1,,A 3D Cutaneous Neurofibroma Model for Automated High-Throughput Drug Screenings,,Illumina NovaSeq 6000,,inward,,"Cytokines,Forskoline,Mammo",,RNASeqTemplate,,Smart-seq2,,RNA-seq,,Homo sapiens,,NTAP,,No,,Cutaneous Neurofibroma Initiative,,skin,,2,,reverse,,No,,No,,Yes,,4,,Flash frozen,,,,,,,,,,,,,,,,,,,,,,,,,,,,,,,,,,,,,,,,,,,,,,,,,,,,,,,,,,,,,,,,,,,,,,,,,,,,,,,,,,,,,,,,,
54_S54_L003_R1_001.fastq.gz,54_S54_L003_R1_001.fastq.gz,raw,,geneExpression,,fastq,,NF0008,,experimentalData,,NF0008-1-M+C+F,,syn11374354,,Cutaneous Neurofibroma,,-/-,,+/+,,pairedEnd,,Neurofibromatosis type 1,,A 3D Cutaneous Neurofibroma Model for Automated High-Throughput Drug Screenings,,Illumina NovaSeq 6000,,inward,,"Cytokines,Forskoline,Mammo",,RNASeqTemplate,,Smart-seq2,,RNA-seq,,Homo sapiens,,NTAP,,No,,Cutaneous Neurofibroma Initiative,,skin,,1,,reverse,,No,,No,,Yes,,4,,Flash frozen,,,,,,,,,,,,,,,,,,,,,,,,,,,,,,,,,,,,,,,,,,,,,,,,,,,,,,,,,,,,,,,,,,,,,,,,,,,,,,,,,,,,,,,,,
54_S54_L003_R2_001.fastq.gz,54_S54_L003_R2_001.fastq.gz,raw,,geneExpression,,fastq,,NF0008,,experimentalData,,NF0008-1-M+C+F,,syn11374354,,Cutaneous Neurofibroma,,-/-,,+/+,,pairedEnd,,Neurofibromatosis type 1,,A 3D Cutaneous Neurofibroma Model for Automated High-Throughput Drug Screenings,,Illumina NovaSeq 6000,,inward,,"Cytokines,Forskoline,Mammo",,RNASeqTemplate,,Smart-seq2,,RNA-seq,,Homo sapiens,,NTAP,,No,,Cutaneous Neurofibroma Initiative,,skin,,2,,reverse,,No,,No,,Yes,,4,,Flash frozen,,,,,,,,,,,,,,,,,,,,,,,,,,,,,,,,,,,,,,,,,,,,,,,,,,,,,,,,,,,,,,,,,,,,,,,,,,,,,,,,,,,,,,,,,
55_S55_L001_R1_001.fastq.gz,55_S55_L001_R1_001.fastq.gz,raw,,geneExpression,,fastq,,NF0008,,experimentalData,,NF0008-1 D,,syn11374354,,Cutaneous Neurofibroma,,-/-,,+/+,,pairedEnd,,Neurofibromatosis type 1,,A 3D Cutaneous Neurofibroma Model for Automated High-Throughput Drug Screenings,,Illumina NovaSeq 6000,,inward,,DMEM,,RNASeqTemplate,,Smart-seq2,,RNA-seq,,Homo sapiens,,NTAP,,No,,Cutaneous Neurofibroma Initiative,,skin,,1,,reverse,,No,,No,,Yes,,4,,Flash frozen,,,,,,,,,,,,,,,,,,,,,,,,,,,,,,,,,,,,,,,,,,,,,,,,,,,,,,,,,,,,,,,,,,,,,,,,,,,,,,,,,,,,,,,,,
55_S55_L001_R2_001.fastq.gz,55_S55_L001_R2_001.fastq.gz,raw,,geneExpression,,fastq,,NF0008,,experimentalData,,NF0008-1 D,,syn11374354,,Cutaneous Neurofibroma,,-/-,,+/+,,pairedEnd,,Neurofibromatosis type 1,,A 3D Cutaneous Neurofibroma Model for Automated High-Throughput Drug Screenings,,Illumina NovaSeq 6000,,inward,,DMEM,,RNASeqTemplate,,Smart-seq2,,RNA-seq,,Homo sapiens,,NTAP,,No,,Cutaneous Neurofibroma Initiative,,skin,,2,,reverse,,No,,No,,Yes,,4,,Flash frozen,,,,,,,,,,,,,,,,,,,,,,,,,,,,,,,,,,,,,,,,,,,,,,,,,,,,,,,,,,,,,,,,,,,,,,,,,,,,,,,,,,,,,,,,,
55_S55_L002_R1_001.fastq.gz,55_S55_L002_R1_001.fastq.gz,raw,,geneExpression,,fastq,,NF0008,,experimentalData,,NF0008-1 D,,syn11374354,,Cutaneous Neurofibroma,,-/-,,+/+,,pairedEnd,,Neurofibromatosis type 1,,A 3D Cutaneous Neurofibroma Model for Automated High-Throughput Drug Screenings,,Illumina NovaSeq 6000,,inward,,DMEM,,RNASeqTemplate,,Smart-seq2,,RNA-seq,,Homo sapiens,,NTAP,,No,,Cutaneous Neurofibroma Initiative,,skin,,1,,reverse,,No,,No,,Yes,,4,,Flash frozen,,,,,,,,,,,,,,,,,,,,,,,,,,,,,,,,,,,,,,,,,,,,,,,,,,,,,,,,,,,,,,,,,,,,,,,,,,,,,,,,,,,,,,,,,
55_S55_L002_R2_001.fastq.gz,55_S55_L002_R2_001.fastq.gz,raw,,geneExpression,,fastq,,NF0008,,experimentalData,,NF0008-1 D,,syn11374354,,Cutaneous Neurofibroma,,-/-,,+/+,,pairedEnd,,Neurofibromatosis type 1,,A 3D Cutaneous Neurofibroma Model for Automated High-Throughput Drug Screenings,,Illumina NovaSeq 6000,,inward,,DMEM,,RNASeqTemplate,,Smart-seq2,,RNA-seq,,Homo sapiens,,NTAP,,No,,Cutaneous Neurofibroma Initiative,,skin,,2,,reverse,,No,,No,,Yes,,4,,Flash frozen,,,,,,,,,,,,,,,,,,,,,,,,,,,,,,,,,,,,,,,,,,,,,,,,,,,,,,,,,,,,,,,,,,,,,,,,,,,,,,,,,,,,,,,,,
55_S55_L003_R1_001.fastq.gz,55_S55_L003_R1_001.fastq.gz,raw,,geneExpression,,fastq,,NF0008,,experimentalData,,NF0008-1 D,,syn11374354,,Cutaneous Neurofibroma,,-/-,,+/+,,pairedEnd,,Neurofibromatosis type 1,,A 3D Cutaneous Neurofibroma Model for Automated High-Throughput Drug Screenings,,Illumina NovaSeq 6000,,inward,,DMEM,,RNASeqTemplate,,Smart-seq2,,RNA-seq,,Homo sapiens,,NTAP,,No,,Cutaneous Neurofibroma Initiative,,skin,,1,,reverse,,No,,No,,Yes,,4,,Flash frozen,,,,,,,,,,,,,,,,,,,,,,,,,,,,,,,,,,,,,,,,,,,,,,,,,,,,,,,,,,,,,,,,,,,,,,,,,,,,,,,,,,,,,,,,,
55_S55_L003_R2_001.fastq.gz,55_S55_L003_R2_001.fastq.gz,raw,,geneExpression,,fastq,,NF0008,,experimentalData,,NF0008-1 D,,syn11374354,,Cutaneous Neurofibroma,,-/-,,+/+,,pairedEnd,,Neurofibromatosis type 1,,A 3D Cutaneous Neurofibroma Model for Automated High-Throughput Drug Screenings,,Illumina NovaSeq 6000,,inward,,DMEM,,RNASeqTemplate,,Smart-seq2,,RNA-seq,,Homo sapiens,,NTAP,,No,,Cutaneous Neurofibroma Initiative,,skin,,2,,reverse,,No,,No,,Yes,,4,,Flash frozen,,,,,,,,,,,,,,,,,,,,,,,,,,,,,,,,,,,,,,,,,,,,,,,,,,,,,,,,,,,,,,,,,,,,,,,,,,,,,,,,,,,,,,,,,
56_S56_L001_R1_001.fastq.gz,56_S56_L001_R1_001.fastq.gz,raw,,geneExpression,,fastq,,NF0008,,experimentalData,,NF0008-1-D+C,,syn11374354,,Cutaneous Neurofibroma,,-/-,,+/+,,pairedEnd,,Neurofibromatosis type 1,,A 3D Cutaneous Neurofibroma Model for Automated High-Throughput Drug Screenings,,Illumina NovaSeq 6000,,inward,,"Cytokines,DMEM",,RNASeqTemplate,,Smart-seq2,,RNA-seq,,Homo sapiens,,NTAP,,No,,Cutaneous Neurofibroma Initiative,,skin,,1,,reverse,,No,,No,,Yes,,4,,Flash frozen,,,,,,,,,,,,,,,,,,,,,,,,,,,,,,,,,,,,,,,,,,,,,,,,,,,,,,,,,,,,,,,,,,,,,,,,,,,,,,,,,,,,,,,,,
56_S56_L001_R2_001.fastq.gz,56_S56_L001_R2_001.fastq.gz,raw,,geneExpression,,fastq,,NF0008,,experimentalData,,NF0008-1-D+C,,syn11374354,,Cutaneous Neurofibroma,,-/-,,+/+,,pairedEnd,,Neurofibromatosis type 1,,A 3D Cutaneous Neurofibroma Model for Automated High-Throughput Drug Screenings,,Illumina NovaSeq 6000,,inward,,"Cytokines,DMEM",,RNASeqTemplate,,Smart-seq2,,RNA-seq,,Homo sapiens,,NTAP,,No,,Cutaneous Neurofibroma Initiative,,skin,,2,,reverse,,No,,No,,Yes,,4,,Flash frozen,,,,,,,,,,,,,,,,,,,,,,,,,,,,,,,,,,,,,,,,,,,,,,,,,,,,,,,,,,,,,,,,,,,,,,,,,,,,,,,,,,,,,,,,,
56_S56_L002_R1_001.fastq.gz,56_S56_L002_R1_001.fastq.gz,raw,,geneExpression,,fastq,,NF0008,,experimentalData,,NF0008-1-D+C,,syn11374354,,Cutaneous Neurofibroma,,-/-,,+/+,,pairedEnd,,Neurofibromatosis type 1,,A 3D Cutaneous Neurofibroma Model for Automated High-Throughput Drug Screenings,,Illumina NovaSeq 6000,,inward,,"Cytokines,DMEM",,RNASeqTemplate,,Smart-seq2,,RNA-seq,,Homo sapiens,,NTAP,,No,,Cutaneous Neurofibroma Initiative,,skin,,1,,reverse,,No,,No,,Yes,,4,,Flash frozen,,,,,,,,,,,,,,,,,,,,,,,,,,,,,,,,,,,,,,,,,,,,,,,,,,,,,,,,,,,,,,,,,,,,,,,,,,,,,,,,,,,,,,,,,
56_S56_L002_R2_001.fastq.gz,56_S56_L002_R2_001.fastq.gz,raw,,geneExpression,,fastq,,NF0008,,experimentalData,,NF0008-1-D+C,,syn11374354,,Cutaneous Neurofibroma,,-/-,,+/+,,pairedEnd,,Neurofibromatosis type 1,,A 3D Cutaneous Neurofibroma Model for Automated High-Throughput Drug Screenings,,Illumina NovaSeq 6000,,inward,,"Cytokines,DMEM",,RNASeqTemplate,,Smart-seq2,,RNA-seq,,Homo sapiens,,NTAP,,No,,Cutaneous Neurofibroma Initiative,,skin,,2,,reverse,,No,,No,,Yes,,4,,Flash frozen,,,,,,,,,,,,,,,,,,,,,,,,,,,,,,,,,,,,,,,,,,,,,,,,,,,,,,,,,,,,,,,,,,,,,,,,,,,,,,,,,,,,,,,,,
56_S56_L003_R1_001.fastq.gz,56_S56_L003_R1_001.fastq.gz,raw,,geneExpression,,fastq,,NF0008,,experimentalData,,NF0008-1-D+C,,syn11374354,,Cutaneous Neurofibroma,,-/-,,+/+,,pairedEnd,,Neurofibromatosis type 1,,A 3D Cutaneous Neurofibroma Model for Automated High-Throughput Drug Screenings,,Illumina NovaSeq 6000,,inward,,"Cytokines,DMEM",,RNASeqTemplate,,Smart-seq2,,RNA-seq,,Homo sapiens,,NTAP,,No,,Cutaneous Neurofibroma Initiative,,skin,,1,,reverse,,No,,No,,Yes,,4,,Flash frozen,,,,,,,,,,,,,,,,,,,,,,,,,,,,,,,,,,,,,,,,,,,,,,,,,,,,,,,,,,,,,,,,,,,,,,,,,,,,,,,,,,,,,,,,,
56_S56_L003_R2_001.fastq.gz,56_S56_L003_R2_001.fastq.gz,raw,,geneExpression,,fastq,,NF0008,,experimentalData,,NF0008-1-D+C,,syn11374354,,Cutaneous Neurofibroma,,-/-,,+/+,,pairedEnd,,Neurofibromatosis type 1,,A 3D Cutaneous Neurofibroma Model for Automated High-Throughput Drug Screenings,,Illumina NovaSeq 6000,,inward,,"Cytokines,DMEM",,RNASeqTemplate,,Smart-seq2,,RNA-seq,,Homo sapiens,,NTAP,,No,,Cutaneous Neurofibroma Initiative,,skin,,2,,reverse,,No,,No,,Yes,,4,,Flash frozen,,,,,,,,,,,,,,,,,,,,,,,,,,,,,,,,,,,,,,,,,,,,,,,,,,,,,,,,,,,,,,,,,,,,,,,,,,,,,,,,,,,,,,,,,
57_S57_L001_R1_001.fastq.gz,57_S57_L001_R1_001.fastq.gz,raw,,geneExpression,,fastq,,NF0008,,experimentalData,,NF0008-1-D+C+F,,syn11374354,,Cutaneous Neurofibroma,,-/-,,+/+,,pairedEnd,,Neurofibromatosis type 1,,A 3D Cutaneous Neurofibroma Model for Automated High-Throughput Drug Screenings,,Illumina NovaSeq 6000,,inward,,"Cytokines,DMEM,Forskoline",,RNASeqTemplate,,Smart-seq2,,RNA-seq,,Homo sapiens,,NTAP,,No,,Cutaneous Neurofibroma Initiative,,skin,,1,,reverse,,No,,No,,Yes,,4,,Flash frozen,,,,,,,,,,,,,,,,,,,,,,,,,,,,,,,,,,,,,,,,,,,,,,,,,,,,,,,,,,,,,,,,,,,,,,,,,,,,,,,,,,,,,,,,,
57_S57_L001_R2_001.fastq.gz,57_S57_L001_R2_001.fastq.gz,raw,,geneExpression,,fastq,,NF0008,,experimentalData,,NF0008-1-D+C+F,,syn11374354,,Cutaneous Neurofibroma,,-/-,,+/+,,pairedEnd,,Neurofibromatosis type 1,,A 3D Cutaneous Neurofibroma Model for Automated High-Throughput Drug Screenings,,Illumina NovaSeq 6000,,inward,,"Cytokines,DMEM,Forskoline",,RNASeqTemplate,,Smart-seq2,,RNA-seq,,Homo sapiens,,NTAP,,No,,Cutaneous Neurofibroma Initiative,,skin,,2,,reverse,,No,,No,,Yes,,4,,Flash frozen,,,,,,,,,,,,,,,,,,,,,,,,,,,,,,,,,,,,,,,,,,,,,,,,,,,,,,,,,,,,,,,,,,,,,,,,,,,,,,,,,,,,,,,,,
57_S57_L002_R1_001.fastq.gz,57_S57_L002_R1_001.fastq.gz,raw,,geneExpression,,fastq,,NF0008,,experimentalData,,NF0008-1-D+C+F,,syn11374354,,Cutaneous Neurofibroma,,-/-,,+/+,,pairedEnd,,Neurofibromatosis type 1,,A 3D Cutaneous Neurofibroma Model for Automated High-Throughput Drug Screenings,,Illumina NovaSeq 6000,,inward,,"Cytokines,DMEM,Forskoline",,RNASeqTemplate,,Smart-seq2,,RNA-seq,,Homo sapiens,,NTAP,,No,,Cutaneous Neurofibroma Initiative,,skin,,1,,reverse,,No,,No,,Yes,,4,,Flash frozen,,,,,,,,,,,,,,,,,,,,,,,,,,,,,,,,,,,,,,,,,,,,,,,,,,,,,,,,,,,,,,,,,,,,,,,,,,,,,,,,,,,,,,,,,
57_S57_L002_R2_001.fastq.gz,57_S57_L002_R2_001.fastq.gz,raw,,geneExpression,,fastq,,NF0008,,experimentalData,,NF0008-1-D+C+F,,syn11374354,,Cutaneous Neurofibroma,,-/-,,+/+,,pairedEnd,,Neurofibromatosis type 1,,A 3D Cutaneous Neurofibroma Model for Automated High-Throughput Drug Screenings,,Illumina NovaSeq 6000,,inward,,"Cytokines,DMEM,Forskoline",,RNASeqTemplate,,Smart-seq2,,RNA-seq,,Homo sapiens,,NTAP,,No,,Cutaneous Neurofibroma Initiative,,skin,,2,,reverse,,No,,No,,Yes,,4,,Flash frozen,,,,,,,,,,,,,,,,,,,,,,,,,,,,,,,,,,,,,,,,,,,,,,,,,,,,,,,,,,,,,,,,,,,,,,,,,,,,,,,,,,,,,,,,,
57_S57_L003_R1_001.fastq.gz,57_S57_L003_R1_001.fastq.gz,raw,,geneExpression,,fastq,,NF0008,,experimentalData,,NF0008-1-D+C+F,,syn11374354,,Cutaneous Neurofibroma,,-/-,,+/+,,pairedEnd,,Neurofibromatosis type 1,,A 3D Cutaneous Neurofibroma Model for Automated High-Throughput Drug Screenings,,Illumina NovaSeq 6000,,inward,,"Cytokines,DMEM,Forskoline",,RNASeqTemplate,,Smart-seq2,,RNA-seq,,Homo sapiens,,NTAP,,No,,Cutaneous Neurofibroma Initiative,,skin,,1,,reverse,,No,,No,,Yes,,4,,Flash frozen,,,,,,,,,,,,,,,,,,,,,,,,,,,,,,,,,,,,,,,,,,,,,,,,,,,,,,,,,,,,,,,,,,,,,,,,,,,,,,,,,,,,,,,,,
57_S57_L003_R2_001.fastq.gz,57_S57_L003_R2_001.fastq.gz,raw,,geneExpression,,fastq,,NF0008,,experimentalData,,NF0008-1-D+C+F,,syn11374354,,Cutaneous Neurofibroma,,-/-,,+/+,,pairedEnd,,Neurofibromatosis type 1,,A 3D Cutaneous Neurofibroma Model for Automated High-Throughput Drug Screenings,,Illumina NovaSeq 6000,,inward,,"Cytokines,DMEM,Forskoline",,RNASeqTemplate,,Smart-seq2,,RNA-seq,,Homo sapiens,,NTAP,,No,,Cutaneous Neurofibroma Initiative,,skin,,2,,reverse,,No,,No,,Yes,,4,,Flash frozen,,,,,,,,,,,,,,,,,,,,,,,,,,,,,,,,,,,,,,,,,,,,,,,,,,,,,,,,,,,,,,,,,,,,,,,,,,,,,,,,,,,,,,,,,
58_S58_L001_R1_001.fastq.gz,58_S58_L001_R1_001.fastq.gz,raw,,geneExpression,,fastq,,NF0008,,experimentalData,,NF0008-1 S,,syn11374354,,Cutaneous Neurofibroma,,-/-,,+/+,,pairedEnd,,Neurofibromatosis type 1,,A 3D Cutaneous Neurofibroma Model for Automated High-Throughput Drug Screenings,,Illumina NovaSeq 6000,,inward,,StemPro,,RNASeqTemplate,,Smart-seq2,,RNA-seq,,Homo sapiens,,NTAP,,No,,Cutaneous Neurofibroma Initiative,,skin,,1,,reverse,,No,,No,,Yes,,4,,Flash frozen,,,,,,,,,,,,,,,,,,,,,,,,,,,,,,,,,,,,,,,,,,,,,,,,,,,,,,,,,,,,,,,,,,,,,,,,,,,,,,,,,,,,,,,,,
58_S58_L001_R2_001.fastq.gz,58_S58_L001_R2_001.fastq.gz,raw,,geneExpression,,fastq,,NF0008,,experimentalData,,NF0008-1 S,,syn11374354,,Cutaneous Neurofibroma,,-/-,,+/+,,pairedEnd,,Neurofibromatosis type 1,,A 3D Cutaneous Neurofibroma Model for Automated High-Throughput Drug Screenings,,Illumina NovaSeq 6000,,inward,,StemPro,,RNASeqTemplate,,Smart-seq2,,RNA-seq,,Homo sapiens,,NTAP,,No,,Cutaneous Neurofibroma Initiative,,skin,,2,,reverse,,No,,No,,Yes,,4,,Flash frozen,,,,,,,,,,,,,,,,,,,,,,,,,,,,,,,,,,,,,,,,,,,,,,,,,,,,,,,,,,,,,,,,,,,,,,,,,,,,,,,,,,,,,,,,,
58_S58_L002_R1_001.fastq.gz,58_S58_L002_R1_001.fastq.gz,raw,,geneExpression,,fastq,,NF0008,,experimentalData,,NF0008-1 S,,syn11374354,,Cutaneous Neurofibroma,,-/-,,+/+,,pairedEnd,,Neurofibromatosis type 1,,A 3D Cutaneous Neurofibroma Model for Automated High-Throughput Drug Screenings,,Illumina NovaSeq 6000,,inward,,StemPro,,RNASeqTemplate,,Smart-seq2,,RNA-seq,,Homo sapiens,,NTAP,,No,,Cutaneous Neurofibroma Initiative,,skin,,1,,reverse,,No,,No,,Yes,,4,,Flash frozen,,,,,,,,,,,,,,,,,,,,,,,,,,,,,,,,,,,,,,,,,,,,,,,,,,,,,,,,,,,,,,,,,,,,,,,,,,,,,,,,,,,,,,,,,
58_S58_L002_R2_001.fastq.gz,58_S58_L002_R2_001.fastq.gz,raw,,geneExpression,,fastq,,NF0008,,experimentalData,,NF0008-1 S,,syn11374354,,Cutaneous Neurofibroma,,-/-,,+/+,,pairedEnd,,Neurofibromatosis type 1,,A 3D Cutaneous Neurofibroma Model for Automated High-Throughput Drug Screenings,,Illumina NovaSeq 6000,,inward,,StemPro,,RNASeqTemplate,,Smart-seq2,,RNA-seq,,Homo sapiens,,NTAP,,No,,Cutaneous Neurofibroma Initiative,,skin,,2,,reverse,,No,,No,,Yes,,4,,Flash frozen,,,,,,,,,,,,,,,,,,,,,,,,,,,,,,,,,,,,,,,,,,,,,,,,,,,,,,,,,,,,,,,,,,,,,,,,,,,,,,,,,,,,,,,,,
58_S58_L003_R1_001.fastq.gz,58_S58_L003_R1_001.fastq.gz,raw,,geneExpression,,fastq,,NF0008,,experimentalData,,NF0008-1 S,,syn11374354,,Cutaneous Neurofibroma,,-/-,,+/+,,pairedEnd,,Neurofibromatosis type 1,,A 3D Cutaneous Neurofibroma Model for Automated High-Throughput Drug Screenings,,Illumina NovaSeq 6000,,inward,,StemPro,,RNASeqTemplate,,Smart-seq2,,RNA-seq,,Homo sapiens,,NTAP,,No,,Cutaneous Neurofibroma Initiative,,skin,,1,,reverse,,No,,No,,Yes,,4,,Flash frozen,,,,,,,,,,,,,,,,,,,,,,,,,,,,,,,,,,,,,,,,,,,,,,,,,,,,,,,,,,,,,,,,,,,,,,,,,,,,,,,,,,,,,,,,,
58_S58_L003_R2_001.fastq.gz,58_S58_L003_R2_001.fastq.gz,raw,,geneExpression,,fastq,,NF0008,,experimentalData,,NF0008-1 S,,syn11374354,,Cutaneous Neurofibroma,,-/-,,+/+,,pairedEnd,,Neurofibromatosis type 1,,A 3D Cutaneous Neurofibroma Model for Automated High-Throughput Drug Screenings,,Illumina NovaSeq 6000,,inward,,StemPro,,RNASeqTemplate,,Smart-seq2,,RNA-seq,,Homo sapiens,,NTAP,,No,,Cutaneous Neurofibroma Initiative,,skin,,2,,reverse,,No,,No,,Yes,,4,,Flash frozen,,,,,,,,,,,,,,,,,,,,,,,,,,,,,,,,,,,,,,,,,,,,,,,,,,,,,,,,,,,,,,,,,,,,,,,,,,,,,,,,,,,,,,,,,
59_S59_L001_R1_001.fastq.gz,59_S59_L001_R1_001.fastq.gz,raw,,geneExpression,,fastq,,NF0008,,experimentalData,,NF0008-1-S+C,,syn11374354,,Cutaneous Neurofibroma,,-/-,,+/+,,pairedEnd,,Neurofibromatosis type 1,,A 3D Cutaneous Neurofibroma Model for Automated High-Throughput Drug Screenings,,Illumina NovaSeq 6000,,inward,,"Cytokines,StemPro",,RNASeqTemplate,,Smart-seq2,,RNA-seq,,Homo sapiens,,NTAP,,No,,Cutaneous Neurofibroma Initiative,,skin,,1,,reverse,,No,,No,,Yes,,4,,Flash frozen,,,,,,,,,,,,,,,,,,,,,,,,,,,,,,,,,,,,,,,,,,,,,,,,,,,,,,,,,,,,,,,,,,,,,,,,,,,,,,,,,,,,,,,,,
59_S59_L001_R2_001.fastq.gz,59_S59_L001_R2_001.fastq.gz,raw,,geneExpression,,fastq,,NF0008,,experimentalData,,NF0008-1-S+C,,syn11374354,,Cutaneous Neurofibroma,,-/-,,+/+,,pairedEnd,,Neurofibromatosis type 1,,A 3D Cutaneous Neurofibroma Model for Automated High-Throughput Drug Screenings,,Illumina NovaSeq 6000,,inward,,"Cytokines,StemPro",,RNASeqTemplate,,Smart-seq2,,RNA-seq,,Homo sapiens,,NTAP,,No,,Cutaneous Neurofibroma Initiative,,skin,,2,,reverse,,No,,No,,Yes,,4,,Flash frozen,,,,,,,,,,,,,,,,,,,,,,,,,,,,,,,,,,,,,,,,,,,,,,,,,,,,,,,,,,,,,,,,,,,,,,,,,,,,,,,,,,,,,,,,,
59_S59_L002_R1_001.fastq.gz,59_S59_L002_R1_001.fastq.gz,raw,,geneExpression,,fastq,,NF0008,,experimentalData,,NF0008-1-S+C,,syn11374354,,Cutaneous Neurofibroma,,-/-,,+/+,,pairedEnd,,Neurofibromatosis type 1,,A 3D Cutaneous Neurofibroma Model for Automated High-Throughput Drug Screenings,,Illumina NovaSeq 6000,,inward,,"Cytokines,StemPro",,RNASeqTemplate,,Smart-seq2,,RNA-seq,,Homo sapiens,,NTAP,,No,,Cutaneous Neurofibroma Initiative,,skin,,1,,reverse,,No,,No,,Yes,,4,,Flash frozen,,,,,,,,,,,,,,,,,,,,,,,,,,,,,,,,,,,,,,,,,,,,,,,,,,,,,,,,,,,,,,,,,,,,,,,,,,,,,,,,,,,,,,,,,
59_S59_L002_R2_001.fastq.gz,59_S59_L002_R2_001.fastq.gz,raw,,geneExpression,,fastq,,NF0008,,experimentalData,,NF0008-1-S+C,,syn11374354,,Cutaneous Neurofibroma,,-/-,,+/+,,pairedEnd,,Neurofibromatosis type 1,,A 3D Cutaneous Neurofibroma Model for Automated High-Throughput Drug Screenings,,Illumina NovaSeq 6000,,inward,,"Cytokines,StemPro",,RNASeqTemplate,,Smart-seq2,,RNA-seq,,Homo sapiens,,NTAP,,No,,Cutaneous Neurofibroma Initiative,,skin,,2,,reverse,,No,,No,,Yes,,4,,Flash frozen,,,,,,,,,,,,,,,,,,,,,,,,,,,,,,,,,,,,,,,,,,,,,,,,,,,,,,,,,,,,,,,,,,,,,,,,,,,,,,,,,,,,,,,,,
59_S59_L003_R1_001.fastq.gz,59_S59_L003_R1_001.fastq.gz,raw,Raw,geneExpression,Genomicsequence,fastq,Gzip,NF0008,,experimentalData,Result,NF0008-1-S+C,,syn11374354,cNF Organoid Study,Cutaneous Neurofibroma,,-/-,,+/+,,pairedEnd,PairedEnd,Neurofibromatosis type 1,,A 3D Cutaneous Neurofibroma Model for Automated High-Throughput Drug Screenings,,Illumina NovaSeq 6000,IlluminaNovaSeq6000S4,inward,Inward,"Cytokines,StemPro",Drug screening on cNF organoids,RNASeqTemplate,,Smart-seq2,Illumina,RNA-seq,RNASeq,Homo sapiens,Musmusculus,NTAP,,No,,Cutaneous Neurofibroma Initiative,,skin,,1,Read 1,reverse,,No,No,No,No,Yes,Yes,4,,Flash frozen,Freshcollected,ControlledAccess,,,,,,,,,,,,,,,,,,,,,,,,,,,,,,,,,,,,,,NF1,,,,,,,,,,,,Unstranded,,,,,,Bulkcell,,,,,,,,,,,,,,,,,,,,,,,,,,,,STARandSalmon,,,
59_S59_L003_R2_001.fastq.gz,59_S59_L003_R2_001.fastq.gz,raw,Raw,geneExpression,Genomicsequence,fastq,Gzip,NF0008,,experimentalData,Result,NF0008-1-S+C,,syn11374354,cNF Organoid Study,Cutaneous Neurofibroma,,-/-,,+/+,,pairedEnd,PairedEnd,Neurofibromatosis type 1,,A 3D Cutaneous Neurofibroma Model for Automated High-Throughput Drug Screenings,,Illumina NovaSeq 6000,IlluminaNovaSeq6000S4,inward,Inward,"Cytokines,StemPro",Drug screening on cNF organoids,RNASeqTemplate,,Smart-seq2,Illumina,RNA-seq,RNASeq,Homo sapiens,Musmusculus,NTAP,,No,,Cutaneous Neurofibroma Initiative,,skin,,2,Read 2,reverse,,No,No,No,No,Yes,Yes,4,,Flash frozen,Freshcollected,ControlledAccess,,,,,,,,,,,,,,,,,,,,,,,,,,,,,,,,,,,,,,NF1,,,,,,,,,,,,Unstranded,,,,,,Bulkcell,,,,,,,,,,,,,,,,,,,,,,,,,,,,STARandSalmon,,,
5_S5_L001_R1_001.fastq.gz,5_S5_L001_R1_001.fastq.gz,raw,Raw,geneExpression,Genomicsequence,fastq,Gzip,NF0002,,experimentalData,Result,NF0002-8-19,,syn11374354,cNF Organoid Study,Cutaneous Neurofibroma,,-/-,,+/+,,pairedEnd,PairedEnd,Neurofibromatosis type 1,,A 3D Cutaneous Neurofibroma Model for Automated High-Throughput Drug Screenings,,Illumina NovaSeq 6000,IlluminaNovaSeq6000S4,inward,Inward,,cNF organoid culture,RNASeqTemplate,,Smart-seq2,Illumina,RNA-seq,RNASeq,Homo sapiens,Musmusculus,NTAP,,No,,Cutaneous Neurofibroma Initiative,,skin,,1,Read 1,reverse,,No,No,No,No,Yes,Yes,4,,Flash frozen,Freshcollected,ControlledAccess,,,,,,,,,,,,,,,,,,,,,,,,,,,,,,,,,,,,,,NF1,,,,,,,,,,,,Unstranded,,,,,,Bulkcell,,,,,,,,,,,,,,,,,,,,,,,,,,,,STARandSalmon,,,
5_S5_L001_R2_001.fastq.gz,5_S5_L001_R2_001.fastq.gz,raw,Raw,geneExpression,Genomicsequence,fastq,Gzip,NF0002,,experimentalData,Result,NF0002-8-19,,syn11374354,cNF Organoid Study,Cutaneous Neurofibroma,,-/-,,+/+,,pairedEnd,PairedEnd,Neurofibromatosis type 1,,A 3D Cutaneous Neurofibroma Model for Automated High-Throughput Drug Screenings,,Illumina NovaSeq 6000,IlluminaNovaSeq6000S4,inward,Inward,,cNF organoid culture,RNASeqTemplate,,Smart-seq2,Illumina,RNA-seq,RNASeq,Homo sapiens,Musmusculus,NTAP,,No,,Cutaneous Neurofibroma Initiative,,skin,,2,Read 2,reverse,,No,No,No,No,Yes,Yes,4,,Flash frozen,Freshcollected,ControlledAccess,,,,,,,,,,,,,,,,,,,,,,,,,,,,,,,,,,,,,,NF1,,,,,,,,,,,,Unstranded,,,,,,Bulkcell,,,,,,,,,,,,,,,,,,,,,,,,,,,,STARandSalmon,,,
5_S5_L002_R1_001.fastq.gz,5_S5_L002_R1_001.fastq.gz,raw,Raw,geneExpression,Genomicsequence,fastq,Gzip,NF0002,,experimentalData,Result,NF0002-8-19,,syn11374354,cNF Organoid Study,Cutaneous Neurofibroma,,-/-,,+/+,,pairedEnd,PairedEnd,Neurofibromatosis type 1,,A 3D Cutaneous Neurofibroma Model for Automated High-Throughput Drug Screenings,,Illumina NovaSeq 6000,IlluminaNovaSeq6000S4,inward,Inward,,cNF organoid culture,RNASeqTemplate,,Smart-seq2,Illumina,RNA-seq,RNASeq,Homo sapiens,Musmusculus,NTAP,,No,,Cutaneous Neurofibroma Initiative,,skin,,1,Read 1,reverse,,No,No,No,No,Yes,Yes,4,,Flash frozen,Freshcollected,ControlledAccess,,,,,,,,,,,,,,,,,,,,,,,,,,,,,,,,,,,,,,NF1,,,,,,,,,,,,Unstranded,,,,,,Bulkcell,,,,,,,,,,,,,,,,,,,,,,,,,,,,STARandSalmon,,,
5_S5_L002_R2_001.fastq.gz,5_S5_L002_R2_001.fastq.gz,raw,Raw,geneExpression,Genomicsequence,fastq,Gzip,NF0002,,experimentalData,Result,NF0002-8-19,,syn11374354,cNF Organoid Study,Cutaneous Neurofibroma,,-/-,,+/+,,pairedEnd,PairedEnd,Neurofibromatosis type 1,,A 3D Cutaneous Neurofibroma Model for Automated High-Throughput Drug Screenings,,Illumina NovaSeq 6000,IlluminaNovaSeq6000S4,inward,Inward,,cNF organoid culture,RNASeqTemplate,,Smart-seq2,Illumina,RNA-seq,RNASeq,Homo sapiens,Musmusculus,NTAP,,No,,Cutaneous Neurofibroma Initiative,,skin,,2,Read 2,reverse,,No,No,No,No,Yes,Yes,4,,Flash frozen,Freshcollected,ControlledAccess,,,,,,,,,,,,,,,,,,,,,,,,,,,,,,,,,,,,,,NF1,,,,,,,,,,,,Unstranded,,,,,,Bulkcell,,,,,,,,,,,,,,,,,,,,,,,,,,,,STARandSalmon,,,
5_S5_L003_R1_001.fastq.gz,5_S5_L003_R1_001.fastq.gz,raw,Raw,geneExpression,Genomicsequence,fastq,Gzip,NF0002,,experimentalData,Result,NF0002-8-19,,syn11374354,cNF Organoid Study,Cutaneous Neurofibroma,,-/-,,+/+,,pairedEnd,PairedEnd,Neurofibromatosis type 1,,A 3D Cutaneous Neurofibroma Model for Automated High-Throughput Drug Screenings,,Illumina NovaSeq 6000,IlluminaNovaSeq6000S4,inward,Inward,,cNF organoid culture,RNASeqTemplate,,Smart-seq2,Illumina,RNA-seq,RNASeq,Homo sapiens,Musmusculus,NTAP,,No,,Cutaneous Neurofibroma Initiative,,skin,,1,Read 1,reverse,,No,No,No,No,Yes,Yes,4,,Flash frozen,Freshcollected,ControlledAccess,,,,,,,,,,,,,,,,,,,,,,,,,,,,,,,,,,,,,,NF1,,,,,,,,,,,,Unstranded,,,,,,Bulkcell,,,,,,,,,,,,,,,,,,,,,,,,,,,,STARandSalmon,,,
5_S5_L003_R2_001.fastq.gz,5_S5_L003_R2_001.fastq.gz,raw,Raw,geneExpression,Genomicsequence,fastq,Gzip,NF0002,,experimentalData,Result,NF0002-8-19,,syn11374354,cNF Organoid Study,Cutaneous Neurofibroma,,-/-,,+/+,,pairedEnd,PairedEnd,Neurofibromatosis type 1,,A 3D Cutaneous Neurofibroma Model for Automated High-Throughput Drug Screenings,,Illumina NovaSeq 6000,IlluminaNovaSeq6000S4,inward,Inward,,cNF organoid culture,RNASeqTemplate,,Smart-seq2,Illumina,RNA-seq,RNASeq,Homo sapiens,Musmusculus,NTAP,,No,,Cutaneous Neurofibroma Initiative,,skin,,2,Read 2,reverse,,No,No,No,No,Yes,Yes,4,,Flash frozen,Freshcollected,ControlledAccess,,,,,,,,,,,,,,,,,,,,,,,,,,,,,,,,,,,,,,NF1,,,,,,,,,,,,Unstranded,,,,,,Bulkcell,,,,,,,,,,,,,,,,,,,,,,,,,,,,STARandSalmon,,,
60_S60_L001_R1_001.fastq.gz,60_S60_L001_R1_001.fastq.gz,raw,Raw,geneExpression,Genomicsequence,fastq,Gzip,NF0008,,experimentalData,Result,NF0008-1-S+C+F,,syn11374354,cNF Organoid Study,Cutaneous Neurofibroma,,-/-,,+/+,,pairedEnd,PairedEnd,Neurofibromatosis type 1,,A 3D Cutaneous Neurofibroma Model for Automated High-Throughput Drug Screenings,,Illumina NovaSeq 6000,IlluminaNovaSeq6000S4,inward,Inward,"Cytokines,Forskoline,StemPro",Drug screening on cNF organoids,RNASeqTemplate,,Smart-seq2,Illumina,RNA-seq,RNASeq,Homo sapiens,Musmusculus,NTAP,,No,,Cutaneous Neurofibroma Initiative,,skin,,1,Read 1,reverse,,No,No,No,No,Yes,Yes,4,,Flash frozen,Freshcollected,ControlledAccess,,,,,,,,,,,,,,,,,,,,,,,,,,,,,,,,,,,,,,NF1,,,,,,,,,,,,Unstranded,,,,,,Bulkcell,,,,,,,,,,,,,,,,,,,,,,,,,,,,STARandSalmon,,,
60_S60_L001_R2_001.fastq.gz,60_S60_L001_R2_001.fastq.gz,raw,Raw,geneExpression,Genomicsequence,fastq,Gzip,NF0008,,experimentalData,Result,NF0008-1-S+C+F,,syn11374354,cNF Organoid Study,Cutaneous Neurofibroma,,-/-,,+/+,,pairedEnd,PairedEnd,Neurofibromatosis type 1,,A 3D Cutaneous Neurofibroma Model for Automated High-Throughput Drug Screenings,,Illumina NovaSeq 6000,IlluminaNovaSeq6000S4,inward,Inward,"Cytokines,Forskoline,StemPro",Drug screening on cNF organoids,RNASeqTemplate,,Smart-seq2,Illumina,RNA-seq,RNASeq,Homo sapiens,Musmusculus,NTAP,,No,,Cutaneous Neurofibroma Initiative,,skin,,2,Read 2,reverse,,No,No,No,No,Yes,Yes,4,,Flash frozen,Freshcollected,ControlledAccess,,,,,,,,,,,,,,,,,,,,,,,,,,,,,,,,,,,,,,NF1,,,,,,,,,,,,Unstranded,,,,,,Bulkcell,,,,,,,,,,,,,,,,,,,,,,,,,,,,STARandSalmon,,,
60_S60_L002_R1_001.fastq.gz,60_S60_L002_R1_001.fastq.gz,raw,Raw,geneExpression,Genomicsequence,fastq,Gzip,NF0008,,experimentalData,Result,NF0008-1-S+C+F,,syn11374354,cNF Organoid Study,Cutaneous Neurofibroma,,-/-,,+/+,,pairedEnd,PairedEnd,Neurofibromatosis type 1,,A 3D Cutaneous Neurofibroma Model for Automated High-Throughput Drug Screenings,,Illumina NovaSeq 6000,IlluminaNovaSeq6000S4,inward,Inward,"Cytokines,Forskoline,StemPro",Drug screening on cNF organoids,RNASeqTemplate,,Smart-seq2,Illumina,RNA-seq,RNASeq,Homo sapiens,Musmusculus,NTAP,,No,,Cutaneous Neurofibroma Initiative,,skin,,1,Read 1,reverse,,No,No,No,No,Yes,Yes,4,,Flash frozen,Freshcollected,ControlledAccess,,,,,,,,,,,,,,,,,,,,,,,,,,,,,,,,,,,,,,NF1,,,,,,,,,,,,Unstranded,,,,,,Bulkcell,,,,,,,,,,,,,,,,,,,,,,,,,,,,STARandSalmon,,,
60_S60_L002_R2_001.fastq.gz,60_S60_L002_R2_001.fastq.gz,raw,Raw,geneExpression,Genomicsequence,fastq,Gzip,NF0008,,experimentalData,Result,NF0008-1-S+C+F,,syn11374354,cNF Organoid Study,Cutaneous Neurofibroma,,-/-,,+/+,,pairedEnd,PairedEnd,Neurofibromatosis type 1,,A 3D Cutaneous Neurofibroma Model for Automated High-Throughput Drug Screenings,,Illumina NovaSeq 6000,IlluminaNovaSeq6000S4,inward,Inward,"Cytokines,Forskoline,StemPro",Drug screening on cNF organoids,RNASeqTemplate,,Smart-seq2,Illumina,RNA-seq,RNASeq,Homo sapiens,Musmusculus,NTAP,,No,,Cutaneous Neurofibroma Initiative,,skin,,2,Read 2,reverse,,No,No,No,No,Yes,Yes,4,,Flash frozen,Freshcollected,ControlledAccess,,,,,,,,,,,,,,,,,,,,,,,,,,,,,,,,,,,,,,NF1,,,,,,,,,,,,Unstranded,,,,,,Bulkcell,,,,,,,,,,,,,,,,,,,,,,,,,,,,STARandSalmon,,,
60_S60_L003_R1_001.fastq.gz,60_S60_L003_R1_001.fastq.gz,raw,Raw,geneExpression,Genomicsequence,fastq,Gzip,NF0008,,experimentalData,Result,NF0008-1-S+C+F,,syn11374354,cNF Organoid Study,Cutaneous Neurofibroma,,-/-,,+/+,,pairedEnd,PairedEnd,Neurofibromatosis type 1,,A 3D Cutaneous Neurofibroma Model for Automated High-Throughput Drug Screenings,,Illumina NovaSeq 6000,IlluminaNovaSeq6000S4,inward,Inward,"Cytokines,Forskoline,StemPro",Drug screening on cNF organoids,RNASeqTemplate,,Smart-seq2,Illumina,RNA-seq,RNASeq,Homo sapiens,Musmusculus,NTAP,,No,,Cutaneous Neurofibroma Initiative,,skin,,1,Read 1,reverse,,No,No,No,No,Yes,Yes,4,,Flash frozen,Freshcollected,ControlledAccess,,,,,,,,,,,,,,,,,,,,,,,,,,,,,,,,,,,,,,NF1,,,,,,,,,,,,Unstranded,,,,,,Bulkcell,,,,,,,,,,,,,,,,,,,,,,,,,,,,STARandSalmon,,,
60_S60_L003_R2_001.fastq.gz,60_S60_L003_R2_001.fastq.gz,raw,Raw,geneExpression,Genomicsequence,fastq,Gzip,NF0008,,experimentalData,Result,NF0008-1-S+C+F,,syn11374354,cNF Organoid Study,Cutaneous Neurofibroma,,-/-,,+/+,,pairedEnd,PairedEnd,Neurofibromatosis type 1,,A 3D Cutaneous Neurofibroma Model for Automated High-Throughput Drug Screenings,,Illumina NovaSeq 6000,IlluminaNovaSeq6000S4,inward,Inward,"Cytokines,Forskoline,StemPro",Drug screening on cNF organoids,RNASeqTemplate,,Smart-seq2,Illumina,RNA-seq,RNASeq,Homo sapiens,Musmusculus,NTAP,,No,,Cutaneous Neurofibroma Initiative,,skin,,2,Read 2,reverse,,No,No,No,No,Yes,Yes,4,,Flash frozen,Freshcollected,ControlledAccess,,,,,,,,,,,,,,,,,,,,,,,,,,,,,,,,,,,,,,NF1,,,,,,,,,,,,Unstranded,,,,,,Bulkcell,,,,,,,,,,,,,,,,,,,,,,,,,,,,STARandSalmon,,,
6_S6_L001_R1_001.fastq.gz,6_S6_L001_R1_001.fastq.gz,raw,Raw,geneExpression,Genomicsequence,fastq,Gzip,NF0007,,experimentalData,Result,NF0007-2 M,,syn11374354,cNF Organoid Study,Cutaneous Neurofibroma,,-/-,,+/+,,pairedEnd,PairedEnd,Neurofibromatosis type 1,,A 3D Cutaneous Neurofibroma Model for Automated High-Throughput Drug Screenings,,Illumina NovaSeq 6000,IlluminaNovaSeq6000S4,inward,Inward,Mammo,cNF organoid culture,RNASeqTemplate,,Smart-seq2,Illumina,RNA-seq,RNASeq,Homo sapiens,Musmusculus,NTAP,,No,,Cutaneous Neurofibroma Initiative,,skin,,1,Read 1,reverse,,No,No,No,No,Yes,Yes,4,,Flash frozen,Freshcollected,ControlledAccess,,,,,,,,,,,,,,,,,,,,,,,,,,,,,,,,,,,,,,NF1,,,,,,,,,,,,Unstranded,,,,,,Bulkcell,,,,,,,,,,,,,,,,,,,,,,,,,,,,STARandSalmon,,,
6_S6_L001_R2_001.fastq.gz,6_S6_L001_R2_001.fastq.gz,raw,Raw,geneExpression,Genomicsequence,fastq,Gzip,NF0007,,experimentalData,Result,NF0007-2 M,,syn11374354,cNF Organoid Study,Cutaneous Neurofibroma,,-/-,,+/+,,pairedEnd,PairedEnd,Neurofibromatosis type 1,,A 3D Cutaneous Neurofibroma Model for Automated High-Throughput Drug Screenings,,Illumina NovaSeq 6000,IlluminaNovaSeq6000S4,inward,Inward,Mammo,cNF organoid culture,RNASeqTemplate,,Smart-seq2,Illumina,RNA-seq,RNASeq,Homo sapiens,Musmusculus,NTAP,,No,,Cutaneous Neurofibroma Initiative,,skin,,2,Read 2,reverse,,No,No,No,No,Yes,Yes,4,,Flash frozen,Freshcollected,ControlledAccess,,,,,,,,,,,,,,,,,,,,,,,,,,,,,,,,,,,,,,NF1,,,,,,,,,,,,Unstranded,,,,,,Bulkcell,,,,,,,,,,,,,,,,,,,,,,,,,,,,STARandSalmon,,,
6_S6_L002_R1_001.fastq.gz,6_S6_L002_R1_001.fastq.gz,raw,Raw,geneExpression,Genomicsequence,fastq,Gzip,NF0007,,experimentalData,Result,NF0007-2 M,,syn11374354,cNF Organoid Study,Cutaneous Neurofibroma,,-/-,,+/+,,pairedEnd,PairedEnd,Neurofibromatosis type 1,,A 3D Cutaneous Neurofibroma Model for Automated High-Throughput Drug Screenings,,Illumina NovaSeq 6000,IlluminaNovaSeq6000S4,inward,Inward,Mammo,cNF organoid culture,RNASeqTemplate,,Smart-seq2,Illumina,RNA-seq,RNASeq,Homo sapiens,Musmusculus,NTAP,,No,,Cutaneous Neurofibroma Initiative,,skin,,1,Read 1,reverse,,No,No,No,No,Yes,Yes,4,,Flash frozen,Freshcollected,ControlledAccess,,,,,,,,,,,,,,,,,,,,,,,,,,,,,,,,,,,,,,NF1,,,,,,,,,,,,Unstranded,,,,,,Bulkcell,,,,,,,,,,,,,,,,,,,,,,,,,,,,STARandSalmon,,,
6_S6_L002_R2_001.fastq.gz,6_S6_L002_R2_001.fastq.gz,raw,Raw,geneExpression,Genomicsequence,fastq,Gzip,NF0007,,experimentalData,Result,NF0007-2 M,,syn11374354,cNF Organoid Study,Cutaneous Neurofibroma,,-/-,,+/+,,pairedEnd,PairedEnd,Neurofibromatosis type 1,,A 3D Cutaneous Neurofibroma Model for Automated High-Throughput Drug Screenings,,Illumina NovaSeq 6000,IlluminaNovaSeq6000S4,inward,Inward,Mammo,cNF organoid culture,RNASeqTemplate,,Smart-seq2,Illumina,RNA-seq,RNASeq,Homo sapiens,Musmusculus,NTAP,,No,,Cutaneous Neurofibroma Initiative,,skin,,2,Read 2,reverse,,No,No,No,No,Yes,Yes,4,,Flash frozen,Freshcollected,ControlledAccess,,,,,,,,,,,,,,,,,,,,,,,,,,,,,,,,,,,,,,NF1,,,,,,,,,,,,Unstranded,,,,,,Bulkcell,,,,,,,,,,,,,,,,,,,,,,,,,,,,STARandSalmon,,,
6_S6_L003_R1_001.fastq.gz,6_S6_L003_R1_001.fastq.gz,raw,Raw,geneExpression,Genomicsequence,fastq,Gzip,NF0007,,experimentalData,Result,NF0007-2 M,,syn11374354,cNF Organoid Study,Cutaneous Neurofibroma,,-/-,,+/+,,pairedEnd,PairedEnd,Neurofibromatosis type 1,,A 3D Cutaneous Neurofibroma Model for Automated High-Throughput Drug Screenings,,Illumina NovaSeq 6000,IlluminaNovaSeq6000S4,inward,Inward,Mammo,cNF organoid culture,RNASeqTemplate,,Smart-seq2,Illumina,RNA-seq,RNASeq,Homo sapiens,Musmusculus,NTAP,,No,,Cutaneous Neurofibroma Initiative,,skin,,1,Read 1,reverse,,No,No,No,No,Yes,Yes,4,,Flash frozen,Freshcollected,ControlledAccess,,,,,,,,,,,,,,,,,,,,,,,,,,,,,,,,,,,,,,NF1,,,,,,,,,,,,Unstranded,,,,,,Bulkcell,,,,,,,,,,,,,,,,,,,,,,,,,,,,STARandSalmon,,,
6_S6_L003_R2_001.fastq.gz,6_S6_L003_R2_001.fastq.gz,raw,Raw,geneExpression,Genomicsequence,fastq,Gzip,NF0007,,experimentalData,Result,NF0007-2 M,,syn11374354,cNF Organoid Study,Cutaneous Neurofibroma,,-/-,,+/+,,pairedEnd,PairedEnd,Neurofibromatosis type 1,,A 3D Cutaneous Neurofibroma Model for Automated High-Throughput Drug Screenings,,Illumina NovaSeq 6000,IlluminaNovaSeq6000S4,inward,Inward,Mammo,cNF organoid culture,RNASeqTemplate,,Smart-seq2,Illumina,RNA-seq,RNASeq,Homo sapiens,Musmusculus,NTAP,,No,,Cutaneous Neurofibroma Initiative,,skin,,2,Read 2,reverse,,No,No,No,No,Yes,Yes,4,,Flash frozen,Freshcollected,ControlledAccess,,,,,,,,,,,,,,,,,,,,,,,,,,,,,,,,,,,,,,NF1,,,,,,,,,,,,Unstranded,,,,,,Bulkcell,,,,,,,,,,,,,,,,,,,,,,,,,,,,STARandSalmon,,,
7_S7_L001_R1_001.fastq.gz,7_S7_L001_R1_001.fastq.gz,raw,Raw,geneExpression,Genomicsequence,fastq,Gzip,NF0007,,experimentalData,Result,NF0007-2-M+C,,syn11374354,cNF Organoid Study,Cutaneous Neurofibroma,,-/-,,+/+,,pairedEnd,PairedEnd,Neurofibromatosis type 1,,A 3D Cutaneous Neurofibroma Model for Automated High-Throughput Drug Screenings,,Illumina NovaSeq 6000,IlluminaNovaSeq6000S4,inward,Inward,"Cytokines,Mammo",cNF organoid culture,RNASeqTemplate,,Smart-seq2,Illumina,RNA-seq,RNASeq,Homo sapiens,Musmusculus,NTAP,,No,,Cutaneous Neurofibroma Initiative,,skin,,1,Read 1,reverse,,No,No,No,No,Yes,Yes,4,,Flash frozen,Freshcollected,ControlledAccess,,,,,,,,,,,,,,,,,,,,,,,,,,,,,,,,,,,,,,NF1,,,,,,,,,,,,Unstranded,,,,,,Bulkcell,,,,,,,,,,,,,,,,,,,,,,,,,,,,STARandSalmon,,,
7_S7_L001_R2_001.fastq.gz,7_S7_L001_R2_001.fastq.gz,raw,Raw,geneExpression,Genomicsequence,fastq,Gzip,NF0007,,experimentalData,Result,NF0007-2-M+C,,syn11374354,cNF Organoid Study,Cutaneous Neurofibroma,,-/-,,+/+,,pairedEnd,PairedEnd,Neurofibromatosis type 1,,A 3D Cutaneous Neurofibroma Model for Automated High-Throughput Drug Screenings,,Illumina NovaSeq 6000,IlluminaNovaSeq6000S4,inward,Inward,"Cytokines,Mammo",cNF organoid culture,RNASeqTemplate,,Smart-seq2,Illumina,RNA-seq,RNASeq,Homo sapiens,Musmusculus,NTAP,,No,,Cutaneous Neurofibroma Initiative,,skin,,2,Read 2,reverse,,No,No,No,No,Yes,Yes,4,,Flash frozen,Freshcollected,ControlledAccess,,,,,,,,,,,,,,,,,,,,,,,,,,,,,,,,,,,,,,NF1,,,,,,,,,,,,Unstranded,,,,,,Bulkcell,,,,,,,,,,,,,,,,,,,,,,,,,,,,STARandSalmon,,,
7_S7_L002_R1_001.fastq.gz,7_S7_L002_R1_001.fastq.gz,raw,Raw,geneExpression,Genomicsequence,fastq,Gzip,NF0007,,experimentalData,Result,NF0007-2-M+C,,syn11374354,cNF Organoid Study,Cutaneous Neurofibroma,,-/-,,+/+,,pairedEnd,PairedEnd,Neurofibromatosis type 1,,A 3D Cutaneous Neurofibroma Model for Automated High-Throughput Drug Screenings,,Illumina NovaSeq 6000,IlluminaNovaSeq6000S4,inward,Inward,"Cytokines,Mammo",cNF organoid culture,RNASeqTemplate,,Smart-seq2,Illumina,RNA-seq,RNASeq,Homo sapiens,Musmusculus,NTAP,,No,,Cutaneous Neurofibroma Initiative,,skin,,1,Read 1,reverse,,No,No,No,No,Yes,Yes,4,,Flash frozen,Freshcollected,ControlledAccess,,,,,,,,,,,,,,,,,,,,,,,,,,,,,,,,,,,,,,NF1,,,,,,,,,,,,Unstranded,,,,,,Bulkcell,,,,,,,,,,,,,,,,,,,,,,,,,,,,STARandSalmon,,,
7_S7_L002_R2_001.fastq.gz,7_S7_L002_R2_001.fastq.gz,raw,Raw,geneExpression,Genomicsequence,fastq,Gzip,NF0007,,experimentalData,Result,NF0007-2-M+C,,syn11374354,cNF Organoid Study,Cutaneous Neurofibroma,,-/-,,+/+,,pairedEnd,PairedEnd,Neurofibromatosis type 1,,A 3D Cutaneous Neurofibroma Model for Automated High-Throughput Drug Screenings,,Illumina NovaSeq 6000,IlluminaNovaSeq6000S4,inward,Inward,"Cytokines,Mammo",cNF organoid culture,RNASeqTemplate,,Smart-seq2,Illumina,RNA-seq,RNASeq,Homo sapiens,Musmusculus,NTAP,,No,,Cutaneous Neurofibroma Initiative,,skin,,2,Read 2,reverse,,No,No,No,No,Yes,Yes,4,,Flash frozen,Freshcollected,ControlledAccess,,,,,,,,,,,,,,,,,,,,,,,,,,,,,,,,,,,,,,NF1,,,,,,,,,,,,Unstranded,,,,,,Bulkcell,,,,,,,,,,,,,,,,,,,,,,,,,,,,STARandSalmon,,,
7_S7_L003_R1_001.fastq.gz,7_S7_L003_R1_001.fastq.gz,raw,Raw,geneExpression,Genomicsequence,fastq,Gzip,NF0007,,experimentalData,Result,NF0007-2-M+C,,syn11374354,cNF Organoid Study,Cutaneous Neurofibroma,,-/-,,+/+,,pairedEnd,PairedEnd,Neurofibromatosis type 1,,A 3D Cutaneous Neurofibroma Model for Automated High-Throughput Drug Screenings,,Illumina NovaSeq 6000,IlluminaNovaSeq6000S4,inward,Inward,"Cytokines,Mammo",cNF organoid culture,RNASeqTemplate,,Smart-seq2,Illumina,RNA-seq,RNASeq,Homo sapiens,Musmusculus,NTAP,,No,,Cutaneous Neurofibroma Initiative,,skin,,1,Read 1,reverse,,No,No,No,No,Yes,Yes,4,,Flash frozen,Freshcollected,ControlledAccess,,,,,,,,,,,,,,,,,,,,,,,,,,,,,,,,,,,,,,NF1,,,,,,,,,,,,Unstranded,,,,,,Bulkcell,,,,,,,,,,,,,,,,,,,,,,,,,,,,STARandSalmon,,,
7_S7_L003_R2_001.fastq.gz,7_S7_L003_R2_001.fastq.gz,raw,Raw,geneExpression,Genomicsequence,fastq,Gzip,NF0007,,experimentalData,Result,NF0007-2-M+C,,syn11374354,cNF Organoid Study,Cutaneous Neurofibroma,,-/-,,+/+,,pairedEnd,PairedEnd,Neurofibromatosis type 1,,A 3D Cutaneous Neurofibroma Model for Automated High-Throughput Drug Screenings,,Illumina NovaSeq 6000,IlluminaNovaSeq6000S4,inward,Inward,"Cytokines,Mammo",cNF organoid culture,RNASeqTemplate,,Smart-seq2,Illumina,RNA-seq,RNASeq,Homo sapiens,Musmusculus,NTAP,,No,,Cutaneous Neurofibroma Initiative,,skin,,2,Read 2,reverse,,No,No,No,No,Yes,Yes,4,,Flash frozen,Freshcollected,ControlledAccess,,,,,,,,,,,,,,,,,,,,,,,,,,,,,,,,,,,,,,NF1,,,,,,,,,,,,Unstranded,,,,,,Bulkcell,,,,,,,,,,,,,,,,,,,,,,,,,,,,STARandSalmon,,,
8_S8_L001_R1_001.fastq.gz,8_S8_L001_R1_001.fastq.gz,raw,Raw,geneExpression,Genomicsequence,fastq,Gzip,NF0007,,experimentalData,Result,NF0007-2-M+C+F,,syn11374354,cNF Organoid Study,Cutaneous Neurofibroma,,-/-,,+/+,,pairedEnd,PairedEnd,Neurofibromatosis type 1,,A 3D Cutaneous Neurofibroma Model for Automated High-Throughput Drug Screenings,,Illumina NovaSeq 6000,IlluminaNovaSeq6000S4,inward,Inward,"Cytokines,Forskoline,Mammo",cNF organoid culture with StemPro media,RNASeqTemplate,,Smart-seq2,Illumina,RNA-seq,RNASeq,Homo sapiens,Musmusculus,NTAP,,No,,Cutaneous Neurofibroma Initiative,,skin,,1,Read 1,reverse,,No,No,No,No,Yes,Yes,4,,Flash frozen,Freshcollected,ControlledAccess,,,,,,,,,,,,,,,,,,,,,,,,,,,,,,,,,,,,,,NF1,,,,,,,,,,,,Unstranded,,,,,,Bulkcell,,,,,,,,,,,,,,,,,,,,,,,,,,,,STARandSalmon,,,
8_S8_L001_R2_001.fastq.gz,8_S8_L001_R2_001.fastq.gz,raw,Raw,geneExpression,Genomicsequence,fastq,Gzip,NF0007,,experimentalData,Result,NF0007-2-M+C+F,,syn11374354,cNF Organoid Study,Cutaneous Neurofibroma,,-/-,,+/+,,pairedEnd,PairedEnd,Neurofibromatosis type 1,,A 3D Cutaneous Neurofibroma Model for Automated High-Throughput Drug Screenings,,Illumina NovaSeq 6000,IlluminaNovaSeq6000S4,inward,Inward,"Cytokines,Forskoline,Mammo",cNF organoid culture with StemPro media,RNASeqTemplate,,Smart-seq2,Illumina,RNA-seq,RNASeq,Homo sapiens,Musmusculus,NTAP,,No,,Cutaneous Neurofibroma Initiative,,skin,,2,Read 2,reverse,,No,No,No,No,Yes,Yes,4,,Flash frozen,Freshcollected,ControlledAccess,,,,,,,,,,,,,,,,,,,,,,,,,,,,,,,,,,,,,,NF1,,,,,,,,,,,,Unstranded,,,,,,Bulkcell,,,,,,,,,,,,,,,,,,,,,,,,,,,,STARandSalmon,,,
8_S8_L002_R1_001.fastq.gz,8_S8_L002_R1_001.fastq.gz,raw,Raw,geneExpression,Genomicsequence,fastq,Gzip,NF0007,,experimentalData,Result,NF0007-2-M+C+F,,syn11374354,cNF Organoid Study,Cutaneous Neurofibroma,,-/-,,+/+,,pairedEnd,PairedEnd,Neurofibromatosis type 1,,A 3D Cutaneous Neurofibroma Model for Automated High-Throughput Drug Screenings,,Illumina NovaSeq 6000,IlluminaNovaSeq6000S4,inward,Inward,"Cytokines,Forskoline,Mammo",cNF organoid culture with StemPro media,RNASeqTemplate,,Smart-seq2,Illumina,RNA-seq,RNASeq,Homo sapiens,Musmusculus,NTAP,,No,,Cutaneous Neurofibroma Initiative,,skin,,1,Read 1,reverse,,No,No,No,No,Yes,Yes,4,,Flash frozen,Freshcollected,ControlledAccess,,,,,,,,,,,,,,,,,,,,,,,,,,,,,,,,,,,,,,NF1,,,,,,,,,,,,Unstranded,,,,,,Bulkcell,,,,,,,,,,,,,,,,,,,,,,,,,,,,STARandSalmon,,,
8_S8_L002_R2_001.fastq.gz,8_S8_L002_R2_001.fastq.gz,raw,Raw,geneExpression,Genomicsequence,fastq,Gzip,NF0007,,experimentalData,Result,NF0007-2-M+C+F,,syn11374354,cNF Organoid Study,Cutaneous Neurofibroma,,-/-,,+/+,,pairedEnd,PairedEnd,Neurofibromatosis type 1,,A 3D Cutaneous Neurofibroma Model for Automated High-Throughput Drug Screenings,,Illumina NovaSeq 6000,IlluminaNovaSeq6000S4,inward,Inward,"Cytokines,Forskoline,Mammo",cNF organoid culture with StemPro media,RNASeqTemplate,,Smart-seq2,Illumina,RNA-seq,RNASeq,Homo sapiens,Musmusculus,NTAP,,No,,Cutaneous Neurofibroma Initiative,,skin,,2,Read 2,reverse,,No,No,No,No,Yes,Yes,4,,Flash frozen,Freshcollected,ControlledAccess,,,,,,,,,,,,,,,,,,,,,,,,,,,,,,,,,,,,,,NF1,,,,,,,,,,,,Unstranded,,,,,,Bulkcell,,,,,,,,,,,,,,,,,,,,,,,,,,,,STARandSalmon,,,
8_S8_L003_R1_001.fastq.gz,8_S8_L003_R1_001.fastq.gz,raw,Raw,geneExpression,Genomicsequence,fastq,Gzip,NF0007,,experimentalData,Result,NF0007-2-M+C+F,,syn11374354,cNF Organoid Study,Cutaneous Neurofibroma,,-/-,,+/+,,pairedEnd,PairedEnd,Neurofibromatosis type 1,,A 3D Cutaneous Neurofibroma Model for Automated High-Throughput Drug Screenings,,Illumina NovaSeq 6000,IlluminaNovaSeq6000S4,inward,Inward,"Cytokines,Forskoline,Mammo",cNF organoid culture with StemPro media,RNASeqTemplate,,Smart-seq2,Illumina,RNA-seq,RNASeq,Homo sapiens,Musmusculus,NTAP,,No,,Cutaneous Neurofibroma Initiative,,skin,,1,Read 1,reverse,,No,No,No,No,Yes,Yes,4,,Flash frozen,Freshcollected,ControlledAccess,,,,,,,,,,,,,,,,,,,,,,,,,,,,,,,,,,,,,,NF1,,,,,,,,,,,,Unstranded,,,,,,Bulkcell,,,,,,,,,,,,,,,,,,,,,,,,,,,,STARandSalmon,,,
8_S8_L003_R2_001.fastq.gz,8_S8_L003_R2_001.fastq.gz,raw,Raw,geneExpression,Genomicsequence,fastq,Gzip,NF0007,,experimentalData,Result,NF0007-2-M+C+F,,syn11374354,cNF Organoid Study,Cutaneous Neurofibroma,,-/-,,+/+,,pairedEnd,PairedEnd,Neurofibromatosis type 1,,A 3D Cutaneous Neurofibroma Model for Automated High-Throughput Drug Screenings,,Illumina NovaSeq 6000,IlluminaNovaSeq6000S4,inward,Inward,"Cytokines,Forskoline,Mammo",cNF organoid culture with StemPro media,RNASeqTemplate,,Smart-seq2,Illumina,RNA-seq,RNASeq,Homo sapiens,Musmusculus,NTAP,,No,,Cutaneous Neurofibroma Initiative,,skin,,2,Read 2,reverse,,No,No,No,No,Yes,Yes,4,,Flash frozen,Freshcollected,ControlledAccess,,,,,,,,,,,,,,,,,,,,,,,,,,,,,,,,,,,,,,NF1,,,,,,,,,,,,Unstranded,,,,,,Bulkcell,,,,,,,,,,,,,,,,,,,,,,,,,,,,STARandSalmon,,,
9_S9_L001_R1_001.fastq.gz,9_S9_L001_R1_001.fastq.gz,raw,Raw,geneExpression,Genomicsequence,fastq,Gzip,NF0007,,experimentalData,Result,NF0007-2 D,,syn11374354,cNF Organoid Study,Cutaneous Neurofibroma,,-/-,,+/+,,pairedEnd,PairedEnd,Neurofibromatosis type 1,,A 3D Cutaneous Neurofibroma Model for Automated High-Throughput Drug Screenings,,Illumina NovaSeq 6000,IlluminaNovaSeq6000S4,inward,Inward,DMEM,cNF organoid culture with StemPro media,RNASeqTemplate,,Smart-seq2,Illumina,RNA-seq,RNASeq,Homo sapiens,Musmusculus,NTAP,,No,,Cutaneous Neurofibroma Initiative,,skin,,1,Read 1,reverse,,No,No,No,No,Yes,Yes,4,,Flash frozen,Freshcollected,ControlledAccess,,,,,,,,,,,,,,,,,,,,,,,,,,,,,,,,,,,,,,NF1,,,,,,,,,,,,Unstranded,,,,,,Bulkcell,,,,,,,,,,,,,,,,,,,,,,,,,,,,STARandSalmon,,,
9_S9_L001_R2_001.fastq.gz,9_S9_L001_R2_001.fastq.gz,raw,Raw,geneExpression,Genomicsequence,fastq,Gzip,NF0007,,experimentalData,Result,NF0007-2 D,,syn11374354,cNF Organoid Study,Cutaneous Neurofibroma,,-/-,,+/+,,pairedEnd,PairedEnd,Neurofibromatosis type 1,,A 3D Cutaneous Neurofibroma Model for Automated High-Throughput Drug Screenings,,Illumina NovaSeq 6000,IlluminaNovaSeq6000S4,inward,Inward,DMEM,cNF organoid culture with StemPro media,RNASeqTemplate,,Smart-seq2,Illumina,RNA-seq,RNASeq,Homo sapiens,Musmusculus,NTAP,,No,,Cutaneous Neurofibroma Initiative,,skin,,2,Read 2,reverse,,No,No,No,No,Yes,Yes,4,,Flash frozen,Freshcollected,ControlledAccess,,,,,,,,,,,,,,,,,,,,,,,,,,,,,,,,,,,,,,NF1,,,,,,,,,,,,Unstranded,,,,,,Bulkcell,,,,,,,,,,,,,,,,,,,,,,,,,,,,STARandSalmon,,,
9_S9_L002_R1_001.fastq.gz,9_S9_L002_R1_001.fastq.gz,raw,Raw,geneExpression,Genomicsequence,fastq,Gzip,NF0007,,experimentalData,Result,NF0007-2 D,,syn11374354,cNF Organoid Study,Cutaneous Neurofibroma,,-/-,,+/+,,pairedEnd,PairedEnd,Neurofibromatosis type 1,,A 3D Cutaneous Neurofibroma Model for Automated High-Throughput Drug Screenings,,Illumina NovaSeq 6000,IlluminaNovaSeq6000S4,inward,Inward,DMEM,cNF organoid culture with StemPro media,RNASeqTemplate,,Smart-seq2,Illumina,RNA-seq,RNASeq,Homo sapiens,Musmusculus,NTAP,,No,,Cutaneous Neurofibroma Initiative,,skin,,1,Read 1,reverse,,No,No,No,No,Yes,Yes,4,,Flash frozen,Freshcollected,ControlledAccess,,,,,,,,,,,,,,,,,,,,,,,,,,,,,,,,,,,,,,NF1,,,,,,,,,,,,Unstranded,,,,,,Bulkcell,,,,,,,,,,,,,,,,,,,,,,,,,,,,STARandSalmon,,,
9_S9_L002_R2_001.fastq.gz,9_S9_L002_R2_001.fastq.gz,raw,Raw,geneExpression,Genomicsequence,fastq,Gzip,NF0007,,experimentalData,Result,NF0007-2 D,,syn11374354,cNF Organoid Study,Cutaneous Neurofibroma,,-/-,,+/+,,pairedEnd,PairedEnd,Neurofibromatosis type 1,,A 3D Cutaneous Neurofibroma Model for Automated High-Throughput Drug Screenings,,Illumina NovaSeq 6000,IlluminaNovaSeq6000S4,inward,Inward,DMEM,cNF organoid culture with StemPro media,RNASeqTemplate,,Smart-seq2,Illumina,RNA-seq,RNASeq,Homo sapiens,Musmusculus,NTAP,,No,,Cutaneous Neurofibroma Initiative,,skin,,2,Read 2,reverse,,No,No,No,No,Yes,Yes,4,,Flash frozen,Freshcollected,ControlledAccess,,,,,,,,,,,,,,,,,,,,,,,,,,,,,,,,,,,,,,NF1,,,,,,,,,,,,Unstranded,,,,,,Bulkcell,,,,,,,,,,,,,,,,,,,,,,,,,,,,STARandSalmon,,,
9_S9_L003_R1_001.fastq.gz,9_S9_L003_R1_001.fastq.gz,raw,Raw,geneExpression,Genomicsequence,fastq,Gzip,NF0007,,experimentalData,Result,NF0007-2 D,,syn11374354,cNF Organoid Study,Cutaneous Neurofibroma,,-/-,,+/+,,pairedEnd,PairedEnd,Neurofibromatosis type 1,,A 3D Cutaneous Neurofibroma Model for Automated High-Throughput Drug Screenings,,Illumina NovaSeq 6000,IlluminaNovaSeq6000S4,inward,Inward,DMEM,cNF organoid culture with StemPro media,RNASeqTemplate,,Smart-seq2,Illumina,RNA-seq,RNASeq,Homo sapiens,Musmusculus,NTAP,,No,,Cutaneous Neurofibroma Initiative,,skin,,1,Read 1,reverse,,No,No,No,No,Yes,Yes,4,,Flash frozen,Freshcollected,ControlledAccess,,,,,,,,,,,,,,,,,,,,,,,,,,,,,,,,,,,,,,NF1,,,,,,,,,,,,Unstranded,,,,,,Bulkcell,,,,,,,,,,,,,,,,,,,,,,,,,,,,STARandSalmon,,,
9_S9_L003_R2_001.fastq.gz,9_S9_L003_R2_001.fastq.gz,raw,Raw,geneExpression,Genomicsequence,fastq,Gzip,NF0007,,experimentalData,Result,NF0007-2 D,,syn11374354,cNF Organoid Study,Cutaneous Neurofibroma,,-/-,,+/+,,pairedEnd,PairedEnd,Neurofibromatosis type 1,,A 3D Cutaneous Neurofibroma Model for Automated High-Throughput Drug Screenings,,Illumina NovaSeq 6000,IlluminaNovaSeq6000S4,inward,Inward,DMEM,cNF organoid culture with StemPro media,RNASeqTemplate,,Smart-seq2,Illumina,RNA-seq,RNASeq,Homo sapiens,Musmusculus,NTAP,,No,,Cutaneous Neurofibroma Initiative,,skin,,2,Read 2,reverse,,No,No,No,No,Yes,Yes,4,,Flash frozen,Freshcollected,ControlledAccess,,,,,,,,,,,,,,,,,,,,,,,,,,,,,,,,,,,,,,NF1,,,,,,,,,,,,Unstranded,,,,,,Bulkcell,,,,,,,,,,,,,,,,,,,,,,,,,,,,STARandSalmon,,,
