name_gt,name_pred,dataSubtype_gt,dataSubtype_pred,dataType_gt,dataType_pred,fileFormat_gt,fileFormat_pred,individualID_gt,individualID_pred,resourceType_gt,resourceType_pred,specimenID_gt,specimenID_pred,studyId_gt,studyId_pred,nf2Genotype_gt,nf2Genotype_pred,cellType_gt,cellType_pred,runType_gt,runType_pred,modifiedBy_gt,modifiedBy_pred,diagnosis_gt,diagnosis_pred,studyName_gt,studyName_pred,platform_gt,platform_pred,experimentalCondition_gt,experimentalCondition_pred,genePerturbationType_gt,genePerturbationType_pred,modelSystemName_gt,modelSystemName_pred,assay_gt,assay_pred,species_gt,species_pred,isCellLine_gt,isCellLine_pred,readPair_gt,readPair_pred,isPrimaryCell_gt,isPrimaryCell_pred,libraryPrep_gt,libraryPrep_pred,isMultiIndividual_gt,isMultiIndividual_pred,isMultiSpecimen_gt,isMultiSpecimen_pred,isStranded_gt,isStranded_pred,timePointUnit_gt,timePointUnit_pred,genePerturbationTechnology_gt,genePerturbationTechnology_pred,genePerturbed_gt,genePerturbed_pred,compoundName_gt,compoundName_pred,experimentalTimePoint_gt,experimentalTimepoint_pred,accessType_pred,accessType_gt,age_pred,age_gt,ageUnit_pred,ageUnit_gt,aliquotID_pred,aliquotID_gt,averageBaseQuality_pred,averageBaseQuality_gt,averageInsertSize_pred,averageInsertSize_gt,averageReadLength_pred,averageReadLength_gt,channel_pred,channel_gt,comments_pred,comments_gt,Component_pred,Component_gt,compoundDose_pred,compoundDose_gt,compoundDoseUnit_pred,compoundDoseUnit_gt,dissociationMethod_pred,dissociationMethod_gt,drugScreenType_pred,drugScreenType_gt,expressionUnit_pred,expressionUnit_gt,fundingAgency_pred,fundingAgency_gt,genomicReference_pred,genomicReference_gt,individualIdSource_pred,individualIdSource_gt,initiative_pred,initiative_gt,isXenograft_pred,isXenograft_gt,libraryPreparationMethod_pred,libraryPreparationMethod_gt,libraryStrand_pred,libraryStrand_gt,nf1Genotype_pred,nf1Genotype_gt,nucleicAcidSource_pred,nucleicAcidSource_gt,organ_pred,organ_gt,pairsOnDifferentChr_pred,pairsOnDifferentChr_gt,parentSpecimenID_pred,parentSpecimenID_gt,progressReportNumber_pred,progressReportNumber_gt,readDepth_pred,readDepth_gt,readLength_pred,readLength_gt,readPairOrientation_pred,readPairOrientation_gt,readsDuplicatedPercent_pred,readsDuplicatedPercent_gt,readsMappedPercent_pred,readsMappedPercent_gt,readStrandOrigin_pred,readStrandOrigin_gt,sex_pred,sex_gt,specimenPreparationMethod_pred,specimenPreparationMethod_gt,targetCaptureKitID_pred,targetCaptureKitID_gt,targetDepth_pred,targetDepth_gt,totalReads_pred,totalReads_gt,transplantationRecipientSpecies_pred,transplantationRecipientSpecies_gt,transplantationRecipientTissue_pred,transplantationRecipientTissue_gt,transplantationType_pred,transplantationType_gt,tumorType_pred,tumorType_gt,workflow_pred,workflow_gt,workflowLink_pred,workflowLink_gt
HS01_1.1.fastq.gz,HS01_1.1.fastq.gz,raw,Raw,geneExpression,Genomicsequence,fastq,Gzip,HS01,HS01,experimentalData,Result,HS01_1,HS01,syn2343195,SynodosNF2,+/+,-/-,schwann,Schwann cell,pairedEnd,PairedEnd,3421893,,Neurofibromatosis type 2,Neurofibromatosistype1,Synodos NF2,Systems based drug discovery for NF2,Illumina HiSeq 2500,IlluminaHiSeq2500,DMSO,,knockdown,,HS01,HS01,RNA-seq,RNA-seq,Homo sapiens,Musmusculus,Yes,Yes,1,1.0,True,No,polyAselection,,No,No,No,No,Yes,,hours,,RNAi,,NF2,NF2,DMSO,,24,,,,,,,,HS01_1.1,,,,,,,,,,,,,,,,,,,,,,,,,,,,,,,,,,,,FirstStranded,,Unknown,,Bulkcell,,,,,,HS01,,,,,,,,,,,,,,,,,,,,,,,,,,,,,,,,,,,,,
HS01_1.2.fastq.gz,HS01_1.2.fastq.gz,raw,Raw,geneExpression,Genomicsequence,fastq,Gzip,HS01,HS01,experimentalData,Result,HS01_1,HS01,syn2343195,SynodosNF2,+/+,-/-,schwann,Schwann cell,pairedEnd,PairedEnd,3421893,,Neurofibromatosis type 2,Neurofibromatosistype1,Synodos NF2,Systems based drug discovery for NF2,Illumina HiSeq 2500,IlluminaHiSeq2500,DMSO,,knockdown,,HS01,HS01,RNA-seq,RNA-seq,Homo sapiens,Musmusculus,Yes,Yes,2,2.0,True,No,polyAselection,,No,No,No,No,Yes,,hours,,RNAi,,NF2,NF2,DMSO,,24,,,,,,,,HS01_1.2,,,,,,,,,,,,,,,,,,,,,,,,,,,,,,,,,,,,FirstStranded,,Unknown,,Bulkcell,,,,,,HS01,,,,,,,,,,,,,,,,,,,,,,,,,,,,,,,,,,,,,
HS01_10.1.fastq.gz,HS01_10.1.fastq.gz,raw,Raw,geneExpression,Genomicsequence,fastq,,HS01,HS01,experimentalData,Result,HS01_10,HS01,syn2343195,SynodosNF2,+/+,,schwann,Schwann cell,pairedEnd,PairedEnd,3421893,,Neurofibromatosis type 2,Neurofibromatosistype1,Synodos NF2,Systems based drug discovery for NF2,Illumina HiSeq 2500,IlluminaHiSeq2500,Brigatinib,,knockdown,,HS01,HS01,RNA-seq,RNA-seq,Homo sapiens,,Yes,Yes,1,,True,No,polyAselection,,No,,No,No,Yes,,hours,,RNAi,,NF2,NF2,Brigatinib,,24,,,,,,,,HS01_10.1,,,,,,,,,,,,,,,,,,,,,,,,,,,,,,,,,,,,,,Unknown,,,,,,,,HS01,,,,,,,,,,,,,,,,,,,,,,,,,,,,,,,,,,,,,
HS01_10.2.fastq.gz,HS01_10.2.fastq.gz,raw,Raw,geneExpression,Genomicsequence,fastq,,HS01,HS01,experimentalData,Result,HS01_10,HS01,syn2343195,SynodosNF2,+/+,,schwann,Schwann cell,pairedEnd,PairedEnd,3421893,,Neurofibromatosis type 2,Neurofibromatosistype1,Synodos NF2,Systems based drug discovery for NF2,Illumina HiSeq 2500,IlluminaHiSeq2500,Brigatinib,,knockdown,,HS01,HS01,RNA-seq,RNA-seq,Homo sapiens,,Yes,Yes,2,,True,No,polyAselection,,No,,No,No,Yes,,hours,,RNAi,,NF2,NF2,Brigatinib,,24,,,,,,,,HS01_10.2,,,,,,,,,,,,,,,,,,,,,,,,,,,,,,,,,,,,,,Unknown,,,,,,,,HS01,,,,,,,,,,,,,,,,,,,,,,,,,,,,,,,,,,,,,
HS01_11.1.fastq.gz,HS01_11.1.fastq.gz,raw,Raw,geneExpression,Genomicsequence,fastq,,HS01,,experimentalData,Result,HS01_11,,syn2343195,,+/+,,schwann,Schwann cell,pairedEnd,PairedEnd,3421893,,Neurofibromatosis type 2,,Synodos NF2,Systems based drug discovery for NF2,Illumina HiSeq 2500,IlluminaHiSeq2500,"Dasatinib,Simvastatin",,knockdown,,HS01,HS01,RNA-seq,RNA-seq,Homo sapiens,,Yes,,1,,True,No,polyAselection,,No,,No,No,Yes,,hours,,RNAi,,NF2,NF2,"Dasatinib,Simvastatin",,24,,,,,,,,,,,,,,,,,,,,,,,,,,,,,,,,,,,,,,,,,,,,,,,,,,,,,,,,,,,,,,,,,,,,,,,,,,,,,,,,,,,,,,,,,,,
HS01_11.2.fastq.gz,HS01_11.2.fastq.gz,raw,Raw,geneExpression,Genomicsequence,fastq,,HS01,,experimentalData,Result,HS01_11,,syn2343195,,+/+,,schwann,Schwann cell,pairedEnd,PairedEnd,3421893,,Neurofibromatosis type 2,,Synodos NF2,Systems based drug discovery for NF2,Illumina HiSeq 2500,IlluminaHiSeq2500,"Dasatinib,Simvastatin",,knockdown,,HS01,HS01,RNA-seq,RNA-seq,Homo sapiens,,Yes,,2,,True,No,polyAselection,,No,,No,No,Yes,,hours,,RNAi,,NF2,NF2,"Dasatinib,Simvastatin",,24,,,,,,,,,,,,,,,,,,,,,,,,,,,,,,,,,,,,,,,,,,,,,,,,,,,,,,,,,,,,,,,,,,,,,,,,,,,,,,,,,,,,,,,,,,,
HS01_12.1.fastq.gz,HS01_12.1.fastq.gz,raw,Raw,geneExpression,Genomicsequence,fastq,,HS01,,experimentalData,Result,HS01_12,,syn2343195,,+/+,,schwann,Schwann cell,pairedEnd,PairedEnd,3421893,,Neurofibromatosis type 2,,Synodos NF2,Systems based drug discovery for NF2,Illumina HiSeq 2500,IlluminaHiSeq2500,"Dasatinib,Brigatinib",,knockdown,,HS01,HS01,RNA-seq,RNA-seq,Homo sapiens,,Yes,,2,,True,No,polyAselection,,No,,No,No,Yes,,hours,,RNAi,,NF2,NF2,"Dasatinib,Brigatinib",,24,,,,,,,,,,,,,,,,,,,,,,,,,,,,,,,,,,,,,,,,,,,,,,,,,,,,,,,,,,,,,,,,,,,,,,,,,,,,,,,,,,,,,,,,,,,
HS01_12.2.fastq.gz,HS01_12.2.fastq.gz,raw,Raw,geneExpression,Genomicsequence,fastq,,HS01,,experimentalData,Result,HS01_12,,syn2343195,,+/+,,schwann,Schwann cell,pairedEnd,PairedEnd,3421893,,Neurofibromatosis type 2,,Synodos NF2,Systems based drug discovery for NF2,Illumina HiSeq 2500,IlluminaHiSeq2500,"Dasatinib,Brigatinib",,knockdown,,HS01,HS01,RNA-seq,RNA-seq,Homo sapiens,,Yes,,1,,True,No,polyAselection,,No,,No,No,Yes,,hours,,RNAi,,NF2,NF2,"Dasatinib,Brigatinib",,24,,,,,,,,,,,,,,,,,,,,,,,,,,,,,,,,,,,,,,,,,,,,,,,,,,,,,,,,,,,,,,,,,,,,,,,,,,,,,,,,,,,,,,,,,,,
HS01_13.1.fastq.gz,HS01_13.1.fastq.gz,raw,Raw,geneExpression,Genomicsequence,fastq,,HS01,,experimentalData,Result,HS01_13,,syn2343195,,+/+,,schwann,Schwann cell,pairedEnd,PairedEnd,3421893,,Neurofibromatosis type 2,,Synodos NF2,Systems based drug discovery for NF2,Illumina HiSeq 2500,IlluminaHiSeq2500,DMSO,,knockdown,,HS01,HS01,RNA-seq,RNA-seq,Homo sapiens,,Yes,,1,,True,No,polyAselection,,No,,No,No,Yes,,hours,,RNAi,,NF2,NF2,DMSO,,24,,,,,,,,,,,,,,,,,,,,,,,,,,,,,,,,,,,,,,,,,,,,,,,,,,,,,,,,,,,,,,,,,,,,,,,,,,,,,,,,,,,,,,,,,,,
HS01_13.2.fastq.gz,HS01_13.2.fastq.gz,raw,Raw,geneExpression,Genomicsequence,fastq,,HS01,,experimentalData,Result,HS01_13,,syn2343195,,+/+,,schwann,Schwann cell,pairedEnd,PairedEnd,3421893,,Neurofibromatosis type 2,,Synodos NF2,Systems based drug discovery for NF2,Illumina HiSeq 2500,IlluminaHiSeq2500,DMSO,,knockdown,,HS01,HS01,RNA-seq,RNA-seq,Homo sapiens,,Yes,,2,,True,No,polyAselection,,No,,No,No,Yes,,hours,,RNAi,,NF2,NF2,DMSO,,24,,,,,,,,,,,,,,,,,,,,,,,,,,,,,,,,,,,,,,,,,,,,,,,,,,,,,,,,,,,,,,,,,,,,,,,,,,,,,,,,,,,,,,,,,,,
HS01_14.1.fastq.gz,HS01_14.1.fastq.gz,raw,Raw,geneExpression,Genomicsequence,fastq,,HS01,,experimentalData,Result,HS01_14,,syn2343195,,+/+,,schwann,Schwann cell,pairedEnd,PairedEnd,3421893,,Neurofibromatosis type 2,,Synodos NF2,Systems based drug discovery for NF2,Illumina HiSeq 2500,IlluminaHiSeq2500,Dasatinib,,knockdown,,HS01,HS01,RNA-seq,RNA-seq,Homo sapiens,,Yes,,1,,True,No,polyAselection,,No,,No,No,Yes,,hours,,RNAi,,NF2,NF2,Dasatinib,,24,,,,,,,,,,,,,,,,,,,,,,,,,,,,,,,,,,,,,,,,,,,,,,,,,,,,,,,,,,,,,,,,,,,,,,,,,,,,,,,,,,,,,,,,,,,
HS01_14.2.fastq.gz,HS01_14.2.fastq.gz,raw,Raw,geneExpression,Genomicsequence,fastq,,HS01,,experimentalData,Result,HS01_14,,syn2343195,,+/+,,schwann,Schwann cell,pairedEnd,PairedEnd,3421893,,Neurofibromatosis type 2,,Synodos NF2,Systems based drug discovery for NF2,Illumina HiSeq 2500,IlluminaHiSeq2500,Dasatinib,,knockdown,,HS01,HS01,RNA-seq,RNA-seq,Homo sapiens,,Yes,,2,,True,No,polyAselection,,No,,No,No,Yes,,hours,,RNAi,,NF2,NF2,Dasatinib,,24,,,,,,,,,,,,,,,,,,,,,,,,,,,,,,,,,,,,,,,,,,,,,,,,,,,,,,,,,,,,,,,,,,,,,,,,,,,,,,,,,,,,,,,,,,,
HS01_15.1.fastq.gz,HS01_15.1.fastq.gz,raw,Raw,geneExpression,Genomicsequence,fastq,,HS01,,experimentalData,Result,HS01_15,,syn2343195,,+/+,,schwann,Schwann cell,pairedEnd,PairedEnd,3421893,,Neurofibromatosis type 2,,Synodos NF2,Systems based drug discovery for NF2,Illumina HiSeq 2500,IlluminaHiSeq2500,Simvastatin,,knockdown,,HS01,HS01,RNA-seq,RNA-seq,Homo sapiens,,Yes,,1,,True,No,polyAselection,,No,,No,No,Yes,,hours,,RNAi,,NF2,NF2,Simvastatin,,24,,,,,,,,,,,,,,,,,,,,,,,,,,,,,,,,,,,,,,,,,,,,,,,,,,,,,,,,,,,,,,,,,,,,,,,,,,,,,,,,,,,,,,,,,,,
HS01_15.2.fastq.gz,HS01_15.2.fastq.gz,raw,Raw,geneExpression,Genomicsequence,fastq,,HS01,,experimentalData,Result,HS01_15,,syn2343195,,+/+,,schwann,Schwann cell,pairedEnd,PairedEnd,3421893,,Neurofibromatosis type 2,,Synodos NF2,Systems based drug discovery for NF2,Illumina HiSeq 2500,IlluminaHiSeq2500,Simvastatin,,knockdown,,HS01,HS01,RNA-seq,RNA-seq,Homo sapiens,,Yes,,2,,True,No,polyAselection,,No,,No,No,Yes,,hours,,RNAi,,NF2,NF2,Simvastatin,,24,,,,,,,,,,,,,,,,,,,,,,,,,,,,,,,,,,,,,,,,,,,,,,,,,,,,,,,,,,,,,,,,,,,,,,,,,,,,,,,,,,,,,,,,,,,
HS01_16.1.fastq.gz,HS01_16.1.fastq.gz,raw,Raw,geneExpression,Genomicsequence,fastq,,HS01,,experimentalData,Result,HS01_16,,syn2343195,,+/+,,schwann,Schwann cell,pairedEnd,PairedEnd,3421893,,Neurofibromatosis type 2,,Synodos NF2,Systems based drug discovery for NF2,Illumina HiSeq 2500,IlluminaHiSeq2500,Brigatinib,,knockdown,,HS01,HS01,RNA-seq,RNA-seq,Homo sapiens,,Yes,,1,,True,No,polyAselection,,No,,No,No,Yes,,hours,,RNAi,,NF2,NF2,Brigatinib,,24,,,,,,,,,,,,,,,,,,,,,,,,,,,,,,,,,,,,,,,,,,,,,,,,,,,,,,,,,,,,,,,,,,,,,,,,,,,,,,,,,,,,,,,,,,,
HS01_16.2.fastq.gz,HS01_16.2.fastq.gz,raw,Raw,geneExpression,Genomicsequence,fastq,,HS01,,experimentalData,Result,HS01_16,,syn2343195,,+/+,,schwann,Schwann cell,pairedEnd,PairedEnd,3421893,,Neurofibromatosis type 2,,Synodos NF2,Systems based drug discovery for NF2,Illumina HiSeq 2500,IlluminaHiSeq2500,Brigatinib,,knockdown,,HS01,HS01,RNA-seq,RNA-seq,Homo sapiens,,Yes,,2,,True,No,polyAselection,,No,,No,No,Yes,,hours,,RNAi,,NF2,NF2,Brigatinib,,24,,,,,,,,,,,,,,,,,,,,,,,,,,,,,,,,,,,,,,,,,,,,,,,,,,,,,,,,,,,,,,,,,,,,,,,,,,,,,,,,,,,,,,,,,,,
HS01_17.1.fastq.gz,HS01_17.1.fastq.gz,raw,Raw,geneExpression,Genomicsequence,fastq,,HS01,,experimentalData,Result,HS01_17,,syn2343195,,+/+,,schwann,Schwann cell,pairedEnd,PairedEnd,3421893,,Neurofibromatosis type 2,,Synodos NF2,Systems based drug discovery for NF2,Illumina HiSeq 2500,IlluminaHiSeq2500,"Dasatinib,Simvastatin",,knockdown,,HS01,HS01,RNA-seq,RNA-seq,Homo sapiens,,Yes,,1,,True,No,polyAselection,,No,,No,No,Yes,,hours,,RNAi,,NF2,NF2,"Dasatinib,Simvastatin",,24,,,,,,,,,,,,,,,,,,,,,,,,,,,,,,,,,,,,,,,,,,,,,,,,,,,,,,,,,,,,,,,,,,,,,,,,,,,,,,,,,,,,,,,,,,,
HS01_17.2.fastq.gz,HS01_17.2.fastq.gz,raw,Raw,geneExpression,Genomicsequence,fastq,,HS01,,experimentalData,Result,HS01_17,,syn2343195,,+/+,,schwann,Schwann cell,pairedEnd,PairedEnd,3421893,,Neurofibromatosis type 2,,Synodos NF2,Systems based drug discovery for NF2,Illumina HiSeq 2500,IlluminaHiSeq2500,"Dasatinib,Simvastatin",,knockdown,,HS01,HS01,RNA-seq,RNA-seq,Homo sapiens,,Yes,,2,,True,No,polyAselection,,No,,No,No,Yes,,hours,,RNAi,,NF2,NF2,"Dasatinib,Simvastatin",,24,,,,,,,,,,,,,,,,,,,,,,,,,,,,,,,,,,,,,,,,,,,,,,,,,,,,,,,,,,,,,,,,,,,,,,,,,,,,,,,,,,,,,,,,,,,
HS01_18.1.fastq.gz,HS01_18.1.fastq.gz,raw,Raw,geneExpression,Genomicsequence,fastq,,HS01,,experimentalData,Result,HS01_18,,syn2343195,,+/+,,schwann,Schwann cell,pairedEnd,PairedEnd,3421893,,Neurofibromatosis type 2,,Synodos NF2,Systems based drug discovery for NF2,Illumina HiSeq 2500,IlluminaHiSeq2500,"Dasatinib,Brigatinib",,knockdown,,HS01,HS01,RNA-seq,RNA-seq,Homo sapiens,,Yes,,1,,True,No,polyAselection,,No,,No,No,Yes,,hours,,RNAi,,NF2,NF2,"Dasatinib,Brigatinib",,24,,,,,,,,,,,,,,,,,,,,,,,,,,,,,,,,,,,,,,,,,,,,,,,,,,,,,,,,,,,,,,,,,,,,,,,,,,,,,,,,,,,,,,,,,,,
HS01_18.2.fastq.gz,HS01_18.2.fastq.gz,raw,Raw,geneExpression,Genomicsequence,fastq,,HS01,,experimentalData,Result,HS01_18,,syn2343195,,+/+,,schwann,Schwann cell,pairedEnd,PairedEnd,3421893,,Neurofibromatosis type 2,,Synodos NF2,Systems based drug discovery for NF2,Illumina HiSeq 2500,IlluminaHiSeq2500,"Dasatinib,Brigatinib",,knockdown,,HS01,HS01,RNA-seq,RNA-seq,Homo sapiens,,Yes,,2,,True,No,polyAselection,,No,,No,No,Yes,,hours,,RNAi,,NF2,NF2,"Dasatinib,Brigatinib",,24,,,,,,,,,,,,,,,,,,,,,,,,,,,,,,,,,,,,,,,,,,,,,,,,,,,,,,,,,,,,,,,,,,,,,,,,,,,,,,,,,,,,,,,,,,,
HS01_2.1.fastq.gz,HS01_2.1.fastq.gz,raw,,geneExpression,,fastq,,HS01,,experimentalData,,HS01_2,,syn2343195,,+/+,,schwann,Schwann cell,pairedEnd,PairedEnd,3421893,,Neurofibromatosis type 2,,Synodos NF2,,Illumina HiSeq 2500,IlluminaHiSeq2500,Dasatinib,,knockdown,,HS01,HS01,RNA-seq,RNA-seq,Homo sapiens,,Yes,,1,,True,,polyAselection,,No,,No,,Yes,,hours,,RNAi,,NF2,,Dasatinib,,24,,,,,,,,,,,,,,,,,,,,,,,,,,,,,,,,,,,,,,,,,,,,,,,,,,,,,,,,,,,,,,,,,,,,,,,,,,,,,,,,,,,,,,,,,,,
HS01_2.2.fastq.gz,HS01_2.2.fastq.gz,raw,,geneExpression,,fastq,,HS01,,experimentalData,,HS01_2,,syn2343195,,+/+,,schwann,Schwann cell,pairedEnd,PairedEnd,3421893,,Neurofibromatosis type 2,,Synodos NF2,,Illumina HiSeq 2500,IlluminaHiSeq2500,Dasatinib,,knockdown,,HS01,HS01,RNA-seq,RNA-seq,Homo sapiens,,Yes,,2,,True,,polyAselection,,No,,No,,Yes,,hours,,RNAi,,NF2,,Dasatinib,,24,,,,,,,,,,,,,,,,,,,,,,,,,,,,,,,,,,,,,,,,,,,,,,,,,,,,,,,,,,,,,,,,,,,,,,,,,,,,,,,,,,,,,,,,,,,
HS01_3.1.fastq.gz,HS01_3.1.fastq.gz,raw,,geneExpression,,fastq,,HS01,,experimentalData,,HS01_3,,syn2343195,,+/+,,schwann,Schwann cell,pairedEnd,PairedEnd,3421893,,Neurofibromatosis type 2,,Synodos NF2,,Illumina HiSeq 2500,IlluminaHiSeq2500,Simvastatin,,knockdown,,HS01,HS01,RNA-seq,RNA-seq,Homo sapiens,,Yes,,1,,True,,polyAselection,,No,,No,,Yes,,hours,,RNAi,,NF2,,Simvastatin,,24,,,,,,,,,,,,,,,,,,,,,,,,,,,,,,,,,,,,,,,,,,,,,,,,,,,,,,,,,,,,,,,,,,,,,,,,,,,,,,,,,,,,,,,,,,,
HS01_3.2.fastq.gz,HS01_3.2.fastq.gz,raw,,geneExpression,,fastq,,HS01,,experimentalData,,HS01_3,,syn2343195,,+/+,,schwann,Schwann cell,pairedEnd,PairedEnd,3421893,,Neurofibromatosis type 2,,Synodos NF2,,Illumina HiSeq 2500,IlluminaHiSeq2500,Simvastatin,,knockdown,,HS01,HS01,RNA-seq,RNA-seq,Homo sapiens,,Yes,,2,,True,,polyAselection,,No,,No,,Yes,,hours,,RNAi,,NF2,,Simvastatin,,24,,,,,,,,,,,,,,,,,,,,,,,,,,,,,,,,,,,,,,,,,,,,,,,,,,,,,,,,,,,,,,,,,,,,,,,,,,,,,,,,,,,,,,,,,,,
HS01_4.1.fastq.gz,HS01_4.1.fastq.gz,raw,,geneExpression,,fastq,,HS01,,experimentalData,,HS01_4,,syn2343195,,+/+,,schwann,Schwann cell,pairedEnd,PairedEnd,3421893,,Neurofibromatosis type 2,,Synodos NF2,,Illumina HiSeq 2500,IlluminaHiSeq2500,Brigatinib,,knockdown,,HS01,HS01,RNA-seq,RNA-seq,Homo sapiens,,Yes,,1,,True,,polyAselection,,No,,No,,Yes,,hours,,RNAi,,NF2,,Brigatinib,,24,,,,,,,,,,,,,,,,,,,,,,,,,,,,,,,,,,,,,,,,,,,,,,,,,,,,,,,,,,,,,,,,,,,,,,,,,,,,,,,,,,,,,,,,,,,
HS01_4.2.fastq.gz,HS01_4.2.fastq.gz,raw,,geneExpression,,fastq,,HS01,,experimentalData,,HS01_4,,syn2343195,,+/+,,schwann,Schwann cell,pairedEnd,PairedEnd,3421893,,Neurofibromatosis type 2,,Synodos NF2,,Illumina HiSeq 2500,IlluminaHiSeq2500,Brigatinib,,knockdown,,HS01,HS01,RNA-seq,RNA-seq,Homo sapiens,,Yes,,2,,True,,polyAselection,,No,,No,,Yes,,hours,,RNAi,,NF2,,Brigatinib,,24,,,,,,,,,,,,,,,,,,,,,,,,,,,,,,,,,,,,,,,,,,,,,,,,,,,,,,,,,,,,,,,,,,,,,,,,,,,,,,,,,,,,,,,,,,,
HS01_5.1.fastq.gz,HS01_5.1.fastq.gz,raw,,geneExpression,,fastq,,HS01,,experimentalData,,HS01_5,,syn2343195,,+/+,,schwann,Schwann cell,pairedEnd,PairedEnd,3421893,,Neurofibromatosis type 2,,Synodos NF2,,Illumina HiSeq 2500,IlluminaHiSeq2500,"Dasatinib,Simvastatin",,knockdown,,HS01,HS01,RNA-seq,RNA-seq,Homo sapiens,,Yes,,1,,True,,polyAselection,,No,,No,,Yes,,hours,,RNAi,,NF2,,"Dasatinib,Simvastatin",,24,,,,,,,,,,,,,,,,,,,,,,,,,,,,,,,,,,,,,,,,,,,,,,,,,,,,,,,,,,,,,,,,,,,,,,,,,,,,,,,,,,,,,,,,,,,
HS01_5.2.fastq.gz,HS01_5.2.fastq.gz,raw,,geneExpression,,fastq,,HS01,,experimentalData,,HS01_5,,syn2343195,,+/+,,schwann,Schwann cell,pairedEnd,PairedEnd,3421893,,Neurofibromatosis type 2,,Synodos NF2,,Illumina HiSeq 2500,IlluminaHiSeq2500,"Dasatinib,Simvastatin",,knockdown,,HS01,HS01,RNA-seq,RNA-seq,Homo sapiens,,Yes,,2,,True,,polyAselection,,No,,No,,Yes,,hours,,RNAi,,NF2,,"Dasatinib,Simvastatin",,24,,,,,,,,,,,,,,,,,,,,,,,,,,,,,,,,,,,,,,,,,,,,,,,,,,,,,,,,,,,,,,,,,,,,,,,,,,,,,,,,,,,,,,,,,,,
HS01_6.1.fastq.gz,HS01_6.1.fastq.gz,raw,,geneExpression,,fastq,,HS01,,experimentalData,,HS01_6,,syn2343195,,+/+,,schwann,Schwann cell,pairedEnd,PairedEnd,3421893,,Neurofibromatosis type 2,,Synodos NF2,,Illumina HiSeq 2500,IlluminaHiSeq2500,"Dasatinib,Brigatinib",,knockdown,,HS01,HS01,RNA-seq,RNA-seq,Homo sapiens,,Yes,,1,,True,,polyAselection,,No,,No,,Yes,,hours,,RNAi,,NF2,,"Dasatinib,Brigatinib",,24,,,,,,,,,,,,,,,,,,,,,,,,,,,,,,,,,,,,,,,,,,,,,,,,,,,,,,,,,,,,,,,,,,,,,,,,,,,,,,,,,,,,,,,,,,,
HS01_6.2.fastq.gz,HS01_6.2.fastq.gz,raw,,geneExpression,,fastq,,HS01,,experimentalData,,HS01_6,,syn2343195,,+/+,,schwann,Schwann cell,pairedEnd,PairedEnd,3421893,,Neurofibromatosis type 2,,Synodos NF2,,Illumina HiSeq 2500,IlluminaHiSeq2500,"Dasatinib,Brigatinib",,knockdown,,HS01,HS01,RNA-seq,RNA-seq,Homo sapiens,,Yes,,2,,True,,polyAselection,,No,,No,,Yes,,hours,,RNAi,,NF2,,"Dasatinib,Brigatinib",,24,,,,,,,,,,,,,,,,,,,,,,,,,,,,,,,,,,,,,,,,,,,,,,,,,,,,,,,,,,,,,,,,,,,,,,,,,,,,,,,,,,,,,,,,,,,
HS01_7.1.fastq.gz,HS01_7.1.fastq.gz,raw,,geneExpression,,fastq,,HS01,,experimentalData,,HS01_7,,syn2343195,,+/+,,schwann,Schwann cell,pairedEnd,PairedEnd,3421893,,Neurofibromatosis type 2,,Synodos NF2,,Illumina HiSeq 2500,IlluminaHiSeq2500,DMSO,,knockdown,,HS01,HS01,RNA-seq,RNA-seq,Homo sapiens,,Yes,,1,,True,,polyAselection,,No,,No,,Yes,,hours,,RNAi,,NF2,,DMSO,,24,,,,,,,,,,,,,,,,,,,,,,,,,,,,,,,,,,,,,,,,,,,,,,,,,,,,,,,,,,,,,,,,,,,,,,,,,,,,,,,,,,,,,,,,,,,
HS01_7.2.fastq.gz,HS01_7.2.fastq.gz,raw,,geneExpression,,fastq,,HS01,,experimentalData,,HS01_7,,syn2343195,,+/+,,schwann,Schwann cell,pairedEnd,PairedEnd,3421893,,Neurofibromatosis type 2,,Synodos NF2,,Illumina HiSeq 2500,IlluminaHiSeq2500,DMSO,,knockdown,,HS01,HS01,RNA-seq,RNA-seq,Homo sapiens,,Yes,,2,,True,,polyAselection,,No,,No,,Yes,,hours,,RNAi,,NF2,,DMSO,,24,,,,,,,,,,,,,,,,,,,,,,,,,,,,,,,,,,,,,,,,,,,,,,,,,,,,,,,,,,,,,,,,,,,,,,,,,,,,,,,,,,,,,,,,,,,
HS01_8.1.fastq.gz,HS01_8.1.fastq.gz,raw,,geneExpression,,fastq,,HS01,,experimentalData,,HS01_8,,syn2343195,,+/+,,schwann,Schwann cell,pairedEnd,PairedEnd,3421893,,Neurofibromatosis type 2,,Synodos NF2,,Illumina HiSeq 2500,IlluminaHiSeq2500,Dasatinib,,knockdown,,HS01,HS01,RNA-seq,RNA-seq,Homo sapiens,,Yes,,1,,True,,polyAselection,,No,,No,,Yes,,hours,,RNAi,,NF2,,Dasatinib,,24,,,,,,,,,,,,,,,,,,,,,,,,,,,,,,,,,,,,,,,,,,,,,,,,,,,,,,,,,,,,,,,,,,,,,,,,,,,,,,,,,,,,,,,,,,,
HS01_8.2.fastq.gz,HS01_8.2.fastq.gz,raw,,geneExpression,,fastq,,HS01,,experimentalData,,HS01_8,,syn2343195,,+/+,,schwann,Schwann cell,pairedEnd,PairedEnd,3421893,,Neurofibromatosis type 2,,Synodos NF2,,Illumina HiSeq 2500,IlluminaHiSeq2500,Dasatinib,,knockdown,,HS01,HS01,RNA-seq,RNA-seq,Homo sapiens,,Yes,,2,,True,,polyAselection,,No,,No,,Yes,,hours,,RNAi,,NF2,,Dasatinib,,24,,,,,,,,,,,,,,,,,,,,,,,,,,,,,,,,,,,,,,,,,,,,,,,,,,,,,,,,,,,,,,,,,,,,,,,,,,,,,,,,,,,,,,,,,,,
HS01_9.1.fastq.gz,HS01_9.1.fastq.gz,raw,,geneExpression,,fastq,,HS01,,experimentalData,,HS01_9,,syn2343195,,+/+,,schwann,Schwann cell,pairedEnd,PairedEnd,3421893,,Neurofibromatosis type 2,,Synodos NF2,,Illumina HiSeq 2500,IlluminaHiSeq2500,Simvastatin,,knockdown,,HS01,HS01,RNA-seq,RNA-seq,Homo sapiens,,Yes,,1,,True,,polyAselection,,No,,No,,Yes,,hours,,RNAi,,NF2,,Simvastatin,,24,,,,,,,,,,,,,,,,,,,,,,,,,,,,,,,,,,,,,,,,,,,,,,,,,,,,,,,,,,,,,,,,,,,,,,,,,,,,,,,,,,,,,,,,,,,
HS01_9.2.fastq.gz,HS01_9.2.fastq.gz,raw,,geneExpression,,fastq,,HS01,,experimentalData,,HS01_9,,syn2343195,,+/+,,schwann,Schwann cell,pairedEnd,PairedEnd,3421893,,Neurofibromatosis type 2,,Synodos NF2,,Illumina HiSeq 2500,IlluminaHiSeq2500,Simvastatin,,control,,HS01,HS01,RNA-seq,RNA-seq,Homo sapiens,,Yes,,2,,True,,polyAselection,,No,,No,,Yes,,hours,,RNAi,,,,Simvastatin,,24,,,,,,,,,,,,,,,,,,,,,,,,,,,,,,,,,,,,,,,,,,,,,,,,,,,,,,,,,,,,,,,,,,,,,,,,,,,,,,,,,,,,,,,,,,,
HS11_1.1.fastq.gz,HS11_1.1.fastq.gz,raw,Raw,geneExpression,Genomicsequence,fastq,Gzip,HS11,HS11,experimentalData,Result,HS11_1,HS11,syn2343195,SynodosNF2,+/+,+/+,schwann,Fetal Schwann cell,pairedEnd,PairedEnd,3421893,,,Neurofibromatosistype1,Synodos NF2,Systems based drug discovery for NF2,Illumina HiSeq 2500,IlluminaHiSeq2500,DMSO,,control,,HS11,HS11,RNA-seq,RNA-seq,Homo sapiens,Musmusculus,Yes,Yes,1,1.0,True,No,polyAselection,,No,No,No,No,Yes,,hours,,RNAi,,,,DMSO,,24,,,,,,,,HS11_1.1,,,,,,,,,,,,,,,,,,,,,,,,,,,,,,,,,,,,FirstStranded,,Unknown,,Bulkcell,,,,,,HS11,,,,,,,,,,,,,,,,,,,,,,,,,,,,,,,,,,,,,
HS11_1.2.fastq.gz,HS11_1.2.fastq.gz,raw,Raw,geneExpression,Genomicsequence,fastq,Gzip,HS11,HS11,experimentalData,Result,HS11_1,HS11,syn2343195,SynodosNF2,+/+,+/+,schwann,Fetal Schwann cell,pairedEnd,PairedEnd,3421893,,,Neurofibromatosistype1,Synodos NF2,Systems based drug discovery for NF2,Illumina HiSeq 2500,IlluminaHiSeq2500,DMSO,,control,,HS11,HS11,RNA-seq,RNA-seq,Homo sapiens,Musmusculus,Yes,Yes,2,2.0,True,No,polyAselection,,No,No,No,No,Yes,,hours,,RNAi,,,,DMSO,,24,,,,,,,,HS11_1.2,,,,,,,,,,,,,,,,,,,,,,,,,,,,,,,,,,,,FirstStranded,,Unknown,,Bulkcell,,,,,,HS11,,,,,,,,,,,,,,,,,,,,,,,,,,,,,,,,,,,,,
HS11_10.1.fastq.gz,HS11_10.1.fastq.gz,raw,Raw,geneExpression,Genomicsequence,fastq,,HS11,,experimentalData,Result,HS11_10,,syn2343195,,+/+,,schwann,Fetal Schwann cell,pairedEnd,PairedEnd,3421893,,,,Synodos NF2,Systems based drug discovery for NF2,Illumina HiSeq 2500,IlluminaHiSeq2500,Brigatinib,,control,,HS11,HS11,RNA-seq,RNA-seq,Homo sapiens,,Yes,,1,,True,No,polyAselection,,No,,No,No,Yes,,hours,,RNAi,,,,Brigatinib,,24,,,,,,,,,,,,,,,,,,,,,,,,,,,,,,,,,,,,,,,,,,,,,,,,,,,,,,,,,,,,,,,,,,,,,,,,,,,,,,,,,,,,,,,,,,,
HS11_10.2.fastq.gz,HS11_10.2.fastq.gz,raw,Raw,geneExpression,Genomicsequence,fastq,,HS11,,experimentalData,Result,HS11_10,,syn2343195,,+/+,,schwann,Fetal Schwann cell,pairedEnd,PairedEnd,3421893,,,,Synodos NF2,Systems based drug discovery for NF2,Illumina HiSeq 2500,IlluminaHiSeq2500,Brigatinib,,control,,HS11,HS11,RNA-seq,RNA-seq,Homo sapiens,,Yes,,2,,True,No,polyAselection,,No,,No,No,Yes,,hours,,RNAi,,,,Brigatinib,,24,,,,,,,,,,,,,,,,,,,,,,,,,,,,,,,,,,,,,,,,,,,,,,,,,,,,,,,,,,,,,,,,,,,,,,,,,,,,,,,,,,,,,,,,,,,
HS11_11.1.fastq.gz,HS11_11.1.fastq.gz,raw,Raw,geneExpression,Genomicsequence,fastq,,HS11,,experimentalData,Result,HS11_11,,syn2343195,,+/+,,schwann,Fetal Schwann cell,pairedEnd,PairedEnd,3421893,,,,Synodos NF2,Systems based drug discovery for NF2,Illumina HiSeq 2500,IlluminaHiSeq2500,"Dasatinib,Simvastatin",,control,,HS11,HS11,RNA-seq,RNA-seq,Homo sapiens,,Yes,,1,,True,No,polyAselection,,No,,No,No,Yes,,hours,,RNAi,,,,"Dasatinib,Simvastatin",,24,,,,,,,,,,,,,,,,,,,,,,,,,,,,,,,,,,,,,,,,,,,,,,,,,,,,,,,,,,,,,,,,,,,,,,,,,,,,,,,,,,,,,,,,,,,
HS11_11.2.fastq.gz,HS11_11.2.fastq.gz,raw,Raw,geneExpression,Genomicsequence,fastq,,HS11,,experimentalData,Result,HS11_11,,syn2343195,,+/+,,schwann,Fetal Schwann cell,pairedEnd,PairedEnd,3421893,,,,Synodos NF2,Systems based drug discovery for NF2,Illumina HiSeq 2500,IlluminaHiSeq2500,"Dasatinib,Simvastatin",,control,,HS11,HS11,RNA-seq,RNA-seq,Homo sapiens,,Yes,,2,,True,No,polyAselection,,No,,No,No,Yes,,hours,,RNAi,,,,"Dasatinib,Simvastatin",,24,,,,,,,,,,,,,,,,,,,,,,,,,,,,,,,,,,,,,,,,,,,,,,,,,,,,,,,,,,,,,,,,,,,,,,,,,,,,,,,,,,,,,,,,,,,
HS11_12.1.fastq.gz,HS11_12.1.fastq.gz,raw,Raw,geneExpression,Genomicsequence,fastq,,HS11,,experimentalData,Result,HS11_12,,syn2343195,,+/+,,schwann,Fetal Schwann cell,pairedEnd,PairedEnd,3421893,,,,Synodos NF2,Systems based drug discovery for NF2,Illumina HiSeq 2500,IlluminaHiSeq2500,"Dasatinib,Brigatinib",,control,,HS11,HS11,RNA-seq,RNA-seq,Homo sapiens,,Yes,,1,,True,No,polyAselection,,No,,No,No,Yes,,hours,,RNAi,,,,"Dasatinib,Brigatinib",,24,,,,,,,,,,,,,,,,,,,,,,,,,,,,,,,,,,,,,,,,,,,,,,,,,,,,,,,,,,,,,,,,,,,,,,,,,,,,,,,,,,,,,,,,,,,
HS11_12.2.fastq.gz,HS11_12.2.fastq.gz,raw,Raw,geneExpression,Genomicsequence,fastq,,HS11,,experimentalData,Result,HS11_12,,syn2343195,,+/+,,schwann,Fetal Schwann cell,pairedEnd,PairedEnd,3421893,,,,Synodos NF2,Systems based drug discovery for NF2,Illumina HiSeq 2500,IlluminaHiSeq2500,"Dasatinib,Brigatinib",,control,,HS11,HS11,RNA-seq,RNA-seq,Homo sapiens,,Yes,,2,,True,No,polyAselection,,No,,No,No,Yes,,hours,,RNAi,,,,"Dasatinib,Brigatinib",,24,,,,,,,,,,,,,,,,,,,,,,,,,,,,,,,,,,,,,,,,,,,,,,,,,,,,,,,,,,,,,,,,,,,,,,,,,,,,,,,,,,,,,,,,,,,
HS11_13.1.fastq.gz,HS11_13.1.fastq.gz,raw,Raw,geneExpression,Genomicsequence,fastq,,HS11,,experimentalData,Result,HS11_13,,syn2343195,,+/+,,schwann,Fetal Schwann cell,pairedEnd,PairedEnd,3421893,,,,Synodos NF2,Systems based drug discovery for NF2,Illumina HiSeq 2500,IlluminaHiSeq2500,DMSO,,control,,HS11,HS11,RNA-seq,RNA-seq,Homo sapiens,,Yes,,1,,True,No,polyAselection,,No,,No,No,Yes,,hours,,RNAi,,,,DMSO,,24,,,,,,,,,,,,,,,,,,,,,,,,,,,,,,,,,,,,,,,,,,,,,,,,,,,,,,,,,,,,,,,,,,,,,,,,,,,,,,,,,,,,,,,,,,,
HS11_13.2.fastq.gz,HS11_13.2.fastq.gz,raw,Raw,geneExpression,Genomicsequence,fastq,,HS11,,experimentalData,Result,HS11_13,,syn2343195,,+/+,,schwann,Fetal Schwann cell,pairedEnd,PairedEnd,3421893,,,,Synodos NF2,Systems based drug discovery for NF2,Illumina HiSeq 2500,IlluminaHiSeq2500,DMSO,,control,,HS11,HS11,RNA-seq,RNA-seq,Homo sapiens,,Yes,,2,,True,No,polyAselection,,No,,No,No,Yes,,hours,,RNAi,,,,DMSO,,24,,,,,,,,,,,,,,,,,,,,,,,,,,,,,,,,,,,,,,,,,,,,,,,,,,,,,,,,,,,,,,,,,,,,,,,,,,,,,,,,,,,,,,,,,,,
HS11_14.1.fastq.gz,HS11_14.1.fastq.gz,raw,Raw,geneExpression,Genomicsequence,fastq,,HS11,,experimentalData,Result,HS11_14,,syn2343195,,+/+,,schwann,Fetal Schwann cell,pairedEnd,PairedEnd,3421893,,,,Synodos NF2,Systems based drug discovery for NF2,Illumina HiSeq 2500,IlluminaHiSeq2500,Dasatinib,,control,,HS11,HS11,RNA-seq,RNA-seq,Homo sapiens,,Yes,,1,,True,No,polyAselection,,No,,No,No,Yes,,hours,,RNAi,,,,Dasatinib,,24,,,,,,,,,,,,,,,,,,,,,,,,,,,,,,,,,,,,,,,,,,,,,,,,,,,,,,,,,,,,,,,,,,,,,,,,,,,,,,,,,,,,,,,,,,,
HS11_14.2.fastq.gz,HS11_14.2.fastq.gz,raw,Raw,geneExpression,Genomicsequence,fastq,,HS11,,experimentalData,Result,HS11_14,,syn2343195,,+/+,,schwann,Fetal Schwann cell,pairedEnd,PairedEnd,3421893,,,,Synodos NF2,Systems based drug discovery for NF2,Illumina HiSeq 2500,IlluminaHiSeq2500,Dasatinib,,control,,HS11,HS11,RNA-seq,RNA-seq,Homo sapiens,,Yes,,2,,True,No,polyAselection,,No,,No,No,Yes,,hours,,RNAi,,,,Dasatinib,,24,,,,,,,,,,,,,,,,,,,,,,,,,,,,,,,,,,,,,,,,,,,,,,,,,,,,,,,,,,,,,,,,,,,,,,,,,,,,,,,,,,,,,,,,,,,
HS11_15.1.fastq.gz,HS11_15.1.fastq.gz,raw,Raw,geneExpression,Genomicsequence,fastq,,HS11,,experimentalData,Result,HS11_15,,syn2343195,,+/+,,schwann,Fetal Schwann cell,pairedEnd,PairedEnd,3421893,,,,Synodos NF2,Systems based drug discovery for NF2,Illumina HiSeq 2500,IlluminaHiSeq2500,Simvastatin,,control,,HS11,HS11,RNA-seq,RNA-seq,Homo sapiens,,Yes,,1,,True,No,polyAselection,,No,,No,No,Yes,,hours,,RNAi,,,,Simvastatin,,24,,,,,,,,,,,,,,,,,,,,,,,,,,,,,,,,,,,,,,,,,,,,,,,,,,,,,,,,,,,,,,,,,,,,,,,,,,,,,,,,,,,,,,,,,,,
HS11_15.2.fastq.gz,HS11_15.2.fastq.gz,raw,Raw,geneExpression,Genomicsequence,fastq,,HS11,,experimentalData,Result,HS11_15,,syn2343195,,+/+,,schwann,Fetal Schwann cell,pairedEnd,PairedEnd,3421893,,,,Synodos NF2,Systems based drug discovery for NF2,Illumina HiSeq 2500,IlluminaHiSeq2500,Simvastatin,,control,,HS11,HS11,RNA-seq,RNA-seq,Homo sapiens,,Yes,,2,,True,No,polyAselection,,No,,No,No,Yes,,hours,,RNAi,,,,Simvastatin,,24,,,,,,,,,,,,,,,,,,,,,,,,,,,,,,,,,,,,,,,,,,,,,,,,,,,,,,,,,,,,,,,,,,,,,,,,,,,,,,,,,,,,,,,,,,,
HS11_16.1.fastq.gz,HS11_16.1.fastq.gz,raw,Raw,geneExpression,Genomicsequence,fastq,,HS11,,experimentalData,Result,HS11_16,,syn2343195,,+/+,,schwann,Fetal Schwann cell,pairedEnd,PairedEnd,3421893,,,,Synodos NF2,Systems based drug discovery for NF2,Illumina HiSeq 2500,IlluminaHiSeq2500,Brigatinib,,control,,HS11,HS11,RNA-seq,RNA-seq,Homo sapiens,,Yes,,1,,True,No,polyAselection,,No,,No,No,Yes,,hours,,RNAi,,,,Brigatinib,,24,,,,,,,,,,,,,,,,,,,,,,,,,,,,,,,,,,,,,,,,,,,,,,,,,,,,,,,,,,,,,,,,,,,,,,,,,,,,,,,,,,,,,,,,,,,
HS11_16.2.fastq.gz,HS11_16.2.fastq.gz,raw,Raw,geneExpression,Genomicsequence,fastq,,HS11,,experimentalData,Result,HS11_16,,syn2343195,,+/+,,schwann,Fetal Schwann cell,pairedEnd,PairedEnd,3421893,,,,Synodos NF2,Systems based drug discovery for NF2,Illumina HiSeq 2500,IlluminaHiSeq2500,Brigatinib,,control,,HS11,HS11,RNA-seq,RNA-seq,Homo sapiens,,Yes,,2,,True,No,polyAselection,,No,,No,No,Yes,,hours,,RNAi,,,,Brigatinib,,24,,,,,,,,,,,,,,,,,,,,,,,,,,,,,,,,,,,,,,,,,,,,,,,,,,,,,,,,,,,,,,,,,,,,,,,,,,,,,,,,,,,,,,,,,,,
HS11_17.1.fastq.gz,HS11_17.1.fastq.gz,raw,Raw,geneExpression,Genomicsequence,fastq,,HS11,,experimentalData,Result,HS11_17,,syn2343195,,+/+,,schwann,Fetal Schwann cell,pairedEnd,PairedEnd,3421893,,,,Synodos NF2,Systems based drug discovery for NF2,Illumina HiSeq 2500,IlluminaHiSeq2500,"Dasatinib,Simvastatin",,control,,HS11,HS11,RNA-seq,RNA-seq,Homo sapiens,,Yes,,1,,True,No,polyAselection,,No,,No,No,Yes,,hours,,RNAi,,,,"Dasatinib,Simvastatin",,24,,,,,,,,,,,,,,,,,,,,,,,,,,,,,,,,,,,,,,,,,,,,,,,,,,,,,,,,,,,,,,,,,,,,,,,,,,,,,,,,,,,,,,,,,,,
HS11_17.2.fastq.gz,HS11_17.2.fastq.gz,raw,Raw,geneExpression,Genomicsequence,fastq,,HS11,,experimentalData,Result,HS11_17,,syn2343195,,+/+,,schwann,Fetal Schwann cell,pairedEnd,PairedEnd,3421893,,,,Synodos NF2,Systems based drug discovery for NF2,Illumina HiSeq 2500,IlluminaHiSeq2500,"Dasatinib,Simvastatin",,control,,HS11,HS11,RNA-seq,RNA-seq,Homo sapiens,,Yes,,2,,True,No,polyAselection,,No,,No,No,Yes,,hours,,RNAi,,,,"Dasatinib,Simvastatin",,24,,,,,,,,,,,,,,,,,,,,,,,,,,,,,,,,,,,,,,,,,,,,,,,,,,,,,,,,,,,,,,,,,,,,,,,,,,,,,,,,,,,,,,,,,,,
HS11_18.1.fastq.gz,HS11_18.1.fastq.gz,raw,Raw,geneExpression,Genomicsequence,fastq,,HS11,,experimentalData,Result,HS11_18,,syn2343195,,+/+,,schwann,Fetal Schwann cell,pairedEnd,PairedEnd,3421893,,,,Synodos NF2,Systems based drug discovery for NF2,Illumina HiSeq 2500,IlluminaHiSeq2500,"Dasatinib,Brigatinib",,control,,HS11,HS11,RNA-seq,RNA-seq,Homo sapiens,,Yes,,1,,True,No,polyAselection,,No,,No,No,Yes,,hours,,RNAi,,,,"Dasatinib,Brigatinib",,24,,,,,,,,,,,,,,,,,,,,,,,,,,,,,,,,,,,,,,,,,,,,,,,,,,,,,,,,,,,,,,,,,,,,,,,,,,,,,,,,,,,,,,,,,,,
HS11_18.2.fastq.gz,HS11_18.2.fastq.gz,raw,Raw,geneExpression,Genomicsequence,fastq,,HS11,,experimentalData,Result,HS11_18,,syn2343195,,+/+,,schwann,Fetal Schwann cell,pairedEnd,PairedEnd,3421893,,,,Synodos NF2,Systems based drug discovery for NF2,Illumina HiSeq 2500,IlluminaHiSeq2500,"Dasatinib,Brigatinib",,control,,HS11,HS11,RNA-seq,RNA-seq,Homo sapiens,,Yes,,2,,True,No,polyAselection,,No,,No,No,Yes,,hours,,RNAi,,,,"Dasatinib,Brigatinib",,24,,,,,,,,,,,,,,,,,,,,,,,,,,,,,,,,,,,,,,,,,,,,,,,,,,,,,,,,,,,,,,,,,,,,,,,,,,,,,,,,,,,,,,,,,,,
HS11_2.1.fastq.gz,HS11_2.1.fastq.gz,raw,,geneExpression,,fastq,,HS11,,experimentalData,,HS11_2,,syn2343195,,+/+,,schwann,Fetal Schwann cell,pairedEnd,PairedEnd,3421893,,,,Synodos NF2,,Illumina HiSeq 2500,IlluminaHiSeq2500,Dasatinib,,control,,HS11,HS11,RNA-seq,RNA-seq,Homo sapiens,,Yes,,1,,True,,polyAselection,,No,,No,,Yes,,hours,,RNAi,,,,Dasatinib,,24,,,,,,,,,,,,,,,,,,,,,,,,,,,,,,,,,,,,,,,,,,,,,,,,,,,,,,,,,,,,,,,,,,,,,,,,,,,,,,,,,,,,,,,,,,,
HS11_2.2.fastq.gz,HS11_2.2.fastq.gz,raw,,geneExpression,,fastq,,HS11,,experimentalData,,HS11_2,,syn2343195,,+/+,,schwann,Fetal Schwann cell,pairedEnd,PairedEnd,3421893,,,,Synodos NF2,,Illumina HiSeq 2500,IlluminaHiSeq2500,Dasatinib,,control,,HS11,HS11,RNA-seq,RNA-seq,Homo sapiens,,Yes,,2,,True,,polyAselection,,No,,No,,Yes,,hours,,RNAi,,,,Dasatinib,,24,,,,,,,,,,,,,,,,,,,,,,,,,,,,,,,,,,,,,,,,,,,,,,,,,,,,,,,,,,,,,,,,,,,,,,,,,,,,,,,,,,,,,,,,,,,
HS11_3.1.fastq.gz,HS11_3.1.fastq.gz,raw,,geneExpression,,fastq,,HS11,,experimentalData,,HS11_3,,syn2343195,,+/+,,schwann,Fetal Schwann cell,pairedEnd,PairedEnd,3421893,,,,Synodos NF2,,Illumina HiSeq 2500,IlluminaHiSeq2500,Simvastatin,,control,,HS11,HS11,RNA-seq,RNA-seq,Homo sapiens,,Yes,,1,,True,,polyAselection,,No,,No,,Yes,,hours,,RNAi,,,,Simvastatin,,24,,,,,,,,,,,,,,,,,,,,,,,,,,,,,,,,,,,,,,,,,,,,,,,,,,,,,,,,,,,,,,,,,,,,,,,,,,,,,,,,,,,,,,,,,,,
HS11_3.2.fastq.gz,HS11_3.2.fastq.gz,raw,,geneExpression,,fastq,,HS11,,experimentalData,,HS11_3,,syn2343195,,+/+,,schwann,Fetal Schwann cell,pairedEnd,PairedEnd,3421893,,,,Synodos NF2,,Illumina HiSeq 2500,IlluminaHiSeq2500,Simvastatin,,control,,HS11,HS11,RNA-seq,RNA-seq,Homo sapiens,,Yes,,2,,True,,polyAselection,,No,,No,,Yes,,hours,,RNAi,,,,Simvastatin,,24,,,,,,,,,,,,,,,,,,,,,,,,,,,,,,,,,,,,,,,,,,,,,,,,,,,,,,,,,,,,,,,,,,,,,,,,,,,,,,,,,,,,,,,,,,,
HS11_4.1.fastq.gz,HS11_4.1.fastq.gz,raw,,geneExpression,,fastq,,HS11,,experimentalData,,HS11_4,,syn2343195,,+/+,,schwann,Fetal Schwann cell,pairedEnd,PairedEnd,3421893,,,,Synodos NF2,,Illumina HiSeq 2500,IlluminaHiSeq2500,Brigatinib,,control,,HS11,HS11,RNA-seq,RNA-seq,Homo sapiens,,Yes,,1,,True,,polyAselection,,No,,No,,Yes,,hours,,RNAi,,,,Brigatinib,,24,,,,,,,,,,,,,,,,,,,,,,,,,,,,,,,,,,,,,,,,,,,,,,,,,,,,,,,,,,,,,,,,,,,,,,,,,,,,,,,,,,,,,,,,,,,
HS11_4.2.fastq.gz,HS11_4.2.fastq.gz,raw,,geneExpression,,fastq,,HS11,,experimentalData,,HS11_4,,syn2343195,,+/+,,schwann,Fetal Schwann cell,pairedEnd,PairedEnd,3421893,,,,Synodos NF2,,Illumina HiSeq 2500,IlluminaHiSeq2500,Brigatinib,,control,,HS11,HS11,RNA-seq,RNA-seq,Homo sapiens,,Yes,,2,,True,,polyAselection,,No,,No,,Yes,,hours,,RNAi,,,,Brigatinib,,24,,,,,,,,,,,,,,,,,,,,,,,,,,,,,,,,,,,,,,,,,,,,,,,,,,,,,,,,,,,,,,,,,,,,,,,,,,,,,,,,,,,,,,,,,,,
HS11_5.1.fastq.gz,HS11_5.1.fastq.gz,raw,,geneExpression,,fastq,,HS11,,experimentalData,,HS11_5,,syn2343195,,+/+,,schwann,Fetal Schwann cell,pairedEnd,PairedEnd,3421893,,,,Synodos NF2,,Illumina HiSeq 2500,IlluminaHiSeq2500,"Dasatinib,Simvastatin",,control,,HS11,HS11,RNA-seq,RNA-seq,Homo sapiens,,Yes,,1,,True,,polyAselection,,No,,No,,Yes,,hours,,RNAi,,,,"Dasatinib,Simvastatin",,24,,,,,,,,,,,,,,,,,,,,,,,,,,,,,,,,,,,,,,,,,,,,,,,,,,,,,,,,,,,,,,,,,,,,,,,,,,,,,,,,,,,,,,,,,,,
HS11_5.2.fastq.gz,HS11_5.2.fastq.gz,raw,,geneExpression,,fastq,,HS11,,experimentalData,,HS11_5,,syn2343195,,+/+,,schwann,Fetal Schwann cell,pairedEnd,PairedEnd,3421893,,,,Synodos NF2,,Illumina HiSeq 2500,IlluminaHiSeq2500,"Dasatinib,Simvastatin",,control,,HS11,HS11,RNA-seq,RNA-seq,Homo sapiens,,Yes,,2,,True,,polyAselection,,No,,No,,Yes,,hours,,RNAi,,,,"Dasatinib,Simvastatin",,24,,,,,,,,,,,,,,,,,,,,,,,,,,,,,,,,,,,,,,,,,,,,,,,,,,,,,,,,,,,,,,,,,,,,,,,,,,,,,,,,,,,,,,,,,,,
HS11_6.1.fastq.gz,HS11_6.1.fastq.gz,raw,,geneExpression,,fastq,,HS11,,experimentalData,,HS11_6,,syn2343195,,+/+,,schwann,Fetal Schwann cell,pairedEnd,PairedEnd,3421893,,,,Synodos NF2,,Illumina HiSeq 2500,IlluminaHiSeq2500,"Dasatinib,Brigatinib",,control,,HS11,HS11,RNA-seq,RNA-seq,Homo sapiens,,Yes,,1,,True,,polyAselection,,No,,No,,Yes,,hours,,RNAi,,,,"Dasatinib,Brigatinib",,24,,,,,,,,,,,,,,,,,,,,,,,,,,,,,,,,,,,,,,,,,,,,,,,,,,,,,,,,,,,,,,,,,,,,,,,,,,,,,,,,,,,,,,,,,,,
HS11_6.2.fastq.gz,HS11_6.2.fastq.gz,raw,,geneExpression,,fastq,,HS11,,experimentalData,,HS11_6,,syn2343195,,+/+,,schwann,Fetal Schwann cell,pairedEnd,PairedEnd,3421893,,,,Synodos NF2,,Illumina HiSeq 2500,IlluminaHiSeq2500,"Dasatinib,Brigatinib",,control,,HS11,HS11,RNA-seq,RNA-seq,Homo sapiens,,Yes,,2,,True,,polyAselection,,No,,No,,Yes,,hours,,RNAi,,,,"Dasatinib,Brigatinib",,24,,,,,,,,,,,,,,,,,,,,,,,,,,,,,,,,,,,,,,,,,,,,,,,,,,,,,,,,,,,,,,,,,,,,,,,,,,,,,,,,,,,,,,,,,,,
HS11_7.1.fastq.gz,HS11_7.1.fastq.gz,raw,,geneExpression,,fastq,,HS11,,experimentalData,,HS11_7,,syn2343195,,+/+,,schwann,Fetal Schwann cell,pairedEnd,PairedEnd,3421893,,,,Synodos NF2,,Illumina HiSeq 2500,IlluminaHiSeq2500,DMSO,,control,,HS11,HS11,RNA-seq,RNA-seq,Homo sapiens,,Yes,,1,,True,,polyAselection,,No,,No,,Yes,,hours,,RNAi,,,,DMSO,,24,,,,,,,,,,,,,,,,,,,,,,,,,,,,,,,,,,,,,,,,,,,,,,,,,,,,,,,,,,,,,,,,,,,,,,,,,,,,,,,,,,,,,,,,,,,
HS11_7.2.fastq.gz,HS11_7.2.fastq.gz,raw,,geneExpression,,fastq,,HS11,,experimentalData,,HS11_7,,syn2343195,,+/+,,schwann,Fetal Schwann cell,pairedEnd,PairedEnd,3421893,,,,Synodos NF2,,Illumina HiSeq 2500,IlluminaHiSeq2500,DMSO,,control,,HS11,HS11,RNA-seq,RNA-seq,Homo sapiens,,Yes,,2,,True,,polyAselection,,No,,No,,Yes,,hours,,RNAi,,,,DMSO,,24,,,,,,,,,,,,,,,,,,,,,,,,,,,,,,,,,,,,,,,,,,,,,,,,,,,,,,,,,,,,,,,,,,,,,,,,,,,,,,,,,,,,,,,,,,,
HS11_8.1.fastq.gz,HS11_8.1.fastq.gz,raw,,geneExpression,,fastq,,HS11,,experimentalData,,HS11_8,,syn2343195,,+/+,,schwann,Fetal Schwann cell,pairedEnd,PairedEnd,3421893,,,,Synodos NF2,,Illumina HiSeq 2500,IlluminaHiSeq2500,Dasatinib,,control,,HS11,HS11,RNA-seq,RNA-seq,Homo sapiens,,Yes,,1,,True,,polyAselection,,No,,No,,Yes,,hours,,RNAi,,,,Dasatinib,,24,,,,,,,,,,,,,,,,,,,,,,,,,,,,,,,,,,,,,,,,,,,,,,,,,,,,,,,,,,,,,,,,,,,,,,,,,,,,,,,,,,,,,,,,,,,
HS11_8.2.fastq.gz,HS11_8.2.fastq.gz,raw,,geneExpression,,fastq,,HS11,,experimentalData,,HS11_8,,syn2343195,,+/+,,schwann,Fetal Schwann cell,pairedEnd,PairedEnd,3421893,,,,Synodos NF2,,Illumina HiSeq 2500,IlluminaHiSeq2500,Dasatinib,,control,,HS11,HS11,RNA-seq,RNA-seq,Homo sapiens,,Yes,,2,,True,,polyAselection,,No,,No,,Yes,,hours,,RNAi,,,,Dasatinib,,24,,,,,,,,,,,,,,,,,,,,,,,,,,,,,,,,,,,,,,,,,,,,,,,,,,,,,,,,,,,,,,,,,,,,,,,,,,,,,,,,,,,,,,,,,,,
HS11_9.1.fastq.gz,HS11_9.1.fastq.gz,raw,,geneExpression,,fastq,,HS11,,experimentalData,,HS11_9,,syn2343195,,+/+,,schwann,Fetal Schwann cell,pairedEnd,PairedEnd,3421893,,,,Synodos NF2,,Illumina HiSeq 2500,IlluminaHiSeq2500,Simvastatin,,control,,HS11,HS11,RNA-seq,RNA-seq,Homo sapiens,,Yes,,1,,True,,polyAselection,,No,,No,,Yes,,hours,,RNAi,,,,Simvastatin,,24,,,,,,,,,,,,,,,,,,,,,,,,,,,,,,,,,,,,,,,,,,,,,,,,,,,,,,,,,,,,,,,,,,,,,,,,,,,,,,,,,,,,,,,,,,,
HS11_9.2.fastq.gz,HS11_9.2.fastq.gz,raw,,geneExpression,,fastq,,HS11,,experimentalData,,HS11_9,,syn2343195,,+/+,,schwann,Fetal Schwann cell,pairedEnd,PairedEnd,3421893,,,,Synodos NF2,,Illumina HiSeq 2500,IlluminaHiSeq2500,Simvastatin,,control,,HS11,HS11,RNA-seq,RNA-seq,Homo sapiens,,Yes,,2,,True,,polyAselection,,No,,No,,Yes,,hours,,RNAi,,,,Simvastatin,,24,,,,,,,,,,,,,,,,,,,,,,,,,,,,,,,,,,,,,,,,,,,,,,,,,,,,,,,,,,,,,,,,,,,,,,,,,,,,,,,,,,,,,,,,,,,
MS02_1.1.fastq.gz,MS02_1.1.fastq.gz,raw,Raw,geneExpression,Genomicsequence,fastq,Gzip,MS02,MS02,experimentalData,Result,MS02_1,MS02,syn2343195,SynodosNF2,-/-,-/-,schwann,Schwannoma cell,pairedEnd,PairedEnd,3421893,,Neurofibromatosis type 2,Neurofibromatosistype1,Synodos NF2,Systems based drug discovery for NF2,Illumina HiSeq 2500,IlluminaHiSeq2500,DMSO,,knockout,,MS02,MS02,RNA-seq,RNA-seq,Mus musculus,Musmusculus,Yes,Yes,1,1.0,,No,polyAselection,,No,No,No,No,Yes,,hours,,CRE Recombinase,,NF2,Nf2,DMSO,,24,,,,,,,,MS02_1.1,,,,,,,,,,,,,,,,,,,,,,,,,,,,,,,,,,,,FirstStranded,,Unknown,,Bulkcell,,Schwannoma,,,,MS02,,,,,,,,,,,,,,,,,,,,,,,,,,,,,,,,,,,,,
MS02_1.2.fastq.gz,MS02_1.2.fastq.gz,raw,Raw,geneExpression,Genomicsequence,fastq,Gzip,MS02,MS02,experimentalData,Result,MS02_1,MS02,syn2343195,SynodosNF2,-/-,-/-,schwann,Schwannoma cell,pairedEnd,PairedEnd,3421893,,Neurofibromatosis type 2,Neurofibromatosistype1,Synodos NF2,Systems based drug discovery for NF2,Illumina HiSeq 2500,IlluminaHiSeq2500,DMSO,,knockout,,MS02,MS02,RNA-seq,RNA-seq,Mus musculus,Musmusculus,Yes,Yes,2,2.0,,No,polyAselection,,No,No,No,No,Yes,,hours,,CRE Recombinase,,NF2,Nf2,DMSO,,24,,,,,,,,MS02_1.2,,,,,,,,,,,,,,,,,,,,,,,,,,,,,,,,,,,,FirstStranded,,Unknown,,Bulkcell,,Schwannoma,,,,MS02,,,,,,,,,,,,,,,,,,,,,,,,,,,,,,,,,,,,,
MS02_10.1.fastq.gz,MS02_10.1.fastq.gz,raw,Raw,geneExpression,Genomicsequence,fastq,,MS02,,experimentalData,Result,MS02_10,,syn2343195,,-/-,,schwann,Schwannoma cell,pairedEnd,PairedEnd,3421893,,Neurofibromatosis type 2,,Synodos NF2,Systems based drug discovery for NF2,Illumina HiSeq 2500,IlluminaHiSeq2500,Brigatinib,,knockout,,MS02,MS02,RNA-seq,RNA-seq,Mus musculus,,Yes,,1,,,No,polyAselection,,No,,No,No,Yes,,hours,,CRE Recombinase,,NF2,Nf2,Brigatinib,,24,,,,,,,,,,,,,,,,,,,,,,,,,,,,,,,,,,,,,,,,,,,,,,,,,,Schwannoma,,,,,,,,,,,,,,,,,,,,,,,,,,,,,,,,,,,,,,,,,
MS02_10.2.fastq.gz,MS02_10.2.fastq.gz,raw,Raw,geneExpression,Genomicsequence,fastq,,MS02,,experimentalData,Result,MS02_10,,syn2343195,,-/-,,schwann,Schwannoma cell,pairedEnd,PairedEnd,3421893,,Neurofibromatosis type 2,,Synodos NF2,Systems based drug discovery for NF2,Illumina HiSeq 2500,IlluminaHiSeq2500,Brigatinib,,knockout,,MS02,MS02,RNA-seq,RNA-seq,Mus musculus,,Yes,,2,,,No,polyAselection,,No,,No,No,Yes,,hours,,CRE Recombinase,,NF2,Nf2,Brigatinib,,24,,,,,,,,,,,,,,,,,,,,,,,,,,,,,,,,,,,,,,,,,,,,,,,,,,Schwannoma,,,,,,,,,,,,,,,,,,,,,,,,,,,,,,,,,,,,,,,,,
MS02_11.1.fastq.gz,MS02_11.1.fastq.gz,raw,Raw,geneExpression,Genomicsequence,fastq,,MS02,,experimentalData,Result,MS02_11,,syn2343195,,-/-,,schwann,Schwannoma cell,pairedEnd,PairedEnd,3421893,,Neurofibromatosis type 2,,Synodos NF2,Systems based drug discovery for NF2,Illumina HiSeq 2500,IlluminaHiSeq2500,"Dasatinib,Simvastatin",,knockout,,MS02,MS02,RNA-seq,RNA-seq,Mus musculus,,Yes,,1,,,No,polyAselection,,No,,No,No,Yes,,hours,,CRE Recombinase,,NF2,Nf2,"Dasatinib,Simvastatin",,24,,,,,,,,,,,,,,,,,,,,,,,,,,,,,,,,,,,,,,,,,,,,,,,,,,Schwannoma,,,,,,,,,,,,,,,,,,,,,,,,,,,,,,,,,,,,,,,,,
MS02_11.2.fastq.gz,MS02_11.2.fastq.gz,raw,Raw,geneExpression,Genomicsequence,fastq,,MS02,,experimentalData,Result,MS02_11,,syn2343195,,-/-,,schwann,Schwannoma cell,pairedEnd,PairedEnd,3421893,,Neurofibromatosis type 2,,Synodos NF2,Systems based drug discovery for NF2,Illumina HiSeq 2500,IlluminaHiSeq2500,"Dasatinib,Simvastatin",,knockout,,MS02,MS02,RNA-seq,RNA-seq,Mus musculus,,Yes,,2,,,No,polyAselection,,No,,No,No,Yes,,hours,,CRE Recombinase,,NF2,Nf2,"Dasatinib,Simvastatin",,24,,,,,,,,,,,,,,,,,,,,,,,,,,,,,,,,,,,,,,,,,,,,,,,,,,Schwannoma,,,,,,,,,,,,,,,,,,,,,,,,,,,,,,,,,,,,,,,,,
MS02_12.1.fastq.gz,MS02_12.1.fastq.gz,raw,Raw,geneExpression,Genomicsequence,fastq,,MS02,,experimentalData,Result,MS02_12,,syn2343195,,-/-,,schwann,Schwannoma cell,pairedEnd,PairedEnd,3421893,,Neurofibromatosis type 2,,Synodos NF2,Systems based drug discovery for NF2,Illumina HiSeq 2500,IlluminaHiSeq2500,"Dasatinib,Brigatinib",,knockout,,MS02,MS02,RNA-seq,RNA-seq,Mus musculus,,Yes,,1,,,No,polyAselection,,No,,No,No,Yes,,hours,,CRE Recombinase,,NF2,Nf2,"Dasatinib,Brigatinib",,24,,,,,,,,,,,,,,,,,,,,,,,,,,,,,,,,,,,,,,,,,,,,,,,,,,Schwannoma,,,,,,,,,,,,,,,,,,,,,,,,,,,,,,,,,,,,,,,,,
MS02_12.2.fastq.gz,MS02_12.2.fastq.gz,raw,Raw,geneExpression,Genomicsequence,fastq,,MS02,,experimentalData,Result,MS02_12,,syn2343195,,-/-,,schwann,Schwannoma cell,pairedEnd,PairedEnd,3421893,,Neurofibromatosis type 2,,Synodos NF2,Systems based drug discovery for NF2,Illumina HiSeq 2500,IlluminaHiSeq2500,"Dasatinib,Brigatinib",,knockout,,MS02,MS02,RNA-seq,RNA-seq,Mus musculus,,Yes,,2,,,No,polyAselection,,No,,No,No,Yes,,hours,,CRE Recombinase,,NF2,Nf2,"Dasatinib,Brigatinib",,24,,,,,,,,,,,,,,,,,,,,,,,,,,,,,,,,,,,,,,,,,,,,,,,,,,Schwannoma,,,,,,,,,,,,,,,,,,,,,,,,,,,,,,,,,,,,,,,,,
MS02_13.1.fastq.gz,MS02_13.1.fastq.gz,raw,Raw,geneExpression,Genomicsequence,fastq,,MS02,,experimentalData,Result,MS02_13,,syn2343195,,-/-,,schwann,Schwannoma cell,pairedEnd,PairedEnd,3421893,,Neurofibromatosis type 2,,Synodos NF2,Systems based drug discovery for NF2,Illumina HiSeq 2500,IlluminaHiSeq2500,DMSO,,knockout,,MS02,MS02,RNA-seq,RNA-seq,Mus musculus,,Yes,,1,,,No,polyAselection,,No,,No,No,Yes,,hours,,CRE Recombinase,,NF2,Nf2,DMSO,,24,,,,,,,,,,,,,,,,,,,,,,,,,,,,,,,,,,,,,,,,,,,,,,,,,,Schwannoma,,,,,,,,,,,,,,,,,,,,,,,,,,,,,,,,,,,,,,,,,
MS02_13.2.fastq.gz,MS02_13.2.fastq.gz,raw,Raw,geneExpression,Genomicsequence,fastq,,MS02,,experimentalData,Result,MS02_13,,syn2343195,,-/-,,schwann,Schwannoma cell,pairedEnd,PairedEnd,3421893,,Neurofibromatosis type 2,,Synodos NF2,Systems based drug discovery for NF2,Illumina HiSeq 2500,IlluminaHiSeq2500,DMSO,,knockout,,MS02,MS02,RNA-seq,RNA-seq,Mus musculus,,Yes,,2,,,No,polyAselection,,No,,No,No,Yes,,hours,,CRE Recombinase,,NF2,Nf2,DMSO,,24,,,,,,,,,,,,,,,,,,,,,,,,,,,,,,,,,,,,,,,,,,,,,,,,,,Schwannoma,,,,,,,,,,,,,,,,,,,,,,,,,,,,,,,,,,,,,,,,,
MS02_14.1.fastq.gz,MS02_14.1.fastq.gz,raw,Raw,geneExpression,Genomicsequence,fastq,,MS02,,experimentalData,Result,MS02_14,,syn2343195,,-/-,,schwann,Schwannoma cell,pairedEnd,PairedEnd,3421893,,Neurofibromatosis type 2,,Synodos NF2,Systems based drug discovery for NF2,Illumina HiSeq 2500,IlluminaHiSeq2500,Dasatinib,,knockout,,MS02,MS02,RNA-seq,RNA-seq,Mus musculus,,Yes,,1,,,No,polyAselection,,No,,No,No,Yes,,hours,,CRE Recombinase,,NF2,Nf2,Dasatinib,,24,,,,,,,,,,,,,,,,,,,,,,,,,,,,,,,,,,,,,,,,,,,,,,,,,,Schwannoma,,,,,,,,,,,,,,,,,,,,,,,,,,,,,,,,,,,,,,,,,
MS02_14.2.fastq.gz,MS02_14.2.fastq.gz,raw,Raw,geneExpression,Genomicsequence,fastq,,MS02,,experimentalData,Result,MS02_14,,syn2343195,,-/-,,schwann,Schwannoma cell,pairedEnd,PairedEnd,3421893,,Neurofibromatosis type 2,,Synodos NF2,Systems based drug discovery for NF2,Illumina HiSeq 2500,IlluminaHiSeq2500,Dasatinib,,knockout,,MS02,MS02,RNA-seq,RNA-seq,Mus musculus,,Yes,,2,,,No,polyAselection,,No,,No,No,Yes,,hours,,CRE Recombinase,,NF2,Nf2,Dasatinib,,24,,,,,,,,,,,,,,,,,,,,,,,,,,,,,,,,,,,,,,,,,,,,,,,,,,Schwannoma,,,,,,,,,,,,,,,,,,,,,,,,,,,,,,,,,,,,,,,,,
MS02_15.1.fastq.gz,MS02_15.1.fastq.gz,raw,Raw,geneExpression,Genomicsequence,fastq,,MS02,,experimentalData,Result,MS02_15,,syn2343195,,-/-,,schwann,Schwannoma cell,pairedEnd,PairedEnd,3421893,,Neurofibromatosis type 2,,Synodos NF2,Systems based drug discovery for NF2,Illumina HiSeq 2500,IlluminaHiSeq2500,Simvastatin,,knockout,,MS02,MS02,RNA-seq,RNA-seq,Mus musculus,,Yes,,1,,,No,polyAselection,,No,,No,No,Yes,,hours,,CRE Recombinase,,NF2,Nf2,Simvastatin,,24,,,,,,,,,,,,,,,,,,,,,,,,,,,,,,,,,,,,,,,,,,,,,,,,,,Schwannoma,,,,,,,,,,,,,,,,,,,,,,,,,,,,,,,,,,,,,,,,,
MS02_15.2.fastq.gz,MS02_15.2.fastq.gz,raw,Raw,geneExpression,Genomicsequence,fastq,,MS02,,experimentalData,Result,MS02_15,,syn2343195,,-/-,,schwann,Schwannoma cell,pairedEnd,PairedEnd,3421893,,Neurofibromatosis type 2,,Synodos NF2,Systems based drug discovery for NF2,Illumina HiSeq 2500,IlluminaHiSeq2500,Simvastatin,,knockout,,MS02,MS02,RNA-seq,RNA-seq,Mus musculus,,Yes,,2,,,No,polyAselection,,No,,No,No,Yes,,hours,,CRE Recombinase,,NF2,Nf2,Simvastatin,,24,,,,,,,,,,,,,,,,,,,,,,,,,,,,,,,,,,,,,,,,,,,,,,,,,,Schwannoma,,,,,,,,,,,,,,,,,,,,,,,,,,,,,,,,,,,,,,,,,
MS02_16.1.fastq.gz,MS02_16.1.fastq.gz,raw,Raw,geneExpression,Genomicsequence,fastq,,MS02,,experimentalData,Result,MS02_16,,syn2343195,,-/-,,schwann,Schwannoma cell,pairedEnd,PairedEnd,3421893,,Neurofibromatosis type 2,,Synodos NF2,Systems based drug discovery for NF2,Illumina HiSeq 2500,IlluminaHiSeq2500,Brigatinib,,knockout,,MS02,MS02,RNA-seq,RNA-seq,Mus musculus,,Yes,,1,,,No,polyAselection,,No,,No,No,Yes,,hours,,CRE Recombinase,,NF2,Nf2,Brigatinib,,24,,,,,,,,,,,,,,,,,,,,,,,,,,,,,,,,,,,,,,,,,,,,,,,,,,Schwannoma,,,,,,,,,,,,,,,,,,,,,,,,,,,,,,,,,,,,,,,,,
MS02_16.2.fastq.gz,MS02_16.2.fastq.gz,raw,Raw,geneExpression,Genomicsequence,fastq,,MS02,,experimentalData,Result,MS02_16,,syn2343195,,-/-,,schwann,Schwannoma cell,pairedEnd,PairedEnd,3421893,,Neurofibromatosis type 2,,Synodos NF2,Systems based drug discovery for NF2,Illumina HiSeq 2500,IlluminaHiSeq2500,Brigatinib,,knockout,,MS02,MS02,RNA-seq,RNA-seq,Mus musculus,,Yes,,2,,,No,polyAselection,,No,,No,No,Yes,,hours,,CRE Recombinase,,NF2,Nf2,Brigatinib,,24,,,,,,,,,,,,,,,,,,,,,,,,,,,,,,,,,,,,,,,,,,,,,,,,,,Schwannoma,,,,,,,,,,,,,,,,,,,,,,,,,,,,,,,,,,,,,,,,,
MS02_17.1.fastq.gz,MS02_17.1.fastq.gz,raw,Raw,geneExpression,Genomicsequence,fastq,,MS02,,experimentalData,Result,MS02_17,,syn2343195,,-/-,,schwann,Schwannoma cell,pairedEnd,PairedEnd,3421893,,Neurofibromatosis type 2,,Synodos NF2,Systems based drug discovery for NF2,Illumina HiSeq 2500,IlluminaHiSeq2500,"Dasatinib,Simvastatin",,knockout,,MS02,MS02,RNA-seq,RNA-seq,Mus musculus,,Yes,,1,,,No,polyAselection,,No,,No,No,Yes,,hours,,CRE Recombinase,,NF2,Nf2,"Dasatinib,Simvastatin",,24,,,,,,,,,,,,,,,,,,,,,,,,,,,,,,,,,,,,,,,,,,,,,,,,,,Schwannoma,,,,,,,,,,,,,,,,,,,,,,,,,,,,,,,,,,,,,,,,,
MS02_17.2.fastq.gz,MS02_17.2.fastq.gz,raw,Raw,geneExpression,Genomicsequence,fastq,,MS02,,experimentalData,Result,MS02_17,,syn2343195,,-/-,,schwann,Schwannoma cell,pairedEnd,PairedEnd,3421893,,Neurofibromatosis type 2,,Synodos NF2,Systems based drug discovery for NF2,Illumina HiSeq 2500,IlluminaHiSeq2500,"Dasatinib,Simvastatin",,knockout,,MS02,MS02,RNA-seq,RNA-seq,Mus musculus,,Yes,,2,,,No,polyAselection,,No,,No,No,Yes,,hours,,CRE Recombinase,,NF2,Nf2,"Dasatinib,Simvastatin",,24,,,,,,,,,,,,,,,,,,,,,,,,,,,,,,,,,,,,,,,,,,,,,,,,,,Schwannoma,,,,,,,,,,,,,,,,,,,,,,,,,,,,,,,,,,,,,,,,,
MS02_18.1.fastq.gz,MS02_18.1.fastq.gz,raw,Raw,geneExpression,Genomicsequence,fastq,,MS02,,experimentalData,Result,MS02_18,,syn2343195,,-/-,,schwann,Schwannoma cell,pairedEnd,PairedEnd,3421893,,Neurofibromatosis type 2,,Synodos NF2,Systems based drug discovery for NF2,Illumina HiSeq 2500,IlluminaHiSeq2500,"Dasatinib,Brigatinib",,knockout,,MS02,MS02,RNA-seq,RNA-seq,Mus musculus,,Yes,,1,,,No,polyAselection,,No,,No,No,Yes,,hours,,CRE Recombinase,,NF2,Nf2,"Dasatinib,Brigatinib",,24,,,,,,,,,,,,,,,,,,,,,,,,,,,,,,,,,,,,,,,,,,,,,,,,,,Schwannoma,,,,,,,,,,,,,,,,,,,,,,,,,,,,,,,,,,,,,,,,,
MS02_18.2.fastq.gz,MS02_18.2.fastq.gz,raw,Raw,geneExpression,Genomicsequence,fastq,,MS02,,experimentalData,Result,MS02_18,,syn2343195,,-/-,,schwann,Schwannoma cell,pairedEnd,PairedEnd,3421893,,Neurofibromatosis type 2,,Synodos NF2,Systems based drug discovery for NF2,Illumina HiSeq 2500,IlluminaHiSeq2500,"Dasatinib,Brigatinib",,knockout,,MS02,MS02,RNA-seq,RNA-seq,Mus musculus,,Yes,,2,,,No,polyAselection,,No,,No,No,Yes,,hours,,CRE Recombinase,,NF2,Nf2,"Dasatinib,Brigatinib",,24,,,,,,,,,,,,,,,,,,,,,,,,,,,,,,,,,,,,,,,,,,,,,,,,,,Schwannoma,,,,,,,,,,,,,,,,,,,,,,,,,,,,,,,,,,,,,,,,,
MS02_2.1.fastq.gz,MS02_2.1.fastq.gz,raw,Raw,geneExpression,Genomicsequence,fastq,,MS02,,experimentalData,Result,MS02_2.,,syn2343195,,-/-,,schwann,Schwannoma cell,pairedEnd,PairedEnd,3421893,,Neurofibromatosis type 2,,Synodos NF2,Systems based drug discovery for NF2,Illumina HiSeq 2500,IlluminaHiSeq2500,Dasatinib,,knockout,,MS02,MS02,RNA-seq,RNA-seq,Mus musculus,,Yes,,1,,,No,polyAselection,,No,,No,No,Yes,,hours,,CRE Recombinase,,NF2,Nf2,Dasatinib,,24,,,,,,,,,,,,,,,,,,,,,,,,,,,,,,,,,,,,,,,,,,,,,,,,,,Schwannoma,,,,,,,,,,,,,,,,,,,,,,,,,,,,,,,,,,,,,,,,,
MS02_2.2.fastq.gz,MS02_2.2.fastq.gz,raw,Raw,geneExpression,Genomicsequence,fastq,,MS02,,experimentalData,Result,MS02_2,,syn2343195,,-/-,,schwann,Schwannoma cell,pairedEnd,PairedEnd,3421893,,Neurofibromatosis type 2,,Synodos NF2,Systems based drug discovery for NF2,Illumina HiSeq 2500,IlluminaHiSeq2500,Dasatinib,,knockout,,MS02,MS02,RNA-seq,RNA-seq,Mus musculus,,Yes,,2,,,No,polyAselection,,No,,No,No,Yes,,hours,,CRE Recombinase,,NF2,Nf2,Dasatinib,,24,,,,,,,,,,,,,,,,,,,,,,,,,,,,,,,,,,,,,,,,,,,,,,,,,,Schwannoma,,,,,,,,,,,,,,,,,,,,,,,,,,,,,,,,,,,,,,,,,
MS02_3.1.fastq.gz,MS02_3.1.fastq.gz,raw,Raw,geneExpression,Genomicsequence,fastq,,MS02,,experimentalData,Result,MS02_3,,syn2343195,,-/-,,schwann,Schwannoma cell,pairedEnd,PairedEnd,3421893,,Neurofibromatosis type 2,,Synodos NF2,Systems based drug discovery for NF2,Illumina HiSeq 2500,IlluminaHiSeq2500,Simvastatin,,knockout,,MS02,MS02,RNA-seq,RNA-seq,Mus musculus,,Yes,,1,,,No,polyAselection,,No,,No,No,Yes,,hours,,CRE Recombinase,,NF2,Nf2,Simvastatin,,24,,,,,,,,,,,,,,,,,,,,,,,,,,,,,,,,,,,,,,,,,,,,,,,,,,Schwannoma,,,,,,,,,,,,,,,,,,,,,,,,,,,,,,,,,,,,,,,,,
MS02_3.2.fastq.gz,MS02_3.2.fastq.gz,raw,Raw,geneExpression,Genomicsequence,fastq,,MS02,,experimentalData,Result,MS02_3,,syn2343195,,-/-,,schwann,Schwannoma cell,pairedEnd,PairedEnd,3421893,,Neurofibromatosis type 2,,Synodos NF2,Systems based drug discovery for NF2,Illumina HiSeq 2500,IlluminaHiSeq2500,Simvastatin,,knockout,,MS02,MS02,RNA-seq,RNA-seq,Mus musculus,,Yes,,2,,,No,polyAselection,,No,,No,No,Yes,,hours,,CRE Recombinase,,NF2,Nf2,Simvastatin,,24,,,,,,,,,,,,,,,,,,,,,,,,,,,,,,,,,,,,,,,,,,,,,,,,,,Schwannoma,,,,,,,,,,,,,,,,,,,,,,,,,,,,,,,,,,,,,,,,,
MS02_4.1.fastq.gz,MS02_4.1.fastq.gz,raw,Raw,geneExpression,Genomicsequence,fastq,,MS02,,experimentalData,Result,MS02_4,,syn2343195,,-/-,,schwann,Schwannoma cell,pairedEnd,PairedEnd,3421893,,Neurofibromatosis type 2,,Synodos NF2,Systems based drug discovery for NF2,Illumina HiSeq 2500,IlluminaHiSeq2500,Brigatinib,,knockout,,MS02,MS02,RNA-seq,RNA-seq,Mus musculus,,Yes,,1,,,No,polyAselection,,No,,No,No,Yes,,hours,,CRE Recombinase,,NF2,Nf2,Brigatinib,,24,,,,,,,,,,,,,,,,,,,,,,,,,,,,,,,,,,,,,,,,,,,,,,,,,,Schwannoma,,,,,,,,,,,,,,,,,,,,,,,,,,,,,,,,,,,,,,,,,
MS02_4.2.fastq.gz,MS02_4.2.fastq.gz,raw,Raw,geneExpression,Genomicsequence,fastq,,MS02,,experimentalData,Result,MS02_4,,syn2343195,,-/-,,schwann,Schwannoma cell,pairedEnd,PairedEnd,3421893,,Neurofibromatosis type 2,,Synodos NF2,Systems based drug discovery for NF2,Illumina HiSeq 2500,IlluminaHiSeq2500,Brigatinib,,knockout,,MS02,MS02,RNA-seq,RNA-seq,Mus musculus,,Yes,,2,,,No,polyAselection,,No,,No,No,Yes,,hours,,CRE Recombinase,,NF2,Nf2,Brigatinib,,24,,,,,,,,,,,,,,,,,,,,,,,,,,,,,,,,,,,,,,,,,,,,,,,,,,Schwannoma,,,,,,,,,,,,,,,,,,,,,,,,,,,,,,,,,,,,,,,,,
MS02_5.1.fastq.gz,MS02_5.1.fastq.gz,raw,Raw,geneExpression,Genomicsequence,fastq,,MS02,,experimentalData,Result,MS02_5,,syn2343195,,-/-,,schwann,Schwannoma cell,pairedEnd,PairedEnd,3421893,,Neurofibromatosis type 2,,Synodos NF2,Systems based drug discovery for NF2,Illumina HiSeq 2500,IlluminaHiSeq2500,"Dasatinib,Simvastatin",,knockout,,MS02,MS02,RNA-seq,RNA-seq,Mus musculus,,Yes,,1,,,No,polyAselection,,No,,No,No,Yes,,hours,,CRE Recombinase,,NF2,Nf2,"Dasatinib,Simvastatin",,24,,,,,,,,,,,,,,,,,,,,,,,,,,,,,,,,,,,,,,,,,,,,,,,,,,Schwannoma,,,,,,,,,,,,,,,,,,,,,,,,,,,,,,,,,,,,,,,,,
MS02_5.2.fastq.gz,MS02_5.2.fastq.gz,raw,Raw,geneExpression,Genomicsequence,fastq,,MS02,,experimentalData,Result,MS02_5,,syn2343195,,-/-,,schwann,Schwannoma cell,pairedEnd,PairedEnd,3421893,,Neurofibromatosis type 2,,Synodos NF2,Systems based drug discovery for NF2,Illumina HiSeq 2500,IlluminaHiSeq2500,"Dasatinib,Simvastatin",,knockout,,MS02,MS02,RNA-seq,RNA-seq,Mus musculus,,Yes,,2,,,No,polyAselection,,No,,No,No,Yes,,hours,,CRE Recombinase,,NF2,Nf2,"Dasatinib,Simvastatin",,24,,,,,,,,,,,,,,,,,,,,,,,,,,,,,,,,,,,,,,,,,,,,,,,,,,Schwannoma,,,,,,,,,,,,,,,,,,,,,,,,,,,,,,,,,,,,,,,,,
MS02_6.1.fastq.gz,MS02_6.1.fastq.gz,raw,Raw,geneExpression,Genomicsequence,fastq,,MS02,,experimentalData,Result,MS02_6,,syn2343195,,-/-,,schwann,Schwannoma cell,pairedEnd,PairedEnd,3421893,,Neurofibromatosis type 2,,Synodos NF2,Systems based drug discovery for NF2,Illumina HiSeq 2500,IlluminaHiSeq2500,"Dasatinib,Brigatinib",,knockout,,MS02,MS02,RNA-seq,RNA-seq,Mus musculus,,Yes,,1,,,No,polyAselection,,No,,No,No,Yes,,hours,,CRE Recombinase,,NF2,Nf2,"Dasatinib,Brigatinib",,24,,,,,,,,,,,,,,,,,,,,,,,,,,,,,,,,,,,,,,,,,,,,,,,,,,Schwannoma,,,,,,,,,,,,,,,,,,,,,,,,,,,,,,,,,,,,,,,,,
MS02_6.2.fastq.gz,MS02_6.2.fastq.gz,raw,Raw,geneExpression,Genomicsequence,fastq,,MS02,,experimentalData,Result,MS02_6,,syn2343195,,-/-,,schwann,Schwannoma cell,pairedEnd,PairedEnd,3421893,,Neurofibromatosis type 2,,Synodos NF2,Systems based drug discovery for NF2,Illumina HiSeq 2500,IlluminaHiSeq2500,"Dasatinib,Brigatinib",,knockout,,MS02,MS02,RNA-seq,RNA-seq,Mus musculus,,Yes,,2,,,No,polyAselection,,No,,No,No,Yes,,hours,,CRE Recombinase,,NF2,Nf2,"Dasatinib,Brigatinib",,24,,,,,,,,,,,,,,,,,,,,,,,,,,,,,,,,,,,,,,,,,,,,,,,,,,Schwannoma,,,,,,,,,,,,,,,,,,,,,,,,,,,,,,,,,,,,,,,,,
MS02_7.1.fastq.gz,MS02_7.1.fastq.gz,raw,Raw,geneExpression,Genomicsequence,fastq,,MS02,,experimentalData,Result,MS02_7,,syn2343195,,-/-,,schwann,Schwannoma cell,pairedEnd,PairedEnd,3421893,,Neurofibromatosis type 2,,Synodos NF2,Systems based drug discovery for NF2,Illumina HiSeq 2500,IlluminaHiSeq2500,DMSO,,knockout,,MS02,MS02,RNA-seq,RNA-seq,Mus musculus,,Yes,,1,,,No,polyAselection,,No,,No,No,Yes,,hours,,CRE Recombinase,,NF2,Nf2,DMSO,,24,,,,,,,,,,,,,,,,,,,,,,,,,,,,,,,,,,,,,,,,,,,,,,,,,,Schwannoma,,,,,,,,,,,,,,,,,,,,,,,,,,,,,,,,,,,,,,,,,
MS02_7.2.fastq.gz,MS02_7.2.fastq.gz,raw,Raw,geneExpression,Genomicsequence,fastq,,MS02,,experimentalData,Result,MS02_7,,syn2343195,,-/-,,schwann,Schwannoma cell,pairedEnd,PairedEnd,3421893,,Neurofibromatosis type 2,,Synodos NF2,Systems based drug discovery for NF2,Illumina HiSeq 2500,IlluminaHiSeq2500,DMSO,,knockout,,MS02,MS02,RNA-seq,RNA-seq,Mus musculus,,Yes,,2,,,No,polyAselection,,No,,No,No,Yes,,hours,,CRE Recombinase,,NF2,Nf2,DMSO,,24,,,,,,,,,,,,,,,,,,,,,,,,,,,,,,,,,,,,,,,,,,,,,,,,,,Schwannoma,,,,,,,,,,,,,,,,,,,,,,,,,,,,,,,,,,,,,,,,,
MS02_8.1.fastq.gz,MS02_8.1.fastq.gz,raw,Raw,geneExpression,Genomicsequence,fastq,,MS02,,experimentalData,Result,MS02_8,,syn2343195,,-/-,,schwann,Schwannoma cell,pairedEnd,PairedEnd,3421893,,Neurofibromatosis type 2,,Synodos NF2,Systems based drug discovery for NF2,Illumina HiSeq 2500,IlluminaHiSeq2500,Dasatinib,,knockout,,MS02,MS02,RNA-seq,RNA-seq,Mus musculus,,Yes,,1,,,No,polyAselection,,No,,No,No,Yes,,hours,,CRE Recombinase,,NF2,Nf2,Dasatinib,,24,,,,,,,,,,,,,,,,,,,,,,,,,,,,,,,,,,,,,,,,,,,,,,,,,,Schwannoma,,,,,,,,,,,,,,,,,,,,,,,,,,,,,,,,,,,,,,,,,
MS02_8.2.fastq.gz,MS02_8.2.fastq.gz,raw,Raw,geneExpression,Genomicsequence,fastq,,MS02,,experimentalData,Result,MS02_8,,syn2343195,,-/-,,schwann,Schwannoma cell,pairedEnd,PairedEnd,3421893,,Neurofibromatosis type 2,,Synodos NF2,Systems based drug discovery for NF2,Illumina HiSeq 2500,IlluminaHiSeq2500,Dasatinib,,knockout,,MS02,MS02,RNA-seq,RNA-seq,Mus musculus,,Yes,,2,,,No,polyAselection,,No,,No,No,Yes,,hours,,CRE Recombinase,,NF2,Nf2,Dasatinib,,24,,,,,,,,,,,,,,,,,,,,,,,,,,,,,,,,,,,,,,,,,,,,,,,,,,Schwannoma,,,,,,,,,,,,,,,,,,,,,,,,,,,,,,,,,,,,,,,,,
MS02_9.1.fastq.gz,MS02_9.1.fastq.gz,raw,Raw,geneExpression,Genomicsequence,fastq,,MS02,,experimentalData,Result,MS02_9,,syn2343195,,-/-,,schwann,Schwannoma cell,pairedEnd,PairedEnd,3421893,,Neurofibromatosis type 2,,Synodos NF2,Systems based drug discovery for NF2,Illumina HiSeq 2500,IlluminaHiSeq2500,Simvastatin,,knockout,,MS02,MS02,RNA-seq,RNA-seq,Mus musculus,,Yes,,1,,,No,polyAselection,,No,,No,No,Yes,,hours,,CRE Recombinase,,NF2,Nf2,Simvastatin,,24,,,,,,,,,,,,,,,,,,,,,,,,,,,,,,,,,,,,,,,,,,,,,,,,,,Schwannoma,,,,,,,,,,,,,,,,,,,,,,,,,,,,,,,,,,,,,,,,,
MS02_9.2.fastq.gz,MS02_9.2.fastq.gz,raw,Raw,geneExpression,Genomicsequence,fastq,,MS02,,experimentalData,Result,MS02_9,,syn2343195,,-/-,,schwann,Schwannoma cell,pairedEnd,PairedEnd,3421893,,Neurofibromatosis type 2,,Synodos NF2,Systems based drug discovery for NF2,Illumina HiSeq 2500,IlluminaHiSeq2500,Simvastatin,,knockout,,MS02,MS02,RNA-seq,RNA-seq,Mus musculus,,Yes,,2,,,No,polyAselection,,No,,No,No,Yes,,hours,,CRE Recombinase,,NF2,Nf2,Simvastatin,,24,,,,,,,,,,,,,,,,,,,,,,,,,,,,,,,,,,,,,,,,,,,,,,,,,,Schwannoma,,,,,,,,,,,,,,,,,,,,,,,,,,,,,,,,,,,,,,,,,
Syn1_1.1.fastq.gz,Syn1_1.1.fastq.gz,raw,Raw,geneExpression,Genomicsequence,fastq,Gzip,Syn1,Syn1,experimentalData,Result,Syn1_1,Syn1,syn2343195,SynodosNF2,+/+,+/+,arachnoid,Arachnoidal cell,pairedEnd,PairedEnd,3421893,,,Neurofibromatosistype1,Synodos NF2,Systems based drug discovery for NF2,Illumina HiSeq 2500,IlluminaHiSeq2500,DMSO,,control,,Syn1,Syn1,RNA-seq,RNA-seq,Homo sapiens,Musmusculus,Yes,Yes,1,1.0,,No,polyAselection,,No,No,No,No,Yes,,hours,,CRISPR,,,,DMSO,,24,,,,,,,,Syn1_1.1,,,,,,,,,,,,,,,,,,,,,,,,,,,,,,,,,,,,FirstStranded,,Unknown,,Bulkcell,,Arachnoidal,,,,Syn1,,,,,,,,,,,,,,,,,,,,,,,,,,,,,,,,,,,,,
Syn1_1.2.fastq.gz,Syn1_1.2.fastq.gz,raw,Raw,geneExpression,Genomicsequence,fastq,Gzip,Syn1,Syn1,experimentalData,Result,Syn1_1,Syn1,syn2343195,SynodosNF2,+/+,+/+,arachnoid,Arachnoidal cell,pairedEnd,PairedEnd,3421893,,,Neurofibromatosistype1,Synodos NF2,Systems based drug discovery for NF2,Illumina HiSeq 2500,IlluminaHiSeq2500,DMSO,,control,,Syn1,Syn1,RNA-seq,RNA-seq,Homo sapiens,Musmusculus,Yes,Yes,2,2.0,,No,polyAselection,,No,No,No,No,Yes,,hours,,CRISPR,,,,DMSO,,24,,,,,,,,Syn1_1.2,,,,,,,,,,,,,,,,,,,,,,,,,,,,,,,,,,,,FirstStranded,,Unknown,,Bulkcell,,Arachnoidal,,,,Syn1,,,,,,,,,,,,,,,,,,,,,,,,,,,,,,,,,,,,,
Syn1_10.1.fastq.gz,Syn1_10.1.fastq.gz,raw,Raw,geneExpression,Genomicsequence,fastq,,Syn1,,experimentalData,Result,Syn1_10,,syn2343195,,+/+,,arachnoid,Arachnoidal cell,pairedEnd,PairedEnd,3421893,,,,Synodos NF2,Systems based drug discovery for NF2,Illumina HiSeq 2500,IlluminaHiSeq2500,MK2206,,control,,Syn1,Syn1,RNA-seq,RNA-seq,Homo sapiens,,Yes,,1,,,No,polyAselection,,No,,No,No,Yes,,hours,,CRISPR,,,,MK2206,,24,,,,,,,,,,,,,,,,,,,,,,,,,,,,,,,,,,,,,,,,,,,,,,,,,,Arachnoidal,,,,,,,,,,,,,,,,,,,,,,,,,,,,,,,,,,,,,,,,,
Syn1_10.2.fastq.gz,Syn1_10.2.fastq.gz,raw,Raw,geneExpression,Genomicsequence,fastq,,Syn1,,experimentalData,Result,Syn1_10,,syn2343195,,+/+,,arachnoid,Arachnoidal cell,pairedEnd,PairedEnd,3421893,,,,Synodos NF2,Systems based drug discovery for NF2,Illumina HiSeq 2500,IlluminaHiSeq2500,MK2206,,control,,Syn1,Syn1,RNA-seq,RNA-seq,Homo sapiens,,Yes,,2,,,No,polyAselection,,No,,No,No,Yes,,hours,,CRISPR,,,,MK2206,,24,,,,,,,,,,,,,,,,,,,,,,,,,,,,,,,,,,,,,,,,,,,,,,,,,,Arachnoidal,,,,,,,,,,,,,,,,,,,,,,,,,,,,,,,,,,,,,,,,,
Syn1_11.1.fastq.gz,Syn1_11.1.fastq.gz,raw,Raw,geneExpression,Genomicsequence,fastq,,Syn1,,experimentalData,Result,Syn1_11,,syn2343195,,+/+,,arachnoid,Arachnoidal cell,pairedEnd,PairedEnd,3421893,,,,Synodos NF2,Systems based drug discovery for NF2,Illumina HiSeq 2500,IlluminaHiSeq2500,Brigatinib,,control,,Syn1,Syn1,RNA-seq,RNA-seq,Homo sapiens,,Yes,,1,,,No,polyAselection,,No,,No,No,Yes,,hours,,CRISPR,,,,Brigatinib,,24,,,,,,,,,,,,,,,,,,,,,,,,,,,,,,,,,,,,,,,,,,,,,,,,,,Arachnoidal,,,,,,,,,,,,,,,,,,,,,,,,,,,,,,,,,,,,,,,,,
Syn1_11.2.fastq.gz,Syn1_11.2.fastq.gz,raw,Raw,geneExpression,Genomicsequence,fastq,,Syn1,,experimentalData,Result,Syn1_11,,syn2343195,,+/+,,arachnoid,Arachnoidal cell,pairedEnd,PairedEnd,3421893,,,,Synodos NF2,Systems based drug discovery for NF2,Illumina HiSeq 2500,IlluminaHiSeq2500,Brigatinib,,control,,Syn1,Syn1,RNA-seq,RNA-seq,Homo sapiens,,Yes,,2,,,No,polyAselection,,No,,No,No,Yes,,hours,,CRISPR,,,,Brigatinib,,24,,,,,,,,,,,,,,,,,,,,,,,,,,,,,,,,,,,,,,,,,,,,,,,,,,Arachnoidal,,,,,,,,,,,,,,,,,,,,,,,,,,,,,,,,,,,,,,,,,
Syn1_12.1.fastq.gz,Syn1_12.1.fastq.gz,raw,Raw,geneExpression,Genomicsequence,fastq,,Syn1,,experimentalData,Result,Syn1_12,,syn2343195,,+/+,,arachnoid,Arachnoidal cell,pairedEnd,PairedEnd,3421893,,,,Synodos NF2,Systems based drug discovery for NF2,Illumina HiSeq 2500,IlluminaHiSeq2500,"MK2206,Brigatinib",,control,,Syn1,Syn1,RNA-seq,RNA-seq,Homo sapiens,,Yes,,1,,,No,polyAselection,,No,,No,No,Yes,,hours,,CRISPR,,,,"MK2206,Brigatinib",,24,,,,,,,,,,,,,,,,,,,,,,,,,,,,,,,,,,,,,,,,,,,,,,,,,,Arachnoidal,,,,,,,,,,,,,,,,,,,,,,,,,,,,,,,,,,,,,,,,,
Syn1_12.2.fastq.gz,Syn1_12.2.fastq.gz,raw,Raw,geneExpression,Genomicsequence,fastq,,Syn1,,experimentalData,Result,Syn1_12,,syn2343195,,+/+,,arachnoid,Arachnoidal cell,pairedEnd,PairedEnd,3421893,,,,Synodos NF2,Systems based drug discovery for NF2,Illumina HiSeq 2500,IlluminaHiSeq2500,"MK2206,Brigatinib",,control,,Syn1,Syn1,RNA-seq,RNA-seq,Homo sapiens,,Yes,,2,,,No,polyAselection,,No,,No,No,Yes,,hours,,CRISPR,,,,"MK2206,Brigatinib",,24,,,,,,,,,,,,,,,,,,,,,,,,,,,,,,,,,,,,,,,,,,,,,,,,,,Arachnoidal,,,,,,,,,,,,,,,,,,,,,,,,,,,,,,,,,,,,,,,,,
Syn1_13.1.fastq.gz,Syn1_13.1.fastq.gz,raw,Raw,geneExpression,Genomicsequence,fastq,,Syn1,,experimentalData,Result,Syn1_13,,syn2343195,,+/+,,arachnoid,Arachnoidal cell,pairedEnd,PairedEnd,3421893,,,,Synodos NF2,Systems based drug discovery for NF2,Illumina HiSeq 2500,IlluminaHiSeq2500,DMSO,,control,,Syn1,Syn1,RNA-seq,RNA-seq,Homo sapiens,,Yes,,1,,,No,polyAselection,,No,,No,No,Yes,,hours,,CRISPR,,,,DMSO,,24,,,,,,,,,,,,,,,,,,,,,,,,,,,,,,,,,,,,,,,,,,,,,,,,,,Arachnoidal,,,,,,,,,,,,,,,,,,,,,,,,,,,,,,,,,,,,,,,,,
Syn1_13.2.fastq.gz,Syn1_13.2.fastq.gz,raw,Raw,geneExpression,Genomicsequence,fastq,,Syn1,,experimentalData,Result,Syn1_13,,syn2343195,,+/+,,arachnoid,Arachnoidal cell,pairedEnd,PairedEnd,3421893,,,,Synodos NF2,Systems based drug discovery for NF2,Illumina HiSeq 2500,IlluminaHiSeq2500,DMSO,,control,,Syn1,Syn1,RNA-seq,RNA-seq,Homo sapiens,,Yes,,2,,,No,polyAselection,,No,,No,No,Yes,,hours,,CRISPR,,,,DMSO,,24,,,,,,,,,,,,,,,,,,,,,,,,,,,,,,,,,,,,,,,,,,,,,,,,,,Arachnoidal,,,,,,,,,,,,,,,,,,,,,,,,,,,,,,,,,,,,,,,,,
Syn1_14.1.fastq.gz,Syn1_14.1.fastq.gz,raw,Raw,geneExpression,Genomicsequence,fastq,,Syn1,,experimentalData,Result,Syn1_14,,syn2343195,,+/+,,arachnoid,Arachnoidal cell,pairedEnd,PairedEnd,3421893,,,,Synodos NF2,Systems based drug discovery for NF2,Illumina HiSeq 2500,IlluminaHiSeq2500,INK128,,control,,Syn1,Syn1,RNA-seq,RNA-seq,Homo sapiens,,Yes,,1,,,No,polyAselection,,No,,No,No,Yes,,hours,,CRISPR,,,,INK128,,24,,,,,,,,,,,,,,,,,,,,,,,,,,,,,,,,,,,,,,,,,,,,,,,,,,Arachnoidal,,,,,,,,,,,,,,,,,,,,,,,,,,,,,,,,,,,,,,,,,
Syn1_14.2.fastq.gz,Syn1_14.2.fastq.gz,raw,Raw,geneExpression,Genomicsequence,fastq,,Syn1,,experimentalData,Result,Syn1_14,,syn2343195,,+/+,,arachnoid,Arachnoidal cell,pairedEnd,PairedEnd,3421893,,,,Synodos NF2,Systems based drug discovery for NF2,Illumina HiSeq 2500,IlluminaHiSeq2500,INK128,,control,,Syn1,Syn1,RNA-seq,RNA-seq,Homo sapiens,,Yes,,2,,,No,polyAselection,,No,,No,No,Yes,,hours,,CRISPR,,,,INK128,,24,,,,,,,,,,,,,,,,,,,,,,,,,,,,,,,,,,,,,,,,,,,,,,,,,,Arachnoidal,,,,,,,,,,,,,,,,,,,,,,,,,,,,,,,,,,,,,,,,,
Syn1_15.1.fastq.gz,Syn1_15.1.fastq.gz,raw,Raw,geneExpression,Genomicsequence,fastq,,Syn1,,experimentalData,Result,Syn1_15,,syn2343195,,+/+,,arachnoid,Arachnoidal cell,pairedEnd,PairedEnd,3421893,,,,Synodos NF2,Systems based drug discovery for NF2,Illumina HiSeq 2500,IlluminaHiSeq2500,Dasatinib,,control,,Syn1,Syn1,RNA-seq,RNA-seq,Homo sapiens,,Yes,,1,,,No,polyAselection,,No,,No,No,Yes,,hours,,CRISPR,,,,Dasatinib,,24,,,,,,,,,,,,,,,,,,,,,,,,,,,,,,,,,,,,,,,,,,,,,,,,,,Arachnoidal,,,,,,,,,,,,,,,,,,,,,,,,,,,,,,,,,,,,,,,,,
Syn1_15.2.fastq.gz,Syn1_15.2.fastq.gz,raw,Raw,geneExpression,Genomicsequence,fastq,,Syn1,,experimentalData,Result,Syn1_15,,syn2343195,,+/+,,arachnoid,Arachnoidal cell,pairedEnd,PairedEnd,3421893,,,,Synodos NF2,Systems based drug discovery for NF2,Illumina HiSeq 2500,IlluminaHiSeq2500,Dasatinib,,control,,Syn1,Syn1,RNA-seq,RNA-seq,Homo sapiens,,Yes,,2,,,No,polyAselection,,No,,No,No,Yes,,hours,,CRISPR,,,,Dasatinib,,24,,,,,,,,,,,,,,,,,,,,,,,,,,,,,,,,,,,,,,,,,,,,,,,,,,Arachnoidal,,,,,,,,,,,,,,,,,,,,,,,,,,,,,,,,,,,,,,,,,
Syn1_16.1.fastq.gz,Syn1_16.1.fastq.gz,raw,Raw,geneExpression,Genomicsequence,fastq,,Syn1,,experimentalData,Result,Syn1_16,,syn2343195,,+/+,,arachnoid,Arachnoidal cell,pairedEnd,PairedEnd,3421893,,,,Synodos NF2,Systems based drug discovery for NF2,Illumina HiSeq 2500,IlluminaHiSeq2500,"INK128,Dasatinib",,control,,Syn1,Syn1,RNA-seq,RNA-seq,Homo sapiens,,Yes,,1,,,No,polyAselection,,No,,No,No,Yes,,hours,,CRISPR,,,,"INK128,Dasatinib",,24,,,,,,,,,,,,,,,,,,,,,,,,,,,,,,,,,,,,,,,,,,,,,,,,,,Arachnoidal,,,,,,,,,,,,,,,,,,,,,,,,,,,,,,,,,,,,,,,,,
Syn1_16.2.fastq.gz,Syn1_16.2.fastq.gz,raw,Raw,geneExpression,Genomicsequence,fastq,,Syn1,,experimentalData,Result,Syn1_16,,syn2343195,,+/+,,arachnoid,Arachnoidal cell,pairedEnd,PairedEnd,3421893,,,,Synodos NF2,Systems based drug discovery for NF2,Illumina HiSeq 2500,IlluminaHiSeq2500,"INK128,Dasatinib",,control,,Syn1,Syn1,RNA-seq,RNA-seq,Homo sapiens,,Yes,,2,,,No,polyAselection,,No,,No,No,Yes,,hours,,CRISPR,,,,"INK128,Dasatinib",,24,,,,,,,,,,,,,,,,,,,,,,,,,,,,,,,,,,,,,,,,,,,,,,,,,,Arachnoidal,,,,,,,,,,,,,,,,,,,,,,,,,,,,,,,,,,,,,,,,,
Syn1_17.1.fastq.gz,Syn1_17.1.fastq.gz,raw,Raw,geneExpression,Genomicsequence,fastq,,Syn1,,experimentalData,Result,Syn1_17,,syn2343195,,+/+,,arachnoid,Arachnoidal cell,pairedEnd,PairedEnd,3421893,,,,Synodos NF2,Systems based drug discovery for NF2,Illumina HiSeq 2500,IlluminaHiSeq2500,DMSO,,control,,Syn1,Syn1,RNA-seq,RNA-seq,Homo sapiens,,Yes,,1,,,No,polyAselection,,No,,No,No,Yes,,hours,,CRISPR,,,,DMSO,,24,,,,,,,,,,,,,,,,,,,,,,,,,,,,,,,,,,,,,,,,,,,,,,,,,,Arachnoidal,,,,,,,,,,,,,,,,,,,,,,,,,,,,,,,,,,,,,,,,,
Syn1_17.2.fastq.gz,Syn1_17.2.fastq.gz,raw,Raw,geneExpression,Genomicsequence,fastq,,Syn1,,experimentalData,Result,Syn1_17,,syn2343195,,+/+,,arachnoid,Arachnoidal cell,pairedEnd,PairedEnd,3421893,,,,Synodos NF2,Systems based drug discovery for NF2,Illumina HiSeq 2500,IlluminaHiSeq2500,DMSO,,control,,Syn1,Syn1,RNA-seq,RNA-seq,Homo sapiens,,Yes,,2,,,No,polyAselection,,No,,No,No,Yes,,hours,,CRISPR,,,,DMSO,,24,,,,,,,,,,,,,,,,,,,,,,,,,,,,,,,,,,,,,,,,,,,,,,,,,,Arachnoidal,,,,,,,,,,,,,,,,,,,,,,,,,,,,,,,,,,,,,,,,,
Syn1_18.1.fastq.gz,Syn1_18.1.fastq.gz,raw,Raw,geneExpression,Genomicsequence,fastq,,Syn1,,experimentalData,Result,Syn1_18,,syn2343195,,+/+,,arachnoid,Arachnoidal cell,pairedEnd,PairedEnd,3421893,,,,Synodos NF2,Systems based drug discovery for NF2,Illumina HiSeq 2500,IlluminaHiSeq2500,INK128,,control,,Syn1,Syn1,RNA-seq,RNA-seq,Homo sapiens,,Yes,,1,,,No,polyAselection,,No,,No,No,Yes,,hours,,CRISPR,,,,INK128,,24,,,,,,,,,,,,,,,,,,,,,,,,,,,,,,,,,,,,,,,,,,,,,,,,,,Arachnoidal,,,,,,,,,,,,,,,,,,,,,,,,,,,,,,,,,,,,,,,,,
Syn1_18.2.fastq.gz,Syn1_18.2.fastq.gz,raw,Raw,geneExpression,Genomicsequence,fastq,,Syn1,,experimentalData,Result,Syn1_18,,syn2343195,,+/+,,arachnoid,Arachnoidal cell,pairedEnd,PairedEnd,3421893,,,,Synodos NF2,Systems based drug discovery for NF2,Illumina HiSeq 2500,IlluminaHiSeq2500,INK128,,control,,Syn1,Syn1,RNA-seq,RNA-seq,Homo sapiens,,Yes,,2,,,No,polyAselection,,No,,No,No,Yes,,hours,,CRISPR,,,,INK128,,24,,,,,,,,,,,,,,,,,,,,,,,,,,,,,,,,,,,,,,,,,,,,,,,,,,Arachnoidal,,,,,,,,,,,,,,,,,,,,,,,,,,,,,,,,,,,,,,,,,
Syn1_19.1.fastq.gz,Syn1_19.1.fastq.gz,raw,Raw,geneExpression,Genomicsequence,fastq,,Syn1,,experimentalData,Result,Syn1_19,,syn2343195,,+/+,,arachnoid,Arachnoidal cell,pairedEnd,PairedEnd,3421893,,,,Synodos NF2,Systems based drug discovery for NF2,Illumina HiSeq 2500,IlluminaHiSeq2500,Dasatinib,,control,,Syn1,Syn1,RNA-seq,RNA-seq,Homo sapiens,,Yes,,1,,,No,polyAselection,,No,,No,No,Yes,,hours,,CRISPR,,,,Dasatinib,,24,,,,,,,,,,,,,,,,,,,,,,,,,,,,,,,,,,,,,,,,,,,,,,,,,,Arachnoidal,,,,,,,,,,,,,,,,,,,,,,,,,,,,,,,,,,,,,,,,,
Syn1_19.2.fastq.gz,Syn1_19.2.fastq.gz,raw,Raw,geneExpression,Genomicsequence,fastq,,Syn1,,experimentalData,Result,Syn1_19,,syn2343195,,+/+,,arachnoid,Arachnoidal cell,pairedEnd,PairedEnd,3421893,,,,Synodos NF2,Systems based drug discovery for NF2,Illumina HiSeq 2500,IlluminaHiSeq2500,Dasatinib,,control,,Syn1,Syn1,RNA-seq,RNA-seq,Homo sapiens,,Yes,,2,,,No,polyAselection,,No,,No,No,Yes,,hours,,CRISPR,,,,Dasatinib,,24,,,,,,,,,,,,,,,,,,,,,,,,,,,,,,,,,,,,,,,,,,,,,,,,,,Arachnoidal,,,,,,,,,,,,,,,,,,,,,,,,,,,,,,,,,,,,,,,,,
Syn1_2.1.fastq.gz,Syn1_2.1.fastq.gz,raw,Raw,geneExpression,Genomicsequence,fastq,,Syn1,,experimentalData,Result,Syn1_2,,syn2343195,,+/+,,arachnoid,Arachnoidal cell,pairedEnd,PairedEnd,3421893,,,,Synodos NF2,Systems based drug discovery for NF2,Illumina HiSeq 2500,IlluminaHiSeq2500,MK2206,,control,,Syn1,Syn1,RNA-seq,RNA-seq,Homo sapiens,,Yes,,1,,,No,polyAselection,,No,,No,No,Yes,,hours,,CRISPR,,,,MK2206,,24,,,,,,,,,,,,,,,,,,,,,,,,,,,,,,,,,,,,,,,,,,,,,,,,,,Arachnoidal,,,,,,,,,,,,,,,,,,,,,,,,,,,,,,,,,,,,,,,,,
Syn1_2.2.fastq.gz,Syn1_2.2.fastq.gz,raw,Raw,geneExpression,Genomicsequence,fastq,,Syn1,,experimentalData,Result,Syn1_2,,syn2343195,,+/+,,arachnoid,Arachnoidal cell,pairedEnd,PairedEnd,3421893,,,,Synodos NF2,Systems based drug discovery for NF2,Illumina HiSeq 2500,IlluminaHiSeq2500,MK2206,,control,,Syn1,Syn1,RNA-seq,RNA-seq,Homo sapiens,,Yes,,2,,,No,polyAselection,,No,,No,No,Yes,,hours,,CRISPR,,,,MK2206,,24,,,,,,,,,,,,,,,,,,,,,,,,,,,,,,,,,,,,,,,,,,,,,,,,,,Arachnoidal,,,,,,,,,,,,,,,,,,,,,,,,,,,,,,,,,,,,,,,,,
Syn1_20.1.fastq.gz,Syn1_20.1.fastq.gz,raw,Raw,geneExpression,Genomicsequence,fastq,,Syn1,,experimentalData,Result,Syn1_20,,syn2343195,,+/+,,arachnoid,Arachnoidal cell,pairedEnd,PairedEnd,3421893,,,,Synodos NF2,Systems based drug discovery for NF2,Illumina HiSeq 2500,IlluminaHiSeq2500,"INK128,Dasatinib",,control,,Syn1,Syn1,RNA-seq,RNA-seq,Homo sapiens,,Yes,,1,,,No,polyAselection,,No,,No,No,Yes,,hours,,CRISPR,,,,"INK128,Dasatinib",,24,,,,,,,,,,,,,,,,,,,,,,,,,,,,,,,,,,,,,,,,,,,,,,,,,,Arachnoidal,,,,,,,,,,,,,,,,,,,,,,,,,,,,,,,,,,,,,,,,,
Syn1_20.2.fastq.gz,Syn1_20.2.fastq.gz,raw,Raw,geneExpression,Genomicsequence,fastq,,Syn1,,experimentalData,Result,Syn1_20,,syn2343195,,+/+,,arachnoid,Arachnoidal cell,pairedEnd,PairedEnd,3421893,,,,Synodos NF2,Systems based drug discovery for NF2,Illumina HiSeq 2500,IlluminaHiSeq2500,"INK128,Dasatinib",,control,,Syn1,Syn1,RNA-seq,RNA-seq,Homo sapiens,,Yes,,2,,,No,polyAselection,,No,,No,No,Yes,,hours,,CRISPR,,,,"INK128,Dasatinib",,24,,,,,,,,,,,,,,,,,,,,,,,,,,,,,,,,,,,,,,,,,,,,,,,,,,Arachnoidal,,,,,,,,,,,,,,,,,,,,,,,,,,,,,,,,,,,,,,,,,
Syn1_21.1.fastq.gz,Syn1_21.1.fastq.gz,raw,Raw,geneExpression,Genomicsequence,fastq,,Syn1,,experimentalData,Result,Syn1_21,,syn2343195,,+/+,,arachnoid,Arachnoidal cell,pairedEnd,PairedEnd,3421893,,,,Synodos NF2,Systems based drug discovery for NF2,Illumina HiSeq 2500,IlluminaHiSeq2500,DMSO,,control,,Syn1,Syn1,RNA-seq,RNA-seq,Homo sapiens,,Yes,,1,,,No,polyAselection,,No,,No,No,Yes,,hours,,CRISPR,,,,DMSO,,24,,,,,,,,,,,,,,,,,,,,,,,,,,,,,,,,,,,,,,,,,,,,,,,,,,Arachnoidal,,,,,,,,,,,,,,,,,,,,,,,,,,,,,,,,,,,,,,,,,
Syn1_21.2.fastq.gz,Syn1_21.2.fastq.gz,raw,Raw,geneExpression,Genomicsequence,fastq,,Syn1,,experimentalData,Result,Syn1_21,,syn2343195,,+/+,,arachnoid,Arachnoidal cell,pairedEnd,PairedEnd,3421893,,,,Synodos NF2,Systems based drug discovery for NF2,Illumina HiSeq 2500,IlluminaHiSeq2500,DMSO,,control,,Syn1,Syn1,RNA-seq,RNA-seq,Homo sapiens,,Yes,,2,,,No,polyAselection,,No,,No,No,Yes,,hours,,CRISPR,,,,DMSO,,24,,,,,,,,,,,,,,,,,,,,,,,,,,,,,,,,,,,,,,,,,,,,,,,,,,Arachnoidal,,,,,,,,,,,,,,,,,,,,,,,,,,,,,,,,,,,,,,,,,
Syn1_22.1.fastq.gz,Syn1_22.1.fastq.gz,raw,Raw,geneExpression,Genomicsequence,fastq,,Syn1,,experimentalData,Result,Syn1_22,,syn2343195,,+/+,,arachnoid,Arachnoidal cell,pairedEnd,PairedEnd,3421893,,,,Synodos NF2,Systems based drug discovery for NF2,Illumina HiSeq 2500,IlluminaHiSeq2500,INK128,,control,,Syn1,Syn1,RNA-seq,RNA-seq,Homo sapiens,,Yes,,1,,,No,polyAselection,,No,,No,No,Yes,,hours,,CRISPR,,,,INK128,,24,,,,,,,,,,,,,,,,,,,,,,,,,,,,,,,,,,,,,,,,,,,,,,,,,,Arachnoidal,,,,,,,,,,,,,,,,,,,,,,,,,,,,,,,,,,,,,,,,,
Syn1_22.2.fastq.gz,Syn1_22.2.fastq.gz,raw,Raw,geneExpression,Genomicsequence,fastq,,Syn1,,experimentalData,Result,Syn1_22,,syn2343195,,+/+,,arachnoid,Arachnoidal cell,pairedEnd,PairedEnd,3421893,,,,Synodos NF2,Systems based drug discovery for NF2,Illumina HiSeq 2500,IlluminaHiSeq2500,INK128,,control,,Syn1,Syn1,RNA-seq,RNA-seq,Homo sapiens,,Yes,,2,,,No,polyAselection,,No,,No,No,Yes,,hours,,CRISPR,,,,INK128,,24,,,,,,,,,,,,,,,,,,,,,,,,,,,,,,,,,,,,,,,,,,,,,,,,,,Arachnoidal,,,,,,,,,,,,,,,,,,,,,,,,,,,,,,,,,,,,,,,,,
Syn1_23.1.fastq.gz,Syn1_23.1.fastq.gz,raw,Raw,geneExpression,Genomicsequence,fastq,,Syn1,,experimentalData,Result,Syn1_23,,syn2343195,,+/+,,arachnoid,Arachnoidal cell,pairedEnd,PairedEnd,3421893,,,,Synodos NF2,Systems based drug discovery for NF2,Illumina HiSeq 2500,IlluminaHiSeq2500,Dasatinib,,control,,Syn1,Syn1,RNA-seq,RNA-seq,Homo sapiens,,Yes,,1,,,No,polyAselection,,No,,No,No,Yes,,hours,,CRISPR,,,,Dasatinib,,24,,,,,,,,,,,,,,,,,,,,,,,,,,,,,,,,,,,,,,,,,,,,,,,,,,Arachnoidal,,,,,,,,,,,,,,,,,,,,,,,,,,,,,,,,,,,,,,,,,
Syn1_23.2.fastq.gz,Syn1_23.2.fastq.gz,raw,Raw,geneExpression,Genomicsequence,fastq,,Syn1,,experimentalData,Result,Syn1_23,,syn2343195,,+/+,,arachnoid,Arachnoidal cell,pairedEnd,PairedEnd,3421893,,,,Synodos NF2,Systems based drug discovery for NF2,Illumina HiSeq 2500,IlluminaHiSeq2500,Dasatinib,,control,,Syn1,Syn1,RNA-seq,RNA-seq,Homo sapiens,,Yes,,2,,,No,polyAselection,,No,,No,No,Yes,,hours,,CRISPR,,,,Dasatinib,,24,,,,,,,,,,,,,,,,,,,,,,,,,,,,,,,,,,,,,,,,,,,,,,,,,,Arachnoidal,,,,,,,,,,,,,,,,,,,,,,,,,,,,,,,,,,,,,,,,,
Syn1_24.1.fastq.gz,Syn1_24.1.fastq.gz,raw,Raw,geneExpression,Genomicsequence,fastq,,Syn1,,experimentalData,Result,Syn1_24,,syn2343195,,+/+,,arachnoid,Arachnoidal cell,pairedEnd,PairedEnd,3421893,,,,Synodos NF2,Systems based drug discovery for NF2,Illumina HiSeq 2500,IlluminaHiSeq2500,"INK128,Dasatinib",,control,,Syn1,Syn1,RNA-seq,RNA-seq,Homo sapiens,,Yes,,1,,,No,polyAselection,,No,,No,No,Yes,,hours,,CRISPR,,,,"INK128,Dasatinib",,24,,,,,,,,,,,,,,,,,,,,,,,,,,,,,,,,,,,,,,,,,,,,,,,,,,Arachnoidal,,,,,,,,,,,,,,,,,,,,,,,,,,,,,,,,,,,,,,,,,
Syn1_24.2.fastq.gz,Syn1_24.2.fastq.gz,raw,Raw,geneExpression,Genomicsequence,fastq,,Syn1,,experimentalData,Result,Syn1_24,,syn2343195,,+/+,,arachnoid,Arachnoidal cell,pairedEnd,PairedEnd,3421893,,,,Synodos NF2,Systems based drug discovery for NF2,Illumina HiSeq 2500,IlluminaHiSeq2500,"INK128,Dasatinib",,control,,Syn1,Syn1,RNA-seq,RNA-seq,Homo sapiens,,Yes,,2,,,No,polyAselection,,No,,No,No,Yes,,hours,,CRISPR,,,,"INK128,Dasatinib",,24,,,,,,,,,,,,,,,,,,,,,,,,,,,,,,,,,,,,,,,,,,,,,,,,,,Arachnoidal,,,,,,,,,,,,,,,,,,,,,,,,,,,,,,,,,,,,,,,,,
Syn1_3.1.fastq.gz,Syn1_3.1.fastq.gz,raw,Raw,geneExpression,Genomicsequence,fastq,,Syn1,,experimentalData,Result,Syn1_3,,syn2343195,,+/+,,arachnoid,Arachnoidal cell,pairedEnd,PairedEnd,3421893,,,,Synodos NF2,Systems based drug discovery for NF2,Illumina HiSeq 2500,IlluminaHiSeq2500,Brigatinib,,control,,Syn1,Syn1,RNA-seq,RNA-seq,Homo sapiens,,Yes,,1,,,No,polyAselection,,No,,No,No,Yes,,hours,,CRISPR,,,,Brigatinib,,24,,,,,,,,,,,,,,,,,,,,,,,,,,,,,,,,,,,,,,,,,,,,,,,,,,Arachnoidal,,,,,,,,,,,,,,,,,,,,,,,,,,,,,,,,,,,,,,,,,
Syn1_3.2.fastq.gz,Syn1_3.2.fastq.gz,raw,Raw,geneExpression,Genomicsequence,fastq,,Syn1,,experimentalData,Result,Syn1_3,,syn2343195,,+/+,,arachnoid,Arachnoidal cell,pairedEnd,PairedEnd,3421893,,,,Synodos NF2,Systems based drug discovery for NF2,Illumina HiSeq 2500,IlluminaHiSeq2500,Brigatinib,,control,,Syn1,Syn1,RNA-seq,RNA-seq,Homo sapiens,,Yes,,2,,,No,polyAselection,,No,,No,No,Yes,,hours,,CRISPR,,,,Brigatinib,,24,,,,,,,,,,,,,,,,,,,,,,,,,,,,,,,,,,,,,,,,,,,,,,,,,,Arachnoidal,,,,,,,,,,,,,,,,,,,,,,,,,,,,,,,,,,,,,,,,,
Syn1_4.1.fastq.gz,Syn1_4.1.fastq.gz,raw,Raw,geneExpression,Genomicsequence,fastq,,Syn1,,experimentalData,Result,Syn1_4,,syn2343195,,+/+,,arachnoid,Arachnoidal cell,pairedEnd,PairedEnd,3421893,,,,Synodos NF2,Systems based drug discovery for NF2,Illumina HiSeq 2500,IlluminaHiSeq2500,"MK2206,Brigatinib",,control,,Syn1,Syn1,RNA-seq,RNA-seq,Homo sapiens,,Yes,,1,,,No,polyAselection,,No,,No,No,Yes,,hours,,CRISPR,,,,"MK2206,Brigatinib",,24,,,,,,,,,,,,,,,,,,,,,,,,,,,,,,,,,,,,,,,,,,,,,,,,,,Arachnoidal,,,,,,,,,,,,,,,,,,,,,,,,,,,,,,,,,,,,,,,,,
Syn1_4.2.fastq.gz,Syn1_4.2.fastq.gz,raw,Raw,geneExpression,Genomicsequence,fastq,,Syn1,,experimentalData,Result,Syn1_4,,syn2343195,,+/+,,arachnoid,Arachnoidal cell,pairedEnd,PairedEnd,3421893,,,,Synodos NF2,Systems based drug discovery for NF2,Illumina HiSeq 2500,IlluminaHiSeq2500,"MK2206,Brigatinib",,control,,Syn1,Syn1,RNA-seq,RNA-seq,Homo sapiens,,Yes,,2,,,No,polyAselection,,No,,No,No,Yes,,hours,,CRISPR,,,,"MK2206,Brigatinib",,24,,,,,,,,,,,,,,,,,,,,,,,,,,,,,,,,,,,,,,,,,,,,,,,,,,Arachnoidal,,,,,,,,,,,,,,,,,,,,,,,,,,,,,,,,,,,,,,,,,
Syn1_5.1.fastq.gz,Syn1_5.1.fastq.gz,raw,Raw,geneExpression,Genomicsequence,fastq,,Syn1,,experimentalData,Result,Syn1_5,,syn2343195,,+/+,,arachnoid,Arachnoidal cell,pairedEnd,PairedEnd,3421893,,,,Synodos NF2,Systems based drug discovery for NF2,Illumina HiSeq 2500,IlluminaHiSeq2500,DMSO,,control,,Syn1,Syn1,RNA-seq,RNA-seq,Homo sapiens,,Yes,,1,,,No,polyAselection,,No,,No,No,Yes,,hours,,CRISPR,,,,DMSO,,24,,,,,,,,,,,,,,,,,,,,,,,,,,,,,,,,,,,,,,,,,,,,,,,,,,Arachnoidal,,,,,,,,,,,,,,,,,,,,,,,,,,,,,,,,,,,,,,,,,
Syn1_5.2.fastq.gz,Syn1_5.2.fastq.gz,raw,Raw,geneExpression,Genomicsequence,fastq,,Syn1,,experimentalData,Result,Syn1_5,,syn2343195,,+/+,,arachnoid,Arachnoidal cell,pairedEnd,PairedEnd,3421893,,,,Synodos NF2,Systems based drug discovery for NF2,Illumina HiSeq 2500,IlluminaHiSeq2500,DMSO,,control,,Syn1,Syn1,RNA-seq,RNA-seq,Homo sapiens,,Yes,,2,,,No,polyAselection,,No,,No,No,Yes,,hours,,CRISPR,,,,DMSO,,24,,,,,,,,,,,,,,,,,,,,,,,,,,,,,,,,,,,,,,,,,,,,,,,,,,Arachnoidal,,,,,,,,,,,,,,,,,,,,,,,,,,,,,,,,,,,,,,,,,
Syn1_6.1.fastq.gz,Syn1_6.1.fastq.gz,raw,Raw,geneExpression,Genomicsequence,fastq,,Syn1,,experimentalData,Result,Syn1_6,,syn2343195,,+/+,,arachnoid,Arachnoidal cell,pairedEnd,PairedEnd,3421893,,,,Synodos NF2,Systems based drug discovery for NF2,Illumina HiSeq 2500,IlluminaHiSeq2500,MK2206,,control,,Syn1,Syn1,RNA-seq,RNA-seq,Homo sapiens,,Yes,,1,,,No,polyAselection,,No,,No,No,Yes,,hours,,CRISPR,,,,MK2206,,24,,,,,,,,,,,,,,,,,,,,,,,,,,,,,,,,,,,,,,,,,,,,,,,,,,Arachnoidal,,,,,,,,,,,,,,,,,,,,,,,,,,,,,,,,,,,,,,,,,
Syn1_6.2.fastq.gz,Syn1_6.2.fastq.gz,raw,Raw,geneExpression,Genomicsequence,fastq,,Syn1,,experimentalData,Result,Syn1_6,,syn2343195,,+/+,,arachnoid,Arachnoidal cell,pairedEnd,PairedEnd,3421893,,,,Synodos NF2,Systems based drug discovery for NF2,Illumina HiSeq 2500,IlluminaHiSeq2500,MK2206,,control,,Syn1,Syn1,RNA-seq,RNA-seq,Homo sapiens,,Yes,,2,,,No,polyAselection,,No,,No,No,Yes,,hours,,CRISPR,,,,MK2206,,24,,,,,,,,,,,,,,,,,,,,,,,,,,,,,,,,,,,,,,,,,,,,,,,,,,Arachnoidal,,,,,,,,,,,,,,,,,,,,,,,,,,,,,,,,,,,,,,,,,
Syn1_7.1.fastq.gz,Syn1_7.1.fastq.gz,raw,Raw,geneExpression,Transcriptome,fastq,Gzip,Syn1,Syn1,experimentalData,Result,Syn1_7,Syn1,syn2343195,syn2343195,+/+,,arachnoid,Meningioma,pairedEnd,PairedEnd,3421893,,,Unknown,Synodos NF2,Synodos for NF2 Consortium,Illumina HiSeq 2500,IlluminaHiSeq,Brigatinib,,control,,Syn1,Syn7,RNA-seq,RNAseq,Homo sapiens,Musmusculus,Yes,Yes,1,1.0,,,polyAselection,,No,No,No,No,Yes,,hours,,CRISPR,,,,Brigatinib,,24,,,,,,,,,,,,,,,,,,,,,,,,,,,,,,,,,,Human,,,,,,,,,,FirstStranded,,+/+,,Bulkcell,,,,,,Syn1,,,,,,,,,,,,,,,,,,,,,,,,,,,,,,,,Meningioma,,STARandSalmon,,,
Syn1_7.2.fastq.gz,Syn1_7.2.fastq.gz,raw,Raw,geneExpression,Transcriptome,fastq,Gzip,Syn1,Syn1,experimentalData,Result,Syn1_7,Syn1,syn2343195,syn2343195,+/+,,arachnoid,Meningioma,pairedEnd,PairedEnd,3421893,,,Unknown,Synodos NF2,Synodos for NF2 Consortium,Illumina HiSeq 2500,IlluminaHiSeq,Brigatinib,,control,,Syn1,Syn7,RNA-seq,RNAseq,Homo sapiens,Musmusculus,Yes,Yes,2,2.0,,,polyAselection,,No,No,No,No,Yes,,hours,,CRISPR,,,,Brigatinib,,24,,,,,,,,,,,,,,,,,,,,,,,,,,,,,,,,,,Human,,,,,,,,,,FirstStranded,,+/+,,Bulkcell,,,,,,Syn1,,,,,,,,,,,,,,,,,,,,,,,,,,,,,,,,Meningioma,,STARandSalmon,,,
Syn1_8.1.fastq.gz,Syn1_8.1.fastq.gz,raw,Raw,geneExpression,Transcriptome,fastq,Gzip,Syn1,Syn1,experimentalData,Result,Syn1_8,Syn1,syn2343195,syn2343195,+/+,,arachnoid,Meningioma,pairedEnd,PairedEnd,3421893,,,Unknown,Synodos NF2,Synodos for NF2 Consortium,Illumina HiSeq 2500,IlluminaHiSeq,"MK2206,Brigatinib",,control,,Syn1,Syn8,RNA-seq,RNAseq,Homo sapiens,Musmusculus,Yes,Yes,1,1.0,,,polyAselection,,No,No,No,No,Yes,,hours,,CRISPR,,,,"MK2206,Brigatinib",,24,,,,,,,,,,,,,,,,,,,,,,,,,,,,,,,,,,Human,,,,,,,,,,FirstStranded,,+/+,,Bulkcell,,,,,,Syn1,,,,,,,,,,,,,,,,,,,,,,,,,,,,,,,,Meningioma,,STARandSalmon,,,
Syn1_8.2.fastq.gz,Syn1_8.2.fastq.gz,raw,Raw,geneExpression,Transcriptome,fastq,Gzip,Syn1,Syn1,experimentalData,Result,Syn1_8,Syn1,syn2343195,syn2343195,+/+,,arachnoid,Meningioma,pairedEnd,PairedEnd,3421893,,,Unknown,Synodos NF2,Synodos for NF2 Consortium,Illumina HiSeq 2500,IlluminaHiSeq,"MK2206,Brigatinib",,control,,Syn1,Syn8,RNA-seq,RNAseq,Homo sapiens,Musmusculus,Yes,Yes,2,2.0,,,polyAselection,,No,No,No,No,Yes,,hours,,CRISPR,,,,"MK2206,Brigatinib",,24,,,,,,,,,,,,,,,,,,,,,,,,,,,,,,,,,,Human,,,,,,,,,,FirstStranded,,+/+,,Bulkcell,,,,,,Syn1,,,,,,,,,,,,,,,,,,,,,,,,,,,,,,,,Meningioma,,STARandSalmon,,,
Syn1_9.1.fastq.gz,Syn1_9.1.fastq.gz,raw,Raw,geneExpression,Transcriptome,fastq,Gzip,Syn1,Syn1,experimentalData,Result,Syn1_9,Syn1,syn2343195,syn2343195,+/+,,arachnoid,Meningioma,pairedEnd,PairedEnd,3421893,,,Unknown,Synodos NF2,Synodos for NF2 Consortium,Illumina HiSeq 2500,IlluminaHiSeq,DMSO,,control,,Syn1,Syn9,RNA-seq,RNAseq,Homo sapiens,Musmusculus,Yes,Yes,1,1.0,,,polyAselection,,No,No,No,No,Yes,,hours,,CRISPR,,,,DMSO,,24,,,,,,,,,,,,,,,,,,,,,,,,,,,,,,,,,,Human,,,,,,,,,,FirstStranded,,+/+,,Bulkcell,,,,,,Syn1,,,,,,,,,,,,,,,,,,,,,,,,,,,,,,,,Meningioma,,STARandSalmon,,,
Syn1_9.2.fastq.gz,Syn1_9.2.fastq.gz,raw,Raw,geneExpression,Transcriptome,fastq,Gzip,Syn1,Syn1,experimentalData,Result,Syn1_9,Syn1,syn2343195,syn2343195,+/+,,arachnoid,Meningioma,pairedEnd,PairedEnd,3421893,,,Unknown,Synodos NF2,Synodos for NF2 Consortium,Illumina HiSeq 2500,IlluminaHiSeq,DMSO,,control,,Syn1,Syn9,RNA-seq,RNAseq,Homo sapiens,Musmusculus,Yes,Yes,2,2.0,,,polyAselection,,No,No,No,No,Yes,,hours,,CRISPR,,,,DMSO,,24,,,,,,,,,,,,,,,,,,,,,,,,,,,,,,,,,,Human,,,,,,,,,,FirstStranded,,+/+,,Bulkcell,,,,,,Syn1,,,,,,,,,,,,,,,,,,,,,,,,,,,,,,,,Meningioma,,STARandSalmon,,,
Syn5_1.1.fastq.gz,Syn5_1.1.fastq.gz,raw,Raw,geneExpression,Transcriptome,fastq,Gzip,Syn5,Syn5,experimentalData,Result,Syn5_1,Syn5,syn2343195,syn2343195,-/-,-/-,arachnoid,ArachnoidCell,pairedEnd,PairedEnd,3421893,,Neurofibromatosis type 2,Unknown,Synodos NF2,Synodos for NF2 Consortium,Illumina HiSeq 2500,IlluminaHiSeq,DMSO,,knockout,,Syn5,Syn5,RNA-seq,RNAseq,Homo sapiens,Musmusculus,Yes,Yes,1,1.0,,,polyAselection,,No,No,No,No,Yes,,hours,,CRISPR,,NF2,NF2,DMSO,,24,,,,,,,,,,,,,,,,,,,,,,,,,,,,,,,,,,Human,,,,,,,,,,FirstStranded,,-/-,,Bulkcell,,,,,,Syn5,,,,,,,,,,,,,,,,,,,,,,,,,,,,,,,,Meningioma,,STARandSalmon,,,
Syn5_1.2.fastq.gz,Syn5_1.2.fastq.gz,raw,Raw,geneExpression,Transcriptome,fastq,Gzip,Syn5,Syn5,experimentalData,Result,Syn5_1,Syn5,syn2343195,syn2343195,-/-,-/-,arachnoid,ArachnoidCell,pairedEnd,PairedEnd,3421893,,Neurofibromatosis type 2,Unknown,Synodos NF2,Synodos for NF2 Consortium,Illumina HiSeq 2500,IlluminaHiSeq,DMSO,,knockout,,Syn5,Syn5,RNA-seq,RNAseq,Homo sapiens,Musmusculus,Yes,Yes,2,2.0,,,polyAselection,,No,No,No,No,Yes,,hours,,CRISPR,,NF2,NF2,DMSO,,24,,,,,,,,,,,,,,,,,,,,,,,,,,,,,,,,,,Human,,,,,,,,,,FirstStranded,,-/-,,Bulkcell,,,,,,Syn5,,,,,,,,,,,,,,,,,,,,,,,,,,,,,,,,Meningioma,,STARandSalmon,,,
Syn5_10.1.fastq.gz,Syn5_10.1.fastq.gz,raw,Raw,geneExpression,Transcriptome,fastq,Gzip,Syn5,Syn5,experimentalData,Result,Syn5_10,Syn5,syn2343195,syn2343195,-/-,-/-,arachnoid,Meningioma,pairedEnd,PairedEnd,3421893,,Neurofibromatosis type 2,Unknown,Synodos NF2,Synodos for NF2 Consortium,Illumina HiSeq 2500,IlluminaHiSeq,MK2206,CUDC-907,knockout,,Syn5,Syn10,RNA-seq,RNAseq,Homo sapiens,Musmusculus,Yes,Yes,1,1.0,,,polyAselection,,No,No,No,No,Yes,,hours,,CRISPR,,NF2,NF2,MK2206,,24,,,,,,,,,,,,,,,,,,,,,,,,,,,,,,,,,,Human,,,,,,,,,,FirstStranded,,-/-,,Bulkcell,,,,,,Syn5,,,,,,,,,,,,,,,,,,,,,,,,,,,,,,,,Meningioma,,STARandSalmon,,,
Syn5_10.2.fastq.gz,Syn5_10.2.fastq.gz,raw,Raw,geneExpression,Transcriptome,fastq,Gzip,Syn5,Syn5,experimentalData,Result,Syn5_10,Syn5,syn2343195,syn2343195,-/-,-/-,arachnoid,Meningioma,pairedEnd,PairedEnd,3421893,,Neurofibromatosis type 2,Unknown,Synodos NF2,Synodos for NF2 Consortium,Illumina HiSeq 2500,IlluminaHiSeq,MK2206,CUDC-907,knockout,,Syn5,Syn10,RNA-seq,RNAseq,Homo sapiens,Musmusculus,Yes,Yes,2,2.0,,,polyAselection,,No,No,No,No,Yes,,hours,,CRISPR,,NF2,NF2,MK2206,,24,,,,,,,,,,,,,,,,,,,,,,,,,,,,,,,,,,Human,,,,,,,,,,FirstStranded,,-/-,,Bulkcell,,,,,,Syn5,,,,,,,,,,,,,,,,,,,,,,,,,,,,,,,,Meningioma,,STARandSalmon,,,
Syn5_11.1.fastq.gz,Syn5_11.1.fastq.gz,raw,Raw,geneExpression,Transcriptome,fastq,Gzip,Syn5,Syn5,experimentalData,Result,Syn5_11,Syn5,syn2343195,syn2343195,-/-,-/-,arachnoid,Meningioma,pairedEnd,PairedEnd,3421893,,Neurofibromatosis type 2,Unknown,Synodos NF2,Synodos for NF2 Consortium,Illumina HiSeq 2500,IlluminaHiSeq,Brigatinib,Panobinostat,knockout,,Syn5,Syn11,RNA-seq,RNAseq,Homo sapiens,Musmusculus,Yes,Yes,1,1.0,,,polyAselection,,No,No,No,No,Yes,,hours,,CRISPR,,NF2,NF2,Brigatinib,,24,,,,,,,,,,,,,,,,,,,,,,,,,,,,,,,,,,Human,,,,,,,,,,FirstStranded,,-/-,,Bulkcell,,,,,,Syn5,,,,,,,,,,,,,,,,,,,,,,,,,,,,,,,,Meningioma,,STARandSalmon,,,
Syn5_11.2.fastq.gz,Syn5_11.2.fastq.gz,raw,Raw,geneExpression,Transcriptome,fastq,Gzip,Syn5,Syn5,experimentalData,Result,Syn5_11,Syn5,syn2343195,syn2343195,-/-,-/-,arachnoid,Meningioma,pairedEnd,PairedEnd,3421893,,Neurofibromatosis type 2,Unknown,Synodos NF2,Synodos for NF2 Consortium,Illumina HiSeq 2500,IlluminaHiSeq,Brigatinib,Panobinostat,knockout,,Syn5,Syn11,RNA-seq,RNAseq,Homo sapiens,Musmusculus,Yes,Yes,2,2.0,,,polyAselection,,No,No,No,No,Yes,,hours,,CRISPR,,NF2,NF2,Brigatinib,,24,,,,,,,,,,,,,,,,,,,,,,,,,,,,,,,,,,Human,,,,,,,,,,FirstStranded,,-/-,,Bulkcell,,,,,,Syn5,,,,,,,,,,,,,,,,,,,,,,,,,,,,,,,,Meningioma,,STARandSalmon,,,
Syn5_12.1.fastq.gz,Syn5_12.1.fastq.gz,raw,Raw,geneExpression,Transcriptome,fastq,Gzip,Syn5,Syn5,experimentalData,Result,Syn5_12,Syn5,syn2343195,syn2343195,-/-,-/-,arachnoid,Meningioma,pairedEnd,PairedEnd,3421893,,Neurofibromatosis type 2,Unknown,Synodos NF2,Synodos for NF2 Consortium,Illumina HiSeq 2500,IlluminaHiSeq,"MK2206,Brigatinib",GSK2126458,knockout,,Syn5,Syn12,RNA-seq,RNAseq,Homo sapiens,Musmusculus,Yes,Yes,1,1.0,,,polyAselection,,No,No,No,No,Yes,,hours,,CRISPR,,NF2,NF2,"MK2206,Brigatinib",,24,,,,,,,,,,,,,,,,,,,,,,,,,,,,,,,,,,Human,,,,,,,,,,FirstStranded,,-/-,,Bulkcell,,,,,,Syn5,,,,,,,,,,,,,,,,,,,,,,,,,,,,,,,,Meningioma,,STARandSalmon,,,
Syn5_12.2.fastq.gz,Syn5_12.2.fastq.gz,raw,Raw,geneExpression,Transcriptome,fastq,Gzip,Syn5,Syn5,experimentalData,Result,Syn5_12,Syn5,syn2343195,syn2343195,-/-,-/-,arachnoid,Meningioma,pairedEnd,PairedEnd,3421893,,Neurofibromatosis type 2,Unknown,Synodos NF2,Synodos for NF2 Consortium,Illumina HiSeq 2500,IlluminaHiSeq,"MK2206,Brigatinib",GSK2126458,knockout,,Syn5,Syn12,RNA-seq,RNAseq,Homo sapiens,Musmusculus,Yes,Yes,2,2.0,,,polyAselection,,No,No,No,No,Yes,,hours,,CRISPR,,NF2,NF2,"MK2206,Brigatinib",,24,,,,,,,,,,,,,,,,,,,,,,,,,,,,,,,,,,Human,,,,,,,,,,FirstStranded,,-/-,,Bulkcell,,,,,,Syn5,,,,,,,,,,,,,,,,,,,,,,,,,,,,,,,,Meningioma,,STARandSalmon,,,
Syn5_13.1.fastq.gz,Syn5_13.1.fastq.gz,raw,Raw,geneExpression,Transcriptome,fastq,Gzip,Syn5,Syn5,experimentalData,Result,Syn5_13,Syn5,syn2343195,syn2343195,-/-,-/-,arachnoid,Schwann,pairedEnd,PairedEnd,3421893,,Neurofibromatosis type 2,Unknown,Synodos NF2,Synodos for NF2 Consortium,Illumina HiSeq 2500,IlluminaHiSeq,DMSO,CUDC-907,knockout,,Syn5,HS01,RNA-seq,RNAseq,Homo sapiens,Musmusculus,Yes,Yes,1,1.0,,,polyAselection,,No,No,No,No,Yes,,hours,,CRISPR,,NF2,NF2,DMSO,,24,,,,,,,,,,,,,,,,,,,,,,,,,,,,,,,,,,Human,,,,,,,,,,FirstStranded,,-/-,,Bulkcell,,,,,,Syn5,,,,,,,,,,,,,,,,,,,,,,,,,,,,,,,,Schwannoma,,STARandSalmon,,,
Syn5_13.2.fastq.gz,Syn5_13.2.fastq.gz,raw,Raw,geneExpression,Transcriptome,fastq,Gzip,Syn5,Syn5,experimentalData,Result,Syn5_13,Syn5,syn2343195,syn2343195,-/-,-/-,arachnoid,Schwann,pairedEnd,PairedEnd,3421893,,Neurofibromatosis type 2,Unknown,Synodos NF2,Synodos for NF2 Consortium,Illumina HiSeq 2500,IlluminaHiSeq,DMSO,CUDC-907,knockout,,Syn5,HS01,RNA-seq,RNAseq,Homo sapiens,Musmusculus,Yes,Yes,2,2.0,,,polyAselection,,No,No,No,No,Yes,,hours,,CRISPR,,NF2,NF2,DMSO,,24,,,,,,,,,,,,,,,,,,,,,,,,,,,,,,,,,,Human,,,,,,,,,,FirstStranded,,-/-,,Bulkcell,,,,,,Syn5,,,,,,,,,,,,,,,,,,,,,,,,,,,,,,,,Schwannoma,,STARandSalmon,,,
Syn5_14.1.fastq.gz,Syn5_14.1.fastq.gz,raw,Raw,geneExpression,Transcriptome,fastq,Gzip,Syn5,Syn5,experimentalData,Result,Syn5_14,Syn5,syn2343195,syn2343195,-/-,-/-,arachnoid,Schwann,pairedEnd,PairedEnd,3421893,,Neurofibromatosis type 2,Unknown,Synodos NF2,Synodos for NF2 Consortium,Illumina HiSeq 2500,IlluminaHiSeq,INK128,Panobinostat,knockout,,Syn5,HS11,RNA-seq,RNAseq,Homo sapiens,Musmusculus,Yes,Yes,1,1.0,,,polyAselection,,No,No,No,No,Yes,,hours,,CRISPR,,NF2,NF2,INK128,,24,,,,,,,,,,,,,,,,,,,,,,,,,,,,,,,,,,Human,,,,,,,,,,FirstStranded,,-/-,,Bulkcell,,,,,,Syn5,,,,,,,,,,,,,,,,,,,,,,,,,,,,,,,,Schwannoma,,STARandSalmon,,,
Syn5_14.2.fastq.gz,Syn5_14.2.fastq.gz,raw,Raw,geneExpression,Transcriptome,fastq,Gzip,Syn5,Syn5,experimentalData,Result,Syn5_14,Syn5,syn2343195,syn2343195,-/-,-/-,arachnoid,Schwann,pairedEnd,PairedEnd,3421893,,Neurofibromatosis type 2,Unknown,Synodos NF2,Synodos for NF2 Consortium,Illumina HiSeq 2500,IlluminaHiSeq,INK128,Panobinostat,knockout,,Syn5,HS11,RNA-seq,RNAseq,Homo sapiens,Musmusculus,Yes,Yes,2,2.0,,,polyAselection,,No,No,No,No,Yes,,hours,,CRISPR,,NF2,NF2,INK128,,24,,,,,,,,,,,,,,,,,,,,,,,,,,,,,,,,,,Human,,,,,,,,,,FirstStranded,,-/-,,Bulkcell,,,,,,Syn5,,,,,,,,,,,,,,,,,,,,,,,,,,,,,,,,Schwannoma,,STARandSalmon,,,
Syn5_15.1.fastq.gz,Syn5_15.1.fastq.gz,raw,Raw,geneExpression,Transcriptome,fastq,Gzip,Syn5,Syn5,experimentalData,Result,Syn5_15,Syn5,syn2343195,syn2343195,-/-,-/-,arachnoid,Schwann,pairedEnd,PairedEnd,3421893,,Neurofibromatosis type 2,Unknown,Synodos NF2,Synodos for NF2 Consortium,Illumina HiSeq 2500,IlluminaHiSeq,Dasatinib,GSK2126458,knockout,,Syn5,MS01,RNA-seq,RNAseq,Homo sapiens,Musmusculus,Yes,Yes,1,1.0,,,polyAselection,,No,No,No,No,Yes,,hours,,CRISPR,,NF2,NF2,Dasatinib,,24,,,,,,,,,,,,,,,,,,,,,,,,,,,,,,,,,,Human,,,,,,,,,,FirstStranded,,-/-,,Bulkcell,,,,,,Syn5,,,,,,,,,,,,,,,,,,,,,,,,,,,,,,,,Schwannoma,,STARandSalmon,,,
Syn5_15.2.fastq.gz,Syn5_15.2.fastq.gz,raw,Raw,geneExpression,Transcriptome,fastq,Gzip,Syn5,Syn5,experimentalData,Result,Syn5_15,Syn5,syn2343195,syn2343195,-/-,-/-,arachnoid,Schwann,pairedEnd,PairedEnd,3421893,,Neurofibromatosis type 2,Unknown,Synodos NF2,Synodos for NF2 Consortium,Illumina HiSeq 2500,IlluminaHiSeq,Dasatinib,GSK2126458,knockout,,Syn5,MS01,RNA-seq,RNAseq,Homo sapiens,Musmusculus,Yes,Yes,2,2.0,,,polyAselection,,No,No,No,No,Yes,,hours,,CRISPR,,NF2,NF2,Dasatinib,,24,,,,,,,,,,,,,,,,,,,,,,,,,,,,,,,,,,Human,,,,,,,,,,FirstStranded,,-/-,,Bulkcell,,,,,,Syn5,,,,,,,,,,,,,,,,,,,,,,,,,,,,,,,,Schwannoma,,STARandSalmon,,,
Syn5_16.1.fastq.gz,Syn5_16.1.fastq.gz,raw,Raw,geneExpression,Transcriptome,fastq,Gzip,Syn5,Syn5,experimentalData,Result,Syn5_16,Syn5,syn2343195,syn2343195,-/-,-/-,arachnoid,Schwann,pairedEnd,PairedEnd,3421893,,Neurofibromatosis type 2,Unknown,Synodos NF2,Synodos for NF2 Consortium,Illumina HiSeq 2500,IlluminaHiSeq,"INK128,Dasatinib",,knockout,,Syn5,MS02,RNA-seq,RNAseq,Homo sapiens,Musmusculus,Yes,Yes,1,1.0,,,polyAselection,,No,No,No,No,Yes,,hours,,CRISPR,,NF2,NF2,"INK128,Dasatinib",,24,,,,,,,,,,,,,,,,,,,,,,,,,,,,,,,,,,Human,,,,,,,,,,FirstStranded,,-/-,,Bulkcell,,,,,,Syn5,,,,,,,,,,,,,,,,,,,,,,,,,,,,,,,,Schwannoma,,STARandSalmon,,,
Syn5_16.2.fastq.gz,Syn5_16.2.fastq.gz,raw,Raw,geneExpression,Transcriptome,fastq,Gzip,Syn5,Syn5,experimentalData,Result,Syn5_16,Syn5,syn2343195,syn2343195,-/-,-/-,arachnoid,Schwann,pairedEnd,PairedEnd,3421893,,Neurofibromatosis type 2,Unknown,Synodos NF2,Synodos for NF2 Consortium,Illumina HiSeq 2500,IlluminaHiSeq,"INK128,Dasatinib",,knockout,,Syn5,MS02,RNA-seq,RNAseq,Homo sapiens,Musmusculus,Yes,Yes,2,2.0,,,polyAselection,,No,No,No,No,Yes,,hours,,CRISPR,,NF2,NF2,"INK128,Dasatinib",,24,,,,,,,,,,,,,,,,,,,,,,,,,,,,,,,,,,Human,,,,,,,,,,FirstStranded,,-/-,,Bulkcell,,,,,,Syn5,,,,,,,,,,,,,,,,,,,,,,,,,,,,,,,,Schwannoma,,STARandSalmon,,,
Syn5_17.1.fastq.gz,Syn5_17.1.fastq.gz,raw,Raw,geneExpression,Transcriptome,fastq,Gzip,Syn5,Syn5,experimentalData,Result,Syn5_17,Syn5,syn2343195,syn2343195,-/-,-/-,arachnoid,Schwann,pairedEnd,PairedEnd,3421893,,Neurofibromatosis type 2,Unknown,Synodos NF2,Synodos for NF2 Consortium,Illumina HiSeq 2500,IlluminaHiSeq,DMSO,,knockout,,Syn5,MS03,RNA-seq,RNAseq,Homo sapiens,Musmusculus,Yes,Yes,1,1.0,,,polyAselection,,No,No,No,No,Yes,,hours,,CRISPR,,NF2,NF2,DMSO,,24,,,,,,,,,,,,,,,,,,,,,,,,,,,,,,,,,,Human,,,,,,,,,,FirstStranded,,-/-,,Bulkcell,,,,,,Syn5,,,,,,,,,,,,,,,,,,,,,,,,,,,,,,,,Schwannoma,,STARandSalmon,,,
Syn5_17.2.fastq.gz,Syn5_17.2.fastq.gz,raw,Raw,geneExpression,Transcriptome,fastq,Gzip,Syn5,Syn5,experimentalData,Result,Syn5_17,Syn5,syn2343195,syn2343195,-/-,-/-,arachnoid,Schwann,pairedEnd,PairedEnd,3421893,,Neurofibromatosis type 2,Unknown,Synodos NF2,Synodos for NF2 Consortium,Illumina HiSeq 2500,IlluminaHiSeq,DMSO,,knockout,,Syn5,MS03,RNA-seq,RNAseq,Homo sapiens,Musmusculus,Yes,Yes,2,2.0,,,polyAselection,,No,No,No,No,Yes,,hours,,CRISPR,,NF2,NF2,DMSO,,24,,,,,,,,,,,,,,,,,,,,,,,,,,,,,,,,,,Human,,,,,,,,,,FirstStranded,,-/-,,Bulkcell,,,,,,Syn5,,,,,,,,,,,,,,,,,,,,,,,,,,,,,,,,Schwannoma,,STARandSalmon,,,
Syn5_18.1.fastq.gz,Syn5_18.1.fastq.gz,raw,Raw,geneExpression,Transcriptome,fastq,Gzip,Syn5,Syn5,experimentalData,Result,Syn5_18,Syn5,syn2343195,syn2343195,-/-,-/-,arachnoid,Schwann,pairedEnd,PairedEnd,3421893,,Neurofibromatosis type 2,Unknown,Synodos NF2,Synodos for NF2 Consortium,Illumina HiSeq 2500,IlluminaHiSeq,INK128,,knockout,,Syn5,MS11,RNA-seq,RNAseq,Homo sapiens,Musmusculus,Yes,Yes,1,1.0,,,polyAselection,,No,No,No,No,Yes,,hours,,CRISPR,,NF2,NF2,INK128,,24,,,,,,,,,,,,,,,,,,,,,,,,,,,,,,,,,,Human,,,,,,,,,,FirstStranded,,-/-,,Bulkcell,,,,,,Syn5,,,,,,,,,,,,,,,,,,,,,,,,,,,,,,,,Schwannoma,,STARandSalmon,,,
Syn5_18.2.fastq.gz,Syn5_18.2.fastq.gz,raw,Raw,geneExpression,Transcriptome,fastq,Gzip,Syn5,Syn5,experimentalData,Result,Syn5_18,Syn5,syn2343195,syn2343195,-/-,-/-,arachnoid,Schwann,pairedEnd,PairedEnd,3421893,,Neurofibromatosis type 2,Unknown,Synodos NF2,Synodos for NF2 Consortium,Illumina HiSeq 2500,IlluminaHiSeq,INK128,,knockout,,Syn5,MS11,RNA-seq,RNAseq,Homo sapiens,Musmusculus,Yes,Yes,2,2.0,,,polyAselection,,No,No,No,No,Yes,,hours,,CRISPR,,NF2,NF2,INK128,,24,,,,,,,,,,,,,,,,,,,,,,,,,,,,,,,,,,Human,,,,,,,,,,FirstStranded,,-/-,,Bulkcell,,,,,,Syn5,,,,,,,,,,,,,,,,,,,,,,,,,,,,,,,,Schwannoma,,STARandSalmon,,,
Syn5_19.1.fastq.gz,Syn5_19.1.fastq.gz,raw,Raw,geneExpression,Transcriptome,fastq,Gzip,Syn5,Syn5,experimentalData,Result,Syn5_19,Syn5,syn2343195,syn2343195,-/-,-/-,arachnoid,Schwann,pairedEnd,PairedEnd,3421893,,Neurofibromatosis type 2,Unknown,Synodos NF2,Synodos for NF2 Consortium,Illumina HiSeq 2500,IlluminaHiSeq,Dasatinib,,knockout,,Syn5,MS12,RNA-seq,RNAseq,Homo sapiens,Musmusculus,Yes,Yes,1,1.0,,,polyAselection,,No,No,No,No,Yes,,hours,,CRISPR,,NF2,NF2,Dasatinib,,24,,,,,,,,,,,,,,,,,,,,,,,,,,,,,,,,,,Human,,,,,,,,,,FirstStranded,,-/-,,Bulkcell,,,,,,Syn5,,,,,,,,,,,,,,,,,,,,,,,,,,,,,,,,Schwannoma,,STARandSalmon,,,
Syn5_19.2.fastq.gz,Syn5_19.2.fastq.gz,raw,Raw,geneExpression,Transcriptome,fastq,Gzip,Syn5,Syn5,experimentalData,Result,Syn5_19,Syn5,syn2343195,syn2343195,-/-,-/-,arachnoid,Schwann,pairedEnd,PairedEnd,3421893,,Neurofibromatosis type 2,Unknown,Synodos NF2,Synodos for NF2 Consortium,Illumina HiSeq 2500,IlluminaHiSeq,Dasatinib,,knockout,,Syn5,MS12,RNA-seq,RNAseq,Homo sapiens,Musmusculus,Yes,Yes,2,2.0,,,polyAselection,,No,No,No,No,Yes,,hours,,CRISPR,,NF2,NF2,Dasatinib,,24,,,,,,,,,,,,,,,,,,,,,,,,,,,,,,,,,,Human,,,,,,,,,,FirstStranded,,-/-,,Bulkcell,,,,,,Syn5,,,,,,,,,,,,,,,,,,,,,,,,,,,,,,,,Schwannoma,,STARandSalmon,,,
Syn5_2.1.fastq.gz,Syn5_2.1.fastq.gz,raw,Raw,geneExpression,Transcriptome,fastq,Gzip,Syn5,Syn5,experimentalData,Result,Syn5_2,Syn5,syn2343195,syn2343195,-/-,-/-,arachnoid,ArachnoidCell,pairedEnd,PairedEnd,3421893,,Neurofibromatosis type 2,Unknown,Synodos NF2,Synodos for NF2 Consortium,Illumina HiSeq 2500,IlluminaHiSeq,MK2206,,knockout,,Syn5,Syn5,RNA-seq,RNAseq,Homo sapiens,Musmusculus,Yes,Yes,1,1.0,,,polyAselection,,No,No,No,No,Yes,,hours,,CRISPR,,NF2,NF2,MK2206,,24,,,,,,,,,,,,,,,,,,,,,,,,,,,,,,,,,,Human,,,,,,,,,,FirstStranded,,-/-,,Bulkcell,,,,,,Syn5,,,,,,,,,,,,,,,,,,,,,,,,,,,,,,,,Meningioma,,STARandSalmon,,,
Syn5_2.2.fastq.gz,Syn5_2.2.fastq.gz,raw,Raw,geneExpression,Transcriptome,fastq,Gzip,Syn5,Syn5,experimentalData,Result,Syn5_2,Syn5,syn2343195,syn2343195,-/-,-/-,arachnoid,ArachnoidCell,pairedEnd,PairedEnd,3421893,,Neurofibromatosis type 2,Unknown,Synodos NF2,Synodos for NF2 Consortium,Illumina HiSeq 2500,IlluminaHiSeq,MK2206,,knockout,,Syn5,Syn5,RNA-seq,RNAseq,Homo sapiens,Musmusculus,Yes,Yes,2,2.0,,,polyAselection,,No,No,No,No,Yes,,hours,,CRISPR,,NF2,NF2,MK2206,,24,,,,,,,,,,,,,,,,,,,,,,,,,,,,,,,,,,Human,,,,,,,,,,FirstStranded,,-/-,,Bulkcell,,,,,,Syn5,,,,,,,,,,,,,,,,,,,,,,,,,,,,,,,,Meningioma,,STARandSalmon,,,
Syn5_20.1.fastq.gz,Syn5_20.1.fastq.gz,raw,Raw,geneExpression,Transcriptome,fastq,Gzip,Syn5,Syn5,experimentalData,Result,Syn5_20,Syn5,syn2343195,syn2343195,-/-,-/-,arachnoid,ArachnoidCell,pairedEnd,PairedEnd,3421893,,Neurofibromatosis type 2,Unknown,Synodos NF2,Synodos for NF2 Consortium,Illumina HiSeq 2500,IlluminaHiSeq,"INK128,Dasatinib",,knockout,,Syn5,Syn1,RNA-seq,RNAseq,Homo sapiens,Musmusculus,Yes,Yes,1,1.0,,,polyAselection,,No,No,No,No,Yes,,hours,,CRISPR,,NF2,NF2,"INK128,Dasatinib",,24,,,,,,,,,,,,,,,,,,,,,,,,,,,,,,,,,,Human,,,,,,,,,,FirstStranded,,-/-,,Bulkcell,,,,,,Syn5,,,,,,,,,,,,,,,,,,,,,,,,,,,,,,,,Meningioma,,STARandSalmon,,,
Syn5_20.2.fastq.gz,Syn5_20.2.fastq.gz,raw,Raw,geneExpression,Transcriptome,fastq,Gzip,Syn5,Syn5,experimentalData,Result,Syn5_20,Syn5,syn2343195,syn2343195,-/-,-/-,arachnoid,ArachnoidCell,pairedEnd,PairedEnd,3421893,,Neurofibromatosis type 2,Unknown,Synodos NF2,Synodos for NF2 Consortium,Illumina HiSeq 2500,IlluminaHiSeq,"INK128,Dasatinib",,knockout,,Syn5,Syn1,RNA-seq,RNAseq,Homo sapiens,Musmusculus,Yes,Yes,2,2.0,,,polyAselection,,No,No,No,No,Yes,,hours,,CRISPR,,NF2,NF2,"INK128,Dasatinib",,24,,,,,,,,,,,,,,,,,,,,,,,,,,,,,,,,,,Human,,,,,,,,,,FirstStranded,,-/-,,Bulkcell,,,,,,Syn5,,,,,,,,,,,,,,,,,,,,,,,,,,,,,,,,Meningioma,,STARandSalmon,,,
Syn5_21.1.fastq.gz,Syn5_21.1.fastq.gz,raw,Raw,geneExpression,Transcriptome,fastq,Gzip,Syn5,Syn5,experimentalData,Result,Syn5_21,Syn5,syn2343195,syn2343195,-/-,-/-,arachnoid,ArachnoidCell,pairedEnd,PairedEnd,3421893,,Neurofibromatosis type 2,Unknown,Synodos NF2,Synodos for NF2 Consortium,Illumina HiSeq 2500,IlluminaHiSeq,DMSO,,knockout,,Syn5,Syn2,RNA-seq,RNAseq,Homo sapiens,Musmusculus,Yes,Yes,1,1.0,,,polyAselection,,No,No,No,No,Yes,,hours,,CRISPR,,NF2,NF2,DMSO,,24,,,,,,,,,,,,,,,,,,,,,,,,,,,,,,,,,,Human,,,,,,,,,,FirstStranded,,-/-,,Bulkcell,,,,,,Syn5,,,,,,,,,,,,,,,,,,,,,,,,,,,,,,,,Meningioma,,STARandSalmon,,,
Syn5_21.2.fastq.gz,Syn5_21.2.fastq.gz,raw,Raw,geneExpression,Transcriptome,fastq,Gzip,Syn5,Syn5,experimentalData,Result,Syn5_21,Syn5,syn2343195,syn2343195,-/-,-/-,arachnoid,ArachnoidCell,pairedEnd,PairedEnd,3421893,,Neurofibromatosis type 2,Unknown,Synodos NF2,Synodos for NF2 Consortium,Illumina HiSeq 2500,IlluminaHiSeq,DMSO,,knockout,,Syn5,Syn2,RNA-seq,RNAseq,Homo sapiens,Musmusculus,Yes,Yes,2,2.0,,,polyAselection,,No,No,No,No,Yes,,hours,,CRISPR,,NF2,NF2,DMSO,,24,,,,,,,,,,,,,,,,,,,,,,,,,,,,,,,,,,Human,,,,,,,,,,FirstStranded,,-/-,,Bulkcell,,,,,,Syn5,,,,,,,,,,,,,,,,,,,,,,,,,,,,,,,,Meningioma,,STARandSalmon,,,
Syn5_22.1.fastq.gz,Syn5_22.1.fastq.gz,raw,Raw,geneExpression,Transcriptome,fastq,Gzip,Syn5,Syn5,experimentalData,Result,Syn5_22,Syn5,syn2343195,syn2343195,-/-,-/-,arachnoid,ArachnoidCell,pairedEnd,PairedEnd,3421893,,Neurofibromatosis type 2,Unknown,Synodos NF2,Synodos for NF2 Consortium,Illumina HiSeq 2500,IlluminaHiSeq,INK128,,knockout,,Syn5,Syn3,RNA-seq,RNAseq,Homo sapiens,Musmusculus,Yes,Yes,1,1.0,,,polyAselection,,No,No,No,No,Yes,,hours,,CRISPR,,NF2,NF2,INK128,,24,,,,,,,,,,,,,,,,,,,,,,,,,,,,,,,,,,Human,,,,,,,,,,FirstStranded,,-/-,,Bulkcell,,,,,,Syn5,,,,,,,,,,,,,,,,,,,,,,,,,,,,,,,,Meningioma,,STARandSalmon,,,
Syn5_22.2.fastq.gz,Syn5_22.2.fastq.gz,raw,Raw,geneExpression,Transcriptome,fastq,Gzip,Syn5,Syn5,experimentalData,Result,Syn5_22,Syn5,syn2343195,syn2343195,-/-,-/-,arachnoid,ArachnoidCell,pairedEnd,PairedEnd,3421893,,Neurofibromatosis type 2,Unknown,Synodos NF2,Synodos for NF2 Consortium,Illumina HiSeq 2500,IlluminaHiSeq,INK128,,knockout,,Syn5,Syn3,RNA-seq,RNAseq,Homo sapiens,Musmusculus,Yes,Yes,2,2.0,,,polyAselection,,No,No,No,No,Yes,,hours,,CRISPR,,NF2,NF2,INK128,,24,,,,,,,,,,,,,,,,,,,,,,,,,,,,,,,,,,Human,,,,,,,,,,FirstStranded,,-/-,,Bulkcell,,,,,,Syn5,,,,,,,,,,,,,,,,,,,,,,,,,,,,,,,,Meningioma,,STARandSalmon,,,
Syn5_23.1.fastq.gz,Syn5_23.1.fastq.gz,raw,Raw,geneExpression,Transcriptome,fastq,Gzip,Syn5,Syn5,experimentalData,Result,Syn5_23,Syn5,syn2343195,syn2343195,-/-,-/-,arachnoid,ArachnoidCell,pairedEnd,PairedEnd,3421893,,Neurofibromatosis type 2,Unknown,Synodos NF2,Synodos for NF2 Consortium,Illumina HiSeq 2500,IlluminaHiSeq,Dasatinib,,knockout,,Syn5,Syn4,RNA-seq,RNAseq,Homo sapiens,Musmusculus,Yes,Yes,1,1.0,,,polyAselection,,No,No,No,No,Yes,,hours,,CRISPR,,NF2,NF2,Dasatinib,,24,,,,,,,,,,,,,,,,,,,,,,,,,,,,,,,,,,Human,,,,,,,,,,FirstStranded,,-/-,,Bulkcell,,,,,,Syn5,,,,,,,,,,,,,,,,,,,,,,,,,,,,,,,,Meningioma,,STARandSalmon,,,
Syn5_23.2.fastq.gz,Syn5_23.2.fastq.gz,raw,Raw,geneExpression,Transcriptome,fastq,Gzip,Syn5,Syn5,experimentalData,Result,Syn5_23,Syn5,syn2343195,syn2343195,-/-,-/-,arachnoid,ArachnoidCell,pairedEnd,PairedEnd,3421893,,Neurofibromatosis type 2,Unknown,Synodos NF2,Synodos for NF2 Consortium,Illumina HiSeq 2500,IlluminaHiSeq,Dasatinib,,knockout,,Syn5,Syn4,RNA-seq,RNAseq,Homo sapiens,Musmusculus,Yes,Yes,2,2.0,,,polyAselection,,No,No,No,No,Yes,,hours,,CRISPR,,NF2,NF2,Dasatinib,,24,,,,,,,,,,,,,,,,,,,,,,,,,,,,,,,,,,Human,,,,,,,,,,FirstStranded,,-/-,,Bulkcell,,,,,,Syn5,,,,,,,,,,,,,,,,,,,,,,,,,,,,,,,,Meningioma,,STARandSalmon,,,
Syn5_24.1.fastq.gz,Syn5_24.1.fastq.gz,raw,Raw,geneExpression,Transcriptome,fastq,Gzip,Syn5,Syn5,experimentalData,Result,Syn5_24,Syn5,syn2343195,syn2343195,-/-,-/-,arachnoid,ArachnoidCell,pairedEnd,PairedEnd,3421893,,Neurofibromatosis type 2,Unknown,Synodos NF2,Synodos for NF2 Consortium,Illumina HiSeq 2500,IlluminaHiSeq,"INK128,Dasatinib",,knockout,,Syn5,Syn5,RNA-seq,RNAseq,Homo sapiens,Musmusculus,Yes,Yes,1,1.0,,,polyAselection,,No,No,No,No,Yes,,hours,,CRISPR,,NF2,NF2,"INK128,Dasatinib",,24,,,,,,,,,,,,,,,,,,,,,,,,,,,,,,,,,,Human,,,,,,,,,,FirstStranded,,-/-,,Bulkcell,,,,,,Syn5,,,,,,,,,,,,,,,,,,,,,,,,,,,,,,,,Meningioma,,STARandSalmon,,,
Syn5_24.2.fastq.gz,Syn5_24.2.fastq.gz,raw,Raw,geneExpression,Transcriptome,fastq,Gzip,Syn5,Syn5,experimentalData,Result,Syn5_24,Syn5,syn2343195,syn2343195,-/-,-/-,arachnoid,ArachnoidCell,pairedEnd,PairedEnd,3421893,,Neurofibromatosis type 2,Unknown,Synodos NF2,Synodos for NF2 Consortium,Illumina HiSeq 2500,IlluminaHiSeq,"INK128,Dasatinib",,knockout,,Syn5,Syn5,RNA-seq,RNAseq,Homo sapiens,Musmusculus,Yes,Yes,2,2.0,,,polyAselection,,No,No,No,No,Yes,,hours,,CRISPR,,NF2,NF2,"INK128,Dasatinib",,24,,,,,,,,,,,,,,,,,,,,,,,,,,,,,,,,,,Human,,,,,,,,,,FirstStranded,,-/-,,Bulkcell,,,,,,Syn5,,,,,,,,,,,,,,,,,,,,,,,,,,,,,,,,Meningioma,,STARandSalmon,,,
Syn5_3.1.fastq.gz,Syn5_3.1.fastq.gz,raw,Raw,geneExpression,Transcriptome,fastq,Gzip,Syn5,Syn5,experimentalData,Result,Syn5_3,Syn5,syn2343195,syn2343195,-/-,-/-,arachnoid,ArachnoidCell,pairedEnd,PairedEnd,3421893,,Neurofibromatosis type 2,Unknown,Synodos NF2,Synodos for NF2 Consortium,Illumina HiSeq 2500,IlluminaHiSeq,Brigatinib,,knockout,,Syn5,Syn5,RNA-seq,RNAseq,Homo sapiens,Musmusculus,Yes,Yes,1,1.0,,,polyAselection,,No,No,No,No,Yes,,hours,,CRISPR,,NF2,NF2,Brigatinib,,24,,,,,,,,,,,,,,,,,,,,,,,,,,,,,,,,,,Human,,,,,,,,,,FirstStranded,,-/-,,Bulkcell,,,,,,Syn5,,,,,,,,,,,,,,,,,,,,,,,,,,,,,,,,Meningioma,,STARandSalmon,,,
Syn5_3.2.fastq.gz,Syn5_3.2.fastq.gz,raw,Raw,geneExpression,Transcriptome,fastq,Gzip,Syn5,Syn5,experimentalData,Result,Syn5_3,Syn5,syn2343195,syn2343195,-/-,-/-,arachnoid,ArachnoidCell,pairedEnd,PairedEnd,3421893,,Neurofibromatosis type 2,Unknown,Synodos NF2,Synodos for NF2 Consortium,Illumina HiSeq 2500,IlluminaHiSeq,Brigatinib,,knockout,,Syn5,Syn5,RNA-seq,RNAseq,Homo sapiens,Musmusculus,Yes,Yes,2,2.0,,,polyAselection,,No,No,No,No,Yes,,hours,,CRISPR,,NF2,NF2,Brigatinib,,24,,,,,,,,,,,,,,,,,,,,,,,,,,,,,,,,,,Human,,,,,,,,,,FirstStranded,,-/-,,Bulkcell,,,,,,Syn5,,,,,,,,,,,,,,,,,,,,,,,,,,,,,,,,Meningioma,,STARandSalmon,,,
Syn5_4.1.fastq.gz,Syn5_4.1.fastq.gz,raw,Raw,geneExpression,Transcriptome,fastq,Gzip,Syn5,Syn5,experimentalData,Result,Syn5_4,Syn5,syn2343195,syn2343195,-/-,-/-,arachnoid,ArachnoidCell,pairedEnd,PairedEnd,3421893,,Neurofibromatosis type 2,Unknown,Synodos NF2,Synodos for NF2 Consortium,Illumina HiSeq 2500,IlluminaHiSeq,"MK2206,Brigatinib",,knockout,,Syn5,Syn5,RNA-seq,RNAseq,Homo sapiens,Musmusculus,Yes,Yes,1,1.0,,,polyAselection,,No,No,No,No,Yes,,hours,,CRISPR,,NF2,NF2,"MK2206,Brigatinib",,24,,,,,,,,,,,,,,,,,,,,,,,,,,,,,,,,,,Human,,,,,,,,,,FirstStranded,,-/-,,Bulkcell,,,,,,Syn5,,,,,,,,,,,,,,,,,,,,,,,,,,,,,,,,Meningioma,,STARandSalmon,,,
Syn5_4.2.fastq.gz,Syn5_4.2.fastq.gz,raw,Raw,geneExpression,Transcriptome,fastq,Gzip,Syn5,Syn5,experimentalData,Result,Syn5_4,Syn5,syn2343195,syn2343195,-/-,-/-,arachnoid,ArachnoidCell,pairedEnd,PairedEnd,3421893,,Neurofibromatosis type 2,Unknown,Synodos NF2,Synodos for NF2 Consortium,Illumina HiSeq 2500,IlluminaHiSeq,"MK2206,Brigatinib",,knockout,,Syn5,Syn5,RNA-seq,RNAseq,Homo sapiens,Musmusculus,Yes,Yes,2,2.0,,,polyAselection,,No,No,No,No,Yes,,hours,,CRISPR,,NF2,NF2,"MK2206,Brigatinib",,24,,,,,,,,,,,,,,,,,,,,,,,,,,,,,,,,,,Human,,,,,,,,,,FirstStranded,,-/-,,Bulkcell,,,,,,Syn5,,,,,,,,,,,,,,,,,,,,,,,,,,,,,,,,Meningioma,,STARandSalmon,,,
Syn5_5.1.fastq.gz,Syn5_5.1.fastq.gz,raw,Raw,geneExpression,Transcriptome,fastq,Gzip,Syn5,Syn5,experimentalData,Result,Syn5_5,Syn5,syn2343195,syn2343195,-/-,-/-,arachnoid,ArachnoidCell,pairedEnd,PairedEnd,3421893,,Neurofibromatosis type 2,Unknown,Synodos NF2,Synodos for NF2 Consortium,Illumina HiSeq 2500,IlluminaHiSeq,DMSO,,knockout,,Syn5,Syn5,RNA-seq,RNAseq,Homo sapiens,Musmusculus,Yes,Yes,1,1.0,,,polyAselection,,No,No,No,No,Yes,,hours,,CRISPR,,NF2,NF2,DMSO,,24,,,,,,,,,,,,,,,,,,,,,,,,,,,,,,,,,,Human,,,,,,,,,,FirstStranded,,-/-,,Bulkcell,,,,,,Syn5,,,,,,,,,,,,,,,,,,,,,,,,,,,,,,,,Meningioma,,STARandSalmon,,,
Syn5_5.2.fastq.gz,Syn5_5.2.fastq.gz,raw,Raw,geneExpression,Transcriptome,fastq,Gzip,Syn5,Syn5,experimentalData,Result,Syn5_5,Syn5,syn2343195,syn2343195,-/-,-/-,arachnoid,ArachnoidCell,pairedEnd,PairedEnd,3421893,,Neurofibromatosis type 2,Unknown,Synodos NF2,Synodos for NF2 Consortium,Illumina HiSeq 2500,IlluminaHiSeq,DMSO,,knockout,,Syn5,Syn5,RNA-seq,RNAseq,Homo sapiens,Musmusculus,Yes,Yes,2,2.0,,,polyAselection,,No,No,No,No,Yes,,hours,,CRISPR,,NF2,NF2,DMSO,,24,,,,,,,,,,,,,,,,,,,,,,,,,,,,,,,,,,Human,,,,,,,,,,FirstStranded,,-/-,,Bulkcell,,,,,,Syn5,,,,,,,,,,,,,,,,,,,,,,,,,,,,,,,,Meningioma,,STARandSalmon,,,
Syn5_6.1.fastq.gz,Syn5_6.1.fastq.gz,raw,Raw,geneExpression,Transcriptome,fastq,Gzip,Syn5,Syn5,experimentalData,Result,Syn5_6,Syn5,syn2343195,syn2343195,-/-,-/-,arachnoid,Meningioma,pairedEnd,PairedEnd,3421893,,Neurofibromatosis type 2,Unknown,Synodos NF2,Synodos for NF2 Consortium,Illumina HiSeq 2500,IlluminaHiSeq,MK2206,,knockout,,Syn5,Syn6,RNA-seq,RNAseq,Homo sapiens,Musmusculus,Yes,Yes,1,1.0,,,polyAselection,,No,No,No,No,Yes,,hours,,CRISPR,,NF2,NF2,MK2206,,24,,,,,,,,,,,,,,,,,,,,,,,,,,,,,,,,,,Human,,,,,,,,,,FirstStranded,,-/-,,Bulkcell,,,,,,Syn5,,,,,,,,,,,,,,,,,,,,,,,,,,,,,,,,Meningioma,,STARandSalmon,,,
Syn5_6.2.fastq.gz,Syn5_6.2.fastq.gz,raw,Raw,geneExpression,Transcriptome,fastq,Gzip,Syn5,Syn5,experimentalData,Result,Syn5_6,Syn5,syn2343195,syn2343195,-/-,-/-,arachnoid,Meningioma,pairedEnd,PairedEnd,3421893,,Neurofibromatosis type 2,Unknown,Synodos NF2,Synodos for NF2 Consortium,Illumina HiSeq 2500,IlluminaHiSeq,MK2206,,knockout,,Syn5,Syn6,RNA-seq,RNAseq,Homo sapiens,Musmusculus,Yes,Yes,2,2.0,,,polyAselection,,No,No,No,No,Yes,,hours,,CRISPR,,NF2,NF2,MK2206,,24,,,,,,,,,,,,,,,,,,,,,,,,,,,,,,,,,,Human,,,,,,,,,,FirstStranded,,-/-,,Bulkcell,,,,,,Syn5,,,,,,,,,,,,,,,,,,,,,,,,,,,,,,,,Meningioma,,STARandSalmon,,,
Syn5_7.1.fastq.gz,Syn5_7.1.fastq.gz,raw,Raw,geneExpression,Transcriptome,fastq,Gzip,Syn5,Syn5,experimentalData,Result,Syn5_7,Syn5,syn2343195,syn2343195,-/-,-/-,arachnoid,Meningioma,pairedEnd,PairedEnd,3421893,,Neurofibromatosis type 2,Unknown,Synodos NF2,Synodos for NF2 Consortium,Illumina HiSeq 2500,IlluminaHiSeq,Brigatinib,,knockout,,Syn5,Syn7,RNA-seq,RNAseq,Homo sapiens,Musmusculus,Yes,Yes,1,1.0,,,polyAselection,,No,No,No,No,Yes,,hours,,CRISPR,,NF2,NF2,Brigatinib,,24,,,,,,,,,,,,,,,,,,,,,,,,,,,,,,,,,,Human,,,,,,,,,,FirstStranded,,-/-,,Bulkcell,,,,,,Syn5,,,,,,,,,,,,,,,,,,,,,,,,,,,,,,,,Meningioma,,STARandSalmon,,,
Syn5_7.2.fastq.gz,Syn5_7.2.fastq.gz,raw,Raw,geneExpression,Transcriptome,fastq,Gzip,Syn5,Syn5,experimentalData,Result,Syn5_7,Syn5,syn2343195,syn2343195,-/-,-/-,arachnoid,Meningioma,pairedEnd,PairedEnd,3421893,,Neurofibromatosis type 2,Unknown,Synodos NF2,Synodos for NF2 Consortium,Illumina HiSeq 2500,IlluminaHiSeq,Brigatinib,,knockout,,Syn5,Syn7,RNA-seq,RNAseq,Homo sapiens,Musmusculus,Yes,Yes,2,2.0,,,polyAselection,,No,No,No,No,Yes,,hours,,CRISPR,,NF2,NF2,Brigatinib,,24,,,,,,,,,,,,,,,,,,,,,,,,,,,,,,,,,,Human,,,,,,,,,,FirstStranded,,-/-,,Bulkcell,,,,,,Syn5,,,,,,,,,,,,,,,,,,,,,,,,,,,,,,,,Meningioma,,STARandSalmon,,,
Syn5_8.1.fastq.gz,Syn5_8.1.fastq.gz,raw,Raw,geneExpression,Transcriptome,fastq,Gzip,Syn5,Syn5,experimentalData,Result,Syn5_8,Syn5,syn2343195,syn2343195,-/-,-/-,arachnoid,Meningioma,pairedEnd,PairedEnd,3421893,,Neurofibromatosis type 2,Unknown,Synodos NF2,Synodos for NF2 Consortium,Illumina HiSeq 2500,IlluminaHiSeq,"MK2206,Brigatinib",,knockout,,Syn5,Syn8,RNA-seq,RNAseq,Homo sapiens,Musmusculus,Yes,Yes,1,1.0,,,polyAselection,,No,No,No,No,Yes,,hours,,CRISPR,,NF2,NF2,"MK2206,Brigatinib",,24,,,,,,,,,,,,,,,,,,,,,,,,,,,,,,,,,,Human,,,,,,,,,,FirstStranded,,-/-,,Bulkcell,,,,,,Syn5,,,,,,,,,,,,,,,,,,,,,,,,,,,,,,,,Meningioma,,STARandSalmon,,,
Syn5_8.2.fastq.gz,Syn5_8.2.fastq.gz,raw,Raw,geneExpression,Transcriptome,fastq,Gzip,Syn5,Syn5,experimentalData,Result,Syn5_8,Syn5,syn2343195,syn2343195,-/-,-/-,arachnoid,Meningioma,pairedEnd,PairedEnd,3421893,,Neurofibromatosis type 2,Unknown,Synodos NF2,Synodos for NF2 Consortium,Illumina HiSeq 2500,IlluminaHiSeq,"MK2206,Brigatinib",,knockout,,Syn5,Syn8,RNA-seq,RNAseq,Homo sapiens,Musmusculus,Yes,Yes,2,2.0,,,polyAselection,,No,No,No,No,Yes,,hours,,CRISPR,,NF2,NF2,"MK2206,Brigatinib",,24,,,,,,,,,,,,,,,,,,,,,,,,,,,,,,,,,,Human,,,,,,,,,,FirstStranded,,-/-,,Bulkcell,,,,,,Syn5,,,,,,,,,,,,,,,,,,,,,,,,,,,,,,,,Meningioma,,STARandSalmon,,,
Syn5_9.1.fastq.gz,Syn5_9.1.fastq.gz,raw,Raw,geneExpression,Transcriptome,fastq,Gzip,Syn5,Syn5,experimentalData,Result,Syn5_9,Syn5,syn2343195,syn2343195,-/-,-/-,arachnoid,Meningioma,pairedEnd,PairedEnd,3421893,,Neurofibromatosis type 2,Unknown,Synodos NF2,Synodos for NF2 Consortium,Illumina HiSeq 2500,IlluminaHiSeq,DMSO,,knockout,,Syn5,Syn9,RNA-seq,RNAseq,Homo sapiens,Musmusculus,Yes,Yes,1,1.0,,,polyAselection,,No,No,No,No,Yes,,hours,,CRISPR,,NF2,NF2,DMSO,,24,,,,,,,,,,,,,,,,,,,,,,,,,,,,,,,,,,Human,,,,,,,,,,FirstStranded,,-/-,,Bulkcell,,,,,,Syn5,,,,,,,,,,,,,,,,,,,,,,,,,,,,,,,,Meningioma,,STARandSalmon,,,
Syn5_9.2.fastq.gz,Syn5_9.2.fastq.gz,raw,Raw,geneExpression,Transcriptome,fastq,Gzip,Syn5,Syn5,experimentalData,Result,Syn5_9,Syn5,syn2343195,syn2343195,-/-,-/-,arachnoid,Meningioma,pairedEnd,PairedEnd,3421893,,Neurofibromatosis type 2,Unknown,Synodos NF2,Synodos for NF2 Consortium,Illumina HiSeq 2500,IlluminaHiSeq,DMSO,,knockout,,Syn5,Syn9,RNA-seq,RNAseq,Homo sapiens,Musmusculus,Yes,Yes,2,2.0,,,polyAselection,,No,No,No,No,Yes,,hours,,CRISPR,,NF2,NF2,DMSO,,24,,,,,,,,,,,,,,,,,,,,,,,,,,,,,,,,,,Human,,,,,,,,,,FirstStranded,,-/-,,Bulkcell,,,,,,Syn5,,,,,,,,,,,,,,,,,,,,,,,,,,,,,,,,Meningioma,,STARandSalmon,,,
