name_gt,name_pred,dataSubtype_gt,dataSubtype_pred,dataType_gt,dataType_pred,fileFormat_gt,fileFormat_pred,individualID_gt,individualID_pred,resourceType_gt,resourceType_pred,specimenID_gt,specimenID_pred,studyId_gt,studyId_pred,tumorType_gt,tumorType_pred,nf1Genotype_gt,nf1Genotype_pred,nf2Genotype_gt,nf2Genotype_pred,diagnosis_gt,diagnosis_pred,studyName_gt,studyName_pred,platform_gt,platform_pred,experimentalCondition_gt,experimentalCondition_pred,Component_gt,Component_pred,assay_gt,assay_pred,species_gt,species_pred,fundingAgency_gt,fundingAgency_pred,sex_gt,sex_pred,isCellLine_gt,isCellLine_pred,initiative_gt,initiative_pred,organ_gt,organ_pred,readPair_gt,readPair_pred,age_gt,age_pred,isMultiIndividual_gt,isMultiIndividual_pred,isMultiSpecimen_gt,isMultiSpecimen_pred,progressReportNumber_gt,progressReportNumber_pred,accessType_pred,accessType_gt,ageUnit_pred,ageUnit_gt,aliquotID_pred,aliquotID_gt,averageBaseQuality_pred,averageBaseQuality_gt,averageInsertSize_pred,averageInsertSize_gt,averageReadLength_pred,averageReadLength_gt,cellType_pred,cellType_gt,channel_pred,channel_gt,comments_pred,comments_gt,compoundDose_pred,compoundDose_gt,compoundDoseUnit_pred,compoundDoseUnit_gt,compoundName_pred,compoundName_gt,dissociationMethod_pred,dissociationMethod_gt,drugScreenType_pred,drugScreenType_gt,experimentalTimepoint_pred,experimentalTimepoint_gt,expressionUnit_pred,expressionUnit_gt,genePerturbationTechnology_pred,genePerturbationTechnology_gt,genePerturbationType_pred,genePerturbationType_gt,genePerturbed_pred,genePerturbed_gt,genomicReference_pred,genomicReference_gt,individualIdSource_pred,individualIdSource_gt,isPrimaryCell_pred,isPrimaryCell_gt,isStranded_pred,isStranded_gt,isXenograft_pred,isXenograft_gt,libraryPrep_pred,libraryPrep_gt,libraryPreparationMethod_pred,libraryPreparationMethod_gt,libraryStrand_pred,libraryStrand_gt,modelSystemName_pred,modelSystemName_gt,modifiedBy_pred,modifiedBy_gt,nucleicAcidSource_pred,nucleicAcidSource_gt,pairsOnDifferentChr_pred,pairsOnDifferentChr_gt,parentSpecimenID_pred,parentSpecimenID_gt,readDepth_pred,readDepth_gt,readLength_pred,readLength_gt,readPairOrientation_pred,readPairOrientation_gt,readsDuplicatedPercent_pred,readsDuplicatedPercent_gt,readsMappedPercent_pred,readsMappedPercent_gt,readStrandOrigin_pred,readStrandOrigin_gt,runType_pred,runType_gt,specimenPreparationMethod_pred,specimenPreparationMethod_gt,targetCaptureKitID_pred,targetCaptureKitID_gt,targetDepth_pred,targetDepth_gt,totalReads_pred,totalReads_gt,transplantationRecipientSpecies_pred,transplantationRecipientSpecies_gt,transplantationRecipientTissue_pred,transplantationRecipientTissue_gt,transplantationType_pred,transplantationType_gt,workflow_pred,workflow_gt,workflowLink_pred,workflowLink_gt
NF0002-8-19--D--DMEM_S45_L003_R1_001.fastq.gz,NF0002-8-19--D--DMEM_S45_L003_R1_001.fastq.gz,raw,Raw,chromatinActivity,genomicVariants,fastq,Gzip,NF0007,NF0002,experimentalData,Result,NF0007-2-M+C+F,NF0002-8-19,syn11374354,cNF Organoid Study,Cutaneous Neurofibroma,,-/-,,+/+,Unknown,Neurofibromatosis type 1,Neurofibromatosistype1,A 3D Cutaneous Neurofibroma Model for Automated High-Throughput Drug Screenings,cNF Organoid Platform,Illumina NovaSeq 6000,IlluminaHiSeq2500,DMEM,DMEM base media without cytokines or forskolin,EpigeneticsAssayTemplate,,bisulfite sequencing,RNA-seq,Homo sapiens,Musmusculus,NTAP,,Female,Female,No,No,Cutaneous Neurofibroma Initiative,,skin,,1,Read 1,41,54,No,No,No,No,4,,,,Years,,,,,,,,,,Fibroblast,,,,,,,,,,,,,,,,,,,,,,,,NF1,,,,,,,,,,,,,,RNA-seq,,Unstranded,,NF0002,,,,Bulkcell,,,,,,,,,,,,,,,,,,PairedEnd,,Freshcollected,,,,,,,,,,,,,,,,,
NF0002-8-19--D--DMEM_S45_L003_R2_001.fastq.gz,NF0002-8-19--D--DMEM_S45_L003_R2_001.fastq.gz,raw,Raw,chromatinActivity,genomicVariants,fastq,Gzip,NF0007,NF0002,experimentalData,Result,NF0007-4 S,NF0002-8-19,syn11374354,cNF Organoid Study,Cutaneous Neurofibroma,,-/-,,+/+,Unknown,Neurofibromatosis type 1,Neurofibromatosistype1,A 3D Cutaneous Neurofibroma Model for Automated High-Throughput Drug Screenings,cNF Organoid Platform,Illumina NovaSeq 6000,IlluminaHiSeq2500,DMEM,DMEM base media without cytokines or forskolin,EpigeneticsAssayTemplate,,bisulfite sequencing,RNA-seq,Homo sapiens,Musmusculus,NTAP,,Female,Female,No,No,Cutaneous Neurofibroma Initiative,,skin,,2,Read 2,41,54,No,No,No,No,4,,,,Years,,,,,,,,,,Fibroblast,,,,,,,,,,,,,,,,,,,,,,,,NF1,,,,,,,,,,,,,,RNA-seq,,Unstranded,,NF0002,,,,Bulkcell,,,,,,,,,,,,,,,,,,PairedEnd,,Freshcollected,,,,,,,,,,,,,,,,,
NF0002-8-19--D-plus-C-plus-F_S47_L003_R1_001.fastq.gz,NF0002-8-19--D-plus-C-plus-F_S47_L003_R1_001.fastq.gz,raw,Raw,chromatinActivity,genomicVariants,fastq,Gzip,NF0007,NF0002,experimentalData,Result,NF0007-2-M+C+F,NF0002-8-19,syn11374354,cNF Organoid Study,Cutaneous Neurofibroma,,-/-,,+/+,Unknown,Neurofibromatosis type 1,Neurofibromatosistype1,A 3D Cutaneous Neurofibroma Model for Automated High-Throughput Drug Screenings,cNF Organoid Platform,Illumina NovaSeq 6000,IlluminaHiSeq2500,"Cytokines,DMEM,Forskoline",DMEM base media with cytokines and forskolin,EpigeneticsAssayTemplate,,bisulfite sequencing,RNA-seq,Homo sapiens,Musmusculus,NTAP,,Female,Female,No,No,Cutaneous Neurofibroma Initiative,,skin,,1,Read 1,41,54,No,No,No,No,4,,,,Years,,,,,,,,,,Fibroblast,,,,DMEM media with cytokines and forskolin,,,,,,,,,,,,,,,,,,,,NF1,,,,,,,,,,,,,,RNA-seq,,Unstranded,,NF0002,,,,Bulkcell,,,,,,,,,,,,,,,,,,PairedEnd,,Freshcollected,,,,,,,,,,,,,,,,,
NF0002-8-19--D-plus-C-plus-F_S47_L003_R2_001.fastq.gz,NF0002-8-19--D-plus-C-plus-F_S47_L003_R2_001.fastq.gz,raw,Raw,chromatinActivity,genomicVariants,fastq,Gzip,NF0007,NF0002,experimentalData,Result,NF0007-4-S+C+F,NF0002-8-19,syn11374354,cNF Organoid Study,Cutaneous Neurofibroma,,-/-,,+/+,Unknown,Neurofibromatosis type 1,Neurofibromatosistype1,A 3D Cutaneous Neurofibroma Model for Automated High-Throughput Drug Screenings,cNF Organoid Platform,Illumina NovaSeq 6000,IlluminaHiSeq2500,"Cytokines,DMEM,Forskoline",DMEM base media with cytokines and forskolin,EpigeneticsAssayTemplate,,bisulfite sequencing,RNA-seq,Homo sapiens,Musmusculus,NTAP,,Female,Female,No,No,Cutaneous Neurofibroma Initiative,,skin,,2,Read 2,41,54,No,No,No,No,4,,,,Years,,,,,,,,,,Fibroblast,,,,DMEM media with cytokines and forskolin,,,,,,,,,,,,,,,,,,,,NF1,,,,,,,,,,,,,,RNA-seq,,Unstranded,,NF0002,,,,Bulkcell,,,,,,,,,,,,,,,,,,PairedEnd,,Freshcollected,,,,,,,,,,,,,,,,,
NF0002-8-19--D-plus-C_S46_L003_R1_001.fastq.gz,NF0002-8-19--D-plus-C_S46_L003_R1_001.fastq.gz,raw,Raw,chromatinActivity,genomicVariants,fastq,Gzip,NF0007,NF0002,experimentalData,Result,NF0007-4-M,NF0002-8-19,syn11374354,cNF Organoid Study,Cutaneous Neurofibroma,,-/-,,+/+,Unknown,Neurofibromatosis type 1,Neurofibromatosistype1,A 3D Cutaneous Neurofibroma Model for Automated High-Throughput Drug Screenings,cNF Organoid Platform,Illumina NovaSeq 6000,IlluminaHiSeq2500,"Cytokines,DMEM",DMEM base media with cytokines,EpigeneticsAssayTemplate,,bisulfite sequencing,RNA-seq,Homo sapiens,Musmusculus,NTAP,,Female,Female,No,No,Cutaneous Neurofibroma Initiative,,skin,,1,Read 1,41,54,No,No,No,No,4,,,,Years,,,,,,,,,,Fibroblast,,,,DMEM media with cytokines,,,,,,,,,,,,,,,,,,,,NF1,,,,,,,,,,,,,,RNA-seq,,Unstranded,,NF0002,,,,Bulkcell,,,,,,,,,,,,,,,,,,PairedEnd,,Freshcollected,,,,,,,,,,,,,,,,,
NF0002-8-19--D-plus-C_S46_L003_R2_001.fastq.gz,NF0002-8-19--D-plus-C_S46_L003_R2_001.fastq.gz,raw,Raw,chromatinActivity,genomicVariants,fastq,Gzip,NF0007,NF0002,experimentalData,Result,NF0007-4-M,NF0002-8-19,syn11374354,cNF Organoid Study,Cutaneous Neurofibroma,,-/-,,+/+,Unknown,Neurofibromatosis type 1,Neurofibromatosistype1,A 3D Cutaneous Neurofibroma Model for Automated High-Throughput Drug Screenings,cNF Organoid Platform,Illumina NovaSeq 6000,IlluminaHiSeq2500,"Cytokines,DMEM",DMEM base media with cytokines,EpigeneticsAssayTemplate,,bisulfite sequencing,RNA-seq,Homo sapiens,Musmusculus,NTAP,,Female,Female,No,No,Cutaneous Neurofibroma Initiative,,skin,,2,Read 2,41,54,No,No,No,No,4,,,,Years,,,,,,,,,,Fibroblast,,,,DMEM media with cytokines,,,,,,,,,,,,,,,,,,,,NF1,,,,,,,,,,,,,,RNA-seq,,Unstranded,,NF0002,,,,Bulkcell,,,,,,,,,,,,,,,,,,PairedEnd,,Freshcollected,,,,,,,,,,,,,,,,,
NF0002-8-19--M--Mammo_S42_L003_R1_001.fastq.gz,NF0002-8-19--M--Mammo_S42_L003_R1_001.fastq.gz,raw,Raw,chromatinActivity,genomicVariants,fastq,Gzip,NF0007,NF0002,experimentalData,Result,NF0007-4-S+C+F,NF0002-8-19,syn11374354,cNF Organoid Study,Cutaneous Neurofibroma,,-/-,,+/+,Unknown,Neurofibromatosis type 1,Neurofibromatosistype1,A 3D Cutaneous Neurofibroma Model for Automated High-Throughput Drug Screenings,cNF Organoid Platform,Illumina NovaSeq 6000,IlluminaHiSeq2500,Mammo,Mammocult base media without cytokines or forskolin,EpigeneticsAssayTemplate,,bisulfite sequencing,RNA-seq,Homo sapiens,Musmusculus,NTAP,,Female,Female,No,No,Cutaneous Neurofibroma Initiative,,skin,,1,Read 1,41,54,No,No,No,No,4,,,,Years,,,,,,,,,,Fibroblast,,,,Mammocult media,,,,,,,,,,,,,,,,,,,,NF1,,,,,,,,,,,,,,RNA-seq,,Unstranded,,NF0002,,,,Bulkcell,,,,,,,,,,,,,,,,,,PairedEnd,,Freshcollected,,,,,,,,,,,,,,,,,
NF0002-8-19--M--Mammo_S42_L003_R2_001.fastq.gz,NF0002-8-19--M--Mammo_S42_L003_R2_001.fastq.gz,raw,Raw,chromatinActivity,genomicVariants,fastq,Gzip,NF0007,NF0002,experimentalData,Result,NF0007-4 S,NF0002-8-19,syn11374354,cNF Organoid Study,Cutaneous Neurofibroma,,-/-,,+/+,Unknown,Neurofibromatosis type 1,Neurofibromatosistype1,A 3D Cutaneous Neurofibroma Model for Automated High-Throughput Drug Screenings,cNF Organoid Platform,Illumina NovaSeq 6000,IlluminaHiSeq2500,Mammo,Mammocult base media without cytokines or forskolin,EpigeneticsAssayTemplate,,bisulfite sequencing,RNA-seq,Homo sapiens,Musmusculus,NTAP,,Female,Female,No,No,Cutaneous Neurofibroma Initiative,,skin,,2,Read 2,41,54,No,No,No,No,4,,,,Years,,,,,,,,,,Fibroblast,,,,Mammocult media,,,,,,,,,,,,,,,,,,,,NF1,,,,,,,,,,,,,,RNA-seq,,Unstranded,,NF0002,,,,Bulkcell,,,,,,,,,,,,,,,,,,PairedEnd,,Freshcollected,,,,,,,,,,,,,,,,,
NF0002-8-19--M-plus-C-plus-F_S44_L003_R1_001.fastq.gz,NF0002-8-19--M-plus-C-plus-F_S44_L003_R1_001.fastq.gz,raw,Raw,chromatinActivity,genomicVariants,fastq,Gzip,NF0007,NF0002,experimentalData,Result,NF0007-4-S+C,NF0002-8-19,syn11374354,cNF Organoid Study,Cutaneous Neurofibroma,,-/-,,+/+,Unknown,Neurofibromatosis type 1,Neurofibromatosistype1,A 3D Cutaneous Neurofibroma Model for Automated High-Throughput Drug Screenings,cNF Organoid Platform,Illumina NovaSeq 6000,IlluminaHiSeq2500,"Cytokines,Forskoline,Mammo",Mammocult base media with cytokines and forskolin,EpigeneticsAssayTemplate,,bisulfite sequencing,RNA-seq,Homo sapiens,Musmusculus,NTAP,,Female,Female,No,No,Cutaneous Neurofibroma Initiative,,skin,,1,Read 1,41,54,No,No,No,No,4,,,,Years,,,,,,,,,,Fibroblast,,,,Mammocult media with cytokines and forskolin,,,,,,,,,,,,,,,,,,,,NF1,,,,,,,,,,,,,,RNA-seq,,Unstranded,,NF0002,,,,Bulkcell,,,,,,,,,,,,,,,,,,PairedEnd,,Freshcollected,,,,,,,,,,,,,,,,,
NF0002-8-19--M-plus-C-plus-F_S44_L003_R2_001.fastq.gz,NF0002-8-19--M-plus-C-plus-F_S44_L003_R2_001.fastq.gz,raw,Raw,chromatinActivity,genomicVariants,fastq,Gzip,NF0007,NF0002,experimentalData,Result,NF0007-4-S+C,NF0002-8-19,syn11374354,cNF Organoid Study,Cutaneous Neurofibroma,,-/-,,+/+,Unknown,Neurofibromatosis type 1,Neurofibromatosistype1,A 3D Cutaneous Neurofibroma Model for Automated High-Throughput Drug Screenings,cNF Organoid Platform,Illumina NovaSeq 6000,IlluminaHiSeq2500,"Cytokines,Forskoline,Mammo",Mammocult base media with cytokines and forskolin,EpigeneticsAssayTemplate,,bisulfite sequencing,RNA-seq,Homo sapiens,Musmusculus,NTAP,,Female,Female,No,No,Cutaneous Neurofibroma Initiative,,skin,,2,Read 2,41,54,No,No,No,No,4,,,,Years,,,,,,,,,,Fibroblast,,,,Mammocult media with cytokines and forskolin,,,,,,,,,,,,,,,,,,,,NF1,,,,,,,,,,,,,,RNA-seq,,Unstranded,,NF0002,,,,Bulkcell,,,,,,,,,,,,,,,,,,PairedEnd,,Freshcollected,,,,,,,,,,,,,,,,,
NF0002-8-19--M-plus-C_S43_L003_R1_001.fastq.gz,NF0002-8-19--M-plus-C_S43_L003_R1_001.fastq.gz,raw,Raw,chromatinActivity,genomicVariants,fastq,Gzip,NF0007,NF0002,experimentalData,Result,NF0007-4,NF0002-8-19,syn11374354,cNF Organoid Study,Cutaneous Neurofibroma,,-/-,,+/+,Unknown,Neurofibromatosis type 1,Neurofibromatosistype1,A 3D Cutaneous Neurofibroma Model for Automated High-Throughput Drug Screenings,cNF Organoid Platform,Illumina NovaSeq 6000,IlluminaHiSeq2500,"Cytokines,Mammo",Mammocult base media with cytokines,EpigeneticsAssayTemplate,,bisulfite sequencing,RNA-seq,Homo sapiens,Musmusculus,NTAP,,Female,Female,No,No,Cutaneous Neurofibroma Initiative,,skin,,1,Read 1,41,54,No,No,No,No,4,,,,Years,,,,,,,,,,Fibroblast,,,,Mammocult media with cytokines,,,,,,,,,,,,,,,,,,,,NF1,,,,,,,,,,,,,,RNA-seq,,Unstranded,,NF0002,,,,Bulkcell,,,,,,,,,,,,,,,,,,PairedEnd,,Freshcollected,,,,,,,,,,,,,,,,,
NF0002-8-19--M-plus-C_S43_L003_R2_001.fastq.gz,NF0002-8-19--M-plus-C_S43_L003_R2_001.fastq.gz,raw,Raw,chromatinActivity,genomicVariants,fastq,Gzip,NF0007,NF0002,experimentalData,Result,NF0007-4,NF0002-8-19,syn11374354,cNF Organoid Study,Cutaneous Neurofibroma,,-/-,,+/+,Unknown,Neurofibromatosis type 1,Neurofibromatosistype1,A 3D Cutaneous Neurofibroma Model for Automated High-Throughput Drug Screenings,cNF Organoid Platform,Illumina NovaSeq 6000,IlluminaHiSeq2500,"Cytokines,Mammo",Mammocult base media with cytokines,EpigeneticsAssayTemplate,,bisulfite sequencing,RNA-seq,Homo sapiens,Musmusculus,NTAP,,Female,Female,No,No,Cutaneous Neurofibroma Initiative,,skin,,2,Read 2,41,54,No,No,No,No,4,,,,Years,,,,,,,,,,Fibroblast,,,,Mammocult media with cytokines,,,,,,,,,,,,,,,,,,,,NF1,,,,,,,,,,,,,,RNA-seq,,Unstranded,,NF0002,,,,Bulkcell,,,,,,,,,,,,,,,,,,PairedEnd,,Freshcollected,,,,,,,,,,,,,,,,,
NF0002-8-19--S--StemPro_S48_L003_R1_001.fastq.gz,NF0002-8-19--S--StemPro_S48_L003_R1_001.fastq.gz,raw,Raw,chromatinActivity,genomicVariants,fastq,Gzip,NF0009,NF0002,experimentalData,Result,NF0009-1 M,NF0002-8-19,syn11374354,cNF Organoid Study,Cutaneous Neurofibroma,,-/-,,+/+,Unknown,Neurofibromatosis type 1,Neurofibromatosistype1,A 3D Cutaneous Neurofibroma Model for Automated High-Throughput Drug Screenings,cNF Organoid Platform,Illumina NovaSeq 6000,IlluminaHiSeq2500,StemPro,StemPro base media without cytokines or forskolin,EpigeneticsAssayTemplate,,bisulfiteSeq,RNA-seq,Homo sapiens,Musmusculus,NTAP,,Female,Female,No,No,Cutaneous Neurofibroma Initiative,,skin,,1,Read 1,29,54,No,No,No,No,4,,,,Years,,,,,,,,,,Fibroblast,,,,StemPro media,,,,,,,,,,,,,,,,,,,,NF1,,,,,,,,,,,,,,RNA-seq,,Unstranded,,NF0002,,,,Bulkcell,,,,,,,,,,,,,,,,,,PairedEnd,,Freshcollected,,,,,,,,,,,,,,,,,
NF0002-8-19--S--StemPro_S48_L003_R2_001.fastq.gz,NF0002-8-19--S--StemPro_S48_L003_R2_001.fastq.gz,raw,Raw,chromatinActivity,genomicVariants,fastq,Gzip,NF0009,NF0002,experimentalData,Result,NF0009-1-M+C,NF0002-8-19,syn11374354,cNF Organoid Study,Cutaneous Neurofibroma,,-/-,,+/+,Unknown,Neurofibromatosis type 1,Neurofibromatosistype1,A 3D Cutaneous Neurofibroma Model for Automated High-Throughput Drug Screenings,cNF Organoid Platform,Illumina NovaSeq 6000,IlluminaHiSeq2500,StemPro,StemPro base media without cytokines or forskolin,EpigeneticsAssayTemplate,,bisulfiteSeq,RNA-seq,Homo sapiens,Musmusculus,NTAP,,Female,Female,No,No,Cutaneous Neurofibroma Initiative,,skin,,2,Read 2,29,54,No,No,No,No,4,,,,Years,,,,,,,,,,Fibroblast,,,,StemPro media,,,,,,,,,,,,,,,,,,,,NF1,,,,,,,,,,,,,,RNA-seq,,Unstranded,,NF0002,,,,Bulkcell,,,,,,,,,,,,,,,,,,PairedEnd,,Freshcollected,,,,,,,,,,,,,,,,,
NF0002-8-19--S-plus-C-plus-F_S50_L003_R1_001.fastq.gz,NF0002-8-19--S-plus-C-plus-F_S50_L003_R1_001.fastq.gz,raw,Raw,chromatinActivity,genomicVariants,fastq,Gzip,NF0008,NF0002,experimentalData,Result,NF0008-1-M,NF0002-8-19,syn11374354,cNF Organoid Study,Cutaneous Neurofibroma,,-/-,,+/+,Unknown,Neurofibromatosis type 1,Neurofibromatosistype1,A 3D Cutaneous Neurofibroma Model for Automated High-Throughput Drug Screenings,cNF Organoid Platform,Illumina NovaSeq 6000,IlluminaHiSeq2500,"Cytokines,Forskoline,StemPro",StemPro base media with cytokines and forskolin,EpigeneticsAssayTemplate,,bisulfite sequencing,RNA-seq,Homo sapiens,Musmusculus,NTAP,,Female,Female,No,No,Cutaneous Neurofibroma Initiative,,skin,,1,Read 1,39,54,No,No,No,No,4,,,,Years,,,,,,,,,,Fibroblast,,,,StemPro media with cytokines and forskolin,,,,,,,,,,,,,,,,,,,,NF1,,,,,,,,,,,,,,RNA-seq,,Unstranded,,NF0002,,,,Bulkcell,,,,,,,,,,,,,,,,,,PairedEnd,,Freshcollected,,,,,,,,,,,,,,,,,
NF0002-8-19--S-plus-C-plus-F_S50_L003_R2_001.fastq.gz,NF0002-8-19--S-plus-C-plus-F_S50_L003_R2_001.fastq.gz,raw,Raw,chromatinActivity,genomicVariants,fastq,Gzip,NF0008,NF0002,experimentalData,Result,NF0008-1-D+C,NF0002-8-19,syn11374354,cNF Organoid Study,Cutaneous Neurofibroma,,-/-,,+/+,Unknown,Neurofibromatosis type 1,Neurofibromatosistype1,A 3D Cutaneous Neurofibroma Model for Automated High-Throughput Drug Screenings,cNF Organoid Platform,Illumina NovaSeq 6000,IlluminaHiSeq2500,"Cytokines,Forskoline,StemPro",StemPro base media with cytokines and forskolin,EpigeneticsAssayTemplate,,bisulfite sequencing,RNA-seq,Homo sapiens,Musmusculus,NTAP,,Female,Female,No,No,Cutaneous Neurofibroma Initiative,,skin,,2,Read 2,39,54,No,No,No,No,4,,,,Years,,,,,,,,,,Fibroblast,,,,StemPro media with cytokines and forskolin,,,,,,,,,,,,,,,,,,,,NF1,,,,,,,,,,,,,,RNA-seq,,Unstranded,,NF0002,,,,Bulkcell,,,,,,,,,,,,,,,,,,PairedEnd,,Freshcollected,,,,,,,,,,,,,,,,,
NF0002-8-19--S-plus-C_S49_L003_R1_001.fastq.gz,NF0002-8-19--S-plus-C_S49_L003_R1_001.fastq.gz,raw,Raw,chromatinActivity,genomicVariants,fastq,Gzip,NF0008,NF0002,experimentalData,Result,NF0008-1-D+C+F,NF0002-8-19,syn11374354,cNF Organoid Study,Cutaneous Neurofibroma,,-/-,,+/+,Unknown,Neurofibromatosis type 1,Neurofibromatosistype1,A 3D Cutaneous Neurofibroma Model for Automated High-Throughput Drug Screenings,cNF Organoid Platform,Illumina NovaSeq 6000,IlluminaHiSeq2500,"Cytokines,StemPro",StemPro base media with cytokines,EpigeneticsAssayTemplate,,bisulfite sequencing,RNA-seq,Homo sapiens,Musmusculus,NTAP,,Female,Female,No,No,Cutaneous Neurofibroma Initiative,,skin,,1,Read 1,39,54,No,No,No,No,4,,,,Years,,,,,,,,,,Fibroblast,,,,StemPro media with cytokines,,,,,,,,,,,,,,,,,,,,NF1,,,,,,,,,,,,,,RNA-seq,,Unstranded,,NF0002,,,,Bulkcell,,,,,,,,,,,,,,,,,,PairedEnd,,Freshcollected,,,,,,,,,,,,,,,,,
NF0002-8-19--S-plus-C_S49_L003_R2_001.fastq.gz,NF0002-8-19--S-plus-C_S49_L003_R2_001.fastq.gz,raw,Raw,chromatinActivity,genomicVariants,fastq,Gzip,NF0008,NF0002,experimentalData,Result,NF0008-1-D+C+F,NF0002-8-19,syn11374354,cNF Organoid Study,Cutaneous Neurofibroma,,-/-,,+/+,Unknown,Neurofibromatosis type 1,Neurofibromatosistype1,A 3D Cutaneous Neurofibroma Model for Automated High-Throughput Drug Screenings,cNF Organoid Platform,Illumina NovaSeq 6000,IlluminaHiSeq2500,"Cytokines,StemPro",StemPro base media with cytokines,EpigeneticsAssayTemplate,,bisulfite sequencing,RNA-seq,Homo sapiens,Musmusculus,NTAP,,Female,Female,No,No,Cutaneous Neurofibroma Initiative,,skin,,2,Read 2,39,54,No,No,No,No,4,,,,Years,,,,,,,,,,Fibroblast,,,,StemPro media with cytokines,,,,,,,,,,,,,,,,,,,,NF1,,,,,,,,,,,,,,RNA-seq,,Unstranded,,NF0002,,,,Bulkcell,,,,,,,,,,,,,,,,,,PairedEnd,,Freshcollected,,,,,,,,,,,,,,,,,
NF0002-8-19_S5_L001_R1_001.fastq.gz,NF0002-8-19_S5_L001_R1_001.fastq.gz,raw,Raw,chromatinActivity,genomicVariants,fastq,Gzip,NF0008,NF0002,experimentalData,Result,NF0008-1-M,NF0002-8-19,syn11374354,cNF Organoid Study,Cutaneous Neurofibroma,LocalizedNeurofibroma,-/-,,+/+,Unknown,Neurofibromatosis type 1,Neurofibromatosistype1,A 3D Cutaneous Neurofibroma Model for Automated High-Throughput Drug Screenings,cNF Organoid Platform,Illumina NovaSeq 6000,IlluminaHiSeq2500,,Primary cNF tissue,EpigeneticsAssayTemplate,,bisulfite sequencing,RNA-seq,Homo sapiens,Musmusculus,NTAP,,Female,Female,No,No,Cutaneous Neurofibroma Initiative,,skin,,1,Read 1,39,54,No,No,No,No,4,,,,Years,,,,,,,,,,Fibroblast,,,,Original tumor sample,,,,,,,,,,,,,,,,,,,,NF1,,,,,,,,,,,,,,RNA-seq,,Unstranded,,NF0002,,,,Bulkcell,,,,,,,,,,,,,,,,,,PairedEnd,,Freshcollected,,,,,,,,,,,,,,,,,
NF0002-8-19_S5_L001_R2_001.fastq.gz,NF0002-8-19_S5_L001_R2_001.fastq.gz,raw,Raw,chromatinActivity,genomicVariants,fastq,Gzip,NF0008,NF0002,experimentalData,Result,NF0008-1 D,NF0002-8-19,syn11374354,cNF Organoid Study,Cutaneous Neurofibroma,LocalizedNeurofibroma,-/-,,+/+,Unknown,Neurofibromatosis type 1,Neurofibromatosistype1,A 3D Cutaneous Neurofibroma Model for Automated High-Throughput Drug Screenings,cNF Organoid Platform,Illumina NovaSeq 6000,IlluminaHiSeq2500,,Primary cNF tissue,EpigeneticsAssayTemplate,,bisulfite sequencing,RNA-seq,Homo sapiens,Musmusculus,NTAP,,Female,Female,No,No,Cutaneous Neurofibroma Initiative,,skin,,2,Read 2,39,54,No,No,No,No,4,,,,Years,,,,,,,,,,Fibroblast,,,,Original tumor sample,,,,,,,,,,,,,,,,,,,,NF1,,,,,,,,,,,,,,RNA-seq,,Unstranded,,NF0002,,,,Bulkcell,,,,,,,,,,,,,,,,,,PairedEnd,,Freshcollected,,,,,,,,,,,,,,,,,
NF0007-2--D--DMEM_S9_L001_R1_001.fastq.gz,NF0007-2--D--DMEM_S9_L001_R1_001.fastq.gz,raw,Raw,chromatinActivity,genomicVariants,fastq,,NF0008,NF0007,experimentalData,Result,NF0008-1-M+C+F,NF0007-2,syn11374354,cNF Organoid Study,Cutaneous Neurofibroma,,-/-,+/-,+/+,,Neurofibromatosis type 1,Neurofibromatosistype1,A 3D Cutaneous Neurofibroma Model for Automated High-Throughput Drug Screenings,cNF Organoid Platform,Illumina NovaSeq 6000,IlluminaHiSeq2500,DMEM,DMEM base media without cytokines or forskolin,EpigeneticsAssayTemplate,,bisulfite sequencing,RNA-seq,Homo sapiens,,NTAP,,Female,Female,No,No,Cutaneous Neurofibroma Initiative,,skin,,1,,39,41,No,,No,No,4,,,,Years,,,,,,,,,,Fibroblast,,,,,,,,,,,,,,,,,,,,,,,,NF1,,,,,,,,,,,,,,RNA-seq,,,,NF0007-2,,,,,,,,,,,,,,,,,,,,,,PairedEnd,,,,,,,,,,,,,,,,,,,
NF0007-2--D--DMEM_S9_L001_R2_001.fastq.gz,NF0007-2--D--DMEM_S9_L001_R2_001.fastq.gz,raw,Raw,chromatinActivity,genomicVariants,fastq,,NF0008,NF0007,experimentalData,Result,NF0008-1-M+C+F,NF0007-2,syn11374354,cNF Organoid Study,Cutaneous Neurofibroma,,-/-,+/-,+/+,,Neurofibromatosis type 1,Neurofibromatosistype1,A 3D Cutaneous Neurofibroma Model for Automated High-Throughput Drug Screenings,cNF Organoid Platform,Illumina NovaSeq 6000,IlluminaHiSeq2500,DMEM,DMEM base media without cytokines or forskolin,EpigeneticsAssayTemplate,,bisulfite sequencing,RNA-seq,Homo sapiens,,NTAP,,Female,Female,No,No,Cutaneous Neurofibroma Initiative,,skin,,2,,39,41,No,,No,No,4,,,,Years,,,,,,,,,,Fibroblast,,,,,,,,,,,,,,,,,,,,,,,,NF1,,,,,,,,,,,,,,RNA-seq,,,,NF0007-2,,,,,,,,,,,,,,,,,,,,,,PairedEnd,,,,,,,,,,,,,,,,,,,
NF0007-2--D-plus-C-plus-F_S11_L001_R1_001.fastq.gz,NF0007-2--D-plus-C-plus-F_S11_L001_R1_001.fastq.gz,raw,Raw,chromatinActivity,genomicVariants,fastq,,NF0008,NF0007,experimentalData,Result,NF0008-1 S,NF0007-2,syn11374354,cNF Organoid Study,Cutaneous Neurofibroma,,-/-,+/-,+/+,,Neurofibromatosis type 1,Neurofibromatosistype1,A 3D Cutaneous Neurofibroma Model for Automated High-Throughput Drug Screenings,cNF Organoid Platform,Illumina NovaSeq 6000,IlluminaHiSeq2500,"Cytokines,DMEM,Forskoline",DMEM base media with cytokines and forskolin,EpigeneticsAssayTemplate,,bisulfite sequencing,RNA-seq,Homo sapiens,,NTAP,,Female,Female,No,No,Cutaneous Neurofibroma Initiative,,skin,,1,,39,41,No,,No,No,4,,,,Years,,,,,,,,,,Fibroblast,,,,,,,,,,,,,,,,,,,,,,,,NF1,,,,,,,,,,,,,,RNA-seq,,,,NF0007-2,,,,,,,,,,,,,,,,,,,,,,PairedEnd,,,,,,,,,,,,,,,,,,,
NF0007-2--D-plus-C-plus-F_S11_L001_R2_001.fastq.gz,NF0007-2--D-plus-C-plus-F_S11_L001_R2_001.fastq.gz,raw,Raw,chromatinActivity,genomicVariants,fastq,,NF0008,NF0007,experimentalData,Result,NF0008-1 S,NF0007-2,syn11374354,cNF Organoid Study,Cutaneous Neurofibroma,,-/-,+/-,+/+,,Neurofibromatosis type 1,Neurofibromatosistype1,A 3D Cutaneous Neurofibroma Model for Automated High-Throughput Drug Screenings,cNF Organoid Platform,Illumina NovaSeq 6000,IlluminaHiSeq2500,"Cytokines,DMEM,Forskoline",DMEM base media with cytokines and forskolin,EpigeneticsAssayTemplate,,bisulfite sequencing,RNA-seq,Homo sapiens,,NTAP,,Female,Female,No,No,Cutaneous Neurofibroma Initiative,,skin,,2,,39,41,No,,No,No,4,,,,Years,,,,,,,,,,Fibroblast,,,,,,,,,,,,,,,,,,,,,,,,NF1,,,,,,,,,,,,,,RNA-seq,,,,NF0007-2,,,,,,,,,,,,,,,,,,,,,,PairedEnd,,,,,,,,,,,,,,,,,,,
NF0007-2--D-plus-C_S10_L001_R1_001.fastq.gz,NF0007-2--D-plus-C_S10_L001_R1_001.fastq.gz,raw,Raw,chromatinActivity,genomicVariants,fastq,,NF0008,NF0007,experimentalData,Result,NF0008-1 D,NF0007-2,syn11374354,cNF Organoid Study,Cutaneous Neurofibroma,,-/-,+/-,+/+,,Neurofibromatosis type 1,Neurofibromatosistype1,A 3D Cutaneous Neurofibroma Model for Automated High-Throughput Drug Screenings,cNF Organoid Platform,Illumina NovaSeq 6000,IlluminaHiSeq2500,"Cytokines,DMEM",DMEM base media with cytokines,EpigeneticsAssayTemplate,,bisulfite sequencing,RNA-seq,Homo sapiens,,NTAP,,Female,Female,No,No,Cutaneous Neurofibroma Initiative,,skin,,1,,39,41,No,,No,No,4,,,,Years,,,,,,,,,,Fibroblast,,,,,,,,,,,,,,,,,,,,,,,,NF1,,,,,,,,,,,,,,RNA-seq,,,,NF0007-2,,,,,,,,,,,,,,,,,,,,,,PairedEnd,,,,,,,,,,,,,,,,,,,
NF0007-2--D-plus-C_S10_L001_R2_001.fastq.gz,NF0007-2--D-plus-C_S10_L001_R2_001.fastq.gz,raw,Raw,chromatinActivity,genomicVariants,fastq,,NF0008,NF0007,experimentalData,Result,NF0008-1-D+C,NF0007-2,syn11374354,cNF Organoid Study,Cutaneous Neurofibroma,,-/-,+/-,+/+,,Neurofibromatosis type 1,Neurofibromatosistype1,A 3D Cutaneous Neurofibroma Model for Automated High-Throughput Drug Screenings,cNF Organoid Platform,Illumina NovaSeq 6000,IlluminaHiSeq2500,"Cytokines,DMEM",DMEM base media with cytokines,EpigeneticsAssayTemplate,,bisulfite sequencing,RNA-seq,Homo sapiens,,NTAP,,Female,Female,No,No,Cutaneous Neurofibroma Initiative,,skin,,2,,39,41,No,,No,No,4,,,,Years,,,,,,,,,,Fibroblast,,,,,,,,,,,,,,,,,,,,,,,,NF1,,,,,,,,,,,,,,RNA-seq,,,,NF0007-2,,,,,,,,,,,,,,,,,,,,,,PairedEnd,,,,,,,,,,,,,,,,,,,
NF0007-2--S--StemPro_S12_L001_R1_001.fastq.gz,NF0007-2--S--StemPro_S12_L001_R1_001.fastq.gz,raw,Raw,chromatinActivity,genomicVariants,fastq,,NF0008,NF0007,experimentalData,Result,NF0008-1-M+C,NF0007-2,syn11374354,cNF Organoid Study,Cutaneous Neurofibroma,,-/-,+/-,+/+,,Neurofibromatosis type 1,Neurofibromatosistype1,A 3D Cutaneous Neurofibroma Model for Automated High-Throughput Drug Screenings,cNF Organoid Platform,Illumina NovaSeq 6000,IlluminaHiSeq2500,StemPro,StemPro base media without cytokines or forskolin,EpigeneticsAssayTemplate,,bisulfite sequencing,RNA-seq,Homo sapiens,,NTAP,,Female,Female,No,No,Cutaneous Neurofibroma Initiative,,skin,,1,,39,41,No,,No,No,4,,,,Years,,,,,,,,,,Fibroblast,,,,,,,,,,,,,,,,,,,,,,,,NF1,,,,,,,,,,,,,,RNA-seq,,,,NF0007-2,,,,,,,,,,,,,,,,,,,,,,PairedEnd,,,,,,,,,,,,,,,,,,,
NF0007-2--S--StemPro_S12_L001_R2_001.fastq.gz,NF0007-2--S--StemPro_S12_L001_R2_001.fastq.gz,raw,Raw,chromatinActivity,genomicVariants,fastq,,NF0008,NF0007,experimentalData,Result,NF0008-1-S+C+F,NF0007-2,syn11374354,cNF Organoid Study,Cutaneous Neurofibroma,,-/-,+/-,+/+,,Neurofibromatosis type 1,Neurofibromatosistype1,A 3D Cutaneous Neurofibroma Model for Automated High-Throughput Drug Screenings,cNF Organoid Platform,Illumina NovaSeq 6000,IlluminaHiSeq2500,StemPro,StemPro base media without cytokines or forskolin,EpigeneticsAssayTemplate,,bisulfiteSeq,RNA-seq,Homo sapiens,,NTAP,,Female,Female,No,No,Cutaneous Neurofibroma Initiative,,skin,,2,,39,41,No,,No,No,4,,,,Years,,,,,,,,,,Fibroblast,,,,,,,,,,,,,,,,,,,,,,,,NF1,,,,,,,,,,,,,,RNA-seq,,,,NF0007-2,,,,,,,,,,,,,,,,,,,,,,PairedEnd,,,,,,,,,,,,,,,,,,,
NF0007-2--S-plus-C-plus-F_S14_L001_R1_001.fastq.gz,NF0007-2--S-plus-C-plus-F_S14_L001_R1_001.fastq.gz,raw,Raw,chromatinActivity,genomicVariants,fastq,,NF0008,NF0007,experimentalData,Result,NF0008-1-M+C,NF0007-2,syn11374354,cNF Organoid Study,Cutaneous Neurofibroma,,-/-,+/-,+/+,,Neurofibromatosis type 1,Neurofibromatosistype1,A 3D Cutaneous Neurofibroma Model for Automated High-Throughput Drug Screenings,cNF Organoid Platform,Illumina NovaSeq 6000,IlluminaHiSeq2500,"Cytokines,Forskoline,StemPro",StemPro base media with cytokines and forskolin,EpigeneticsAssayTemplate,,bisulfiteSeq,RNA-seq,Homo sapiens,,NTAP,,Female,Female,No,No,Cutaneous Neurofibroma Initiative,,skin,,1,,39,41,No,,No,No,4,,,,Years,,,,,,,,,,Fibroblast,,,,,,,,,,,,,,,,,,,,,,,,NF1,,,,,,,,,,,,,,RNA-seq,,,,NF0007-2,,,,,,,,,,,,,,,,,,,,,,PairedEnd,,,,,,,,,,,,,,,,,,,
NF0007-2--S-plus-C-plus-F_S14_L001_R2_001.fastq.gz,NF0007-2--S-plus-C-plus-F_S14_L001_R2_001.fastq.gz,raw,Raw,chromatinActivity,genomicVariants,fastq,,NF0008,NF0007,experimentalData,Result,NF0008-1-S+C+F,NF0007-2,syn11374354,cNF Organoid Study,Cutaneous Neurofibroma,,-/-,+/-,+/+,,Neurofibromatosis type 1,Neurofibromatosistype1,A 3D Cutaneous Neurofibroma Model for Automated High-Throughput Drug Screenings,cNF Organoid Platform,Illumina NovaSeq 6000,IlluminaHiSeq2500,"Cytokines,Forskoline,StemPro",StemPro base media with cytokines and forskolin,EpigeneticsAssayTemplate,,bisulfiteSeq,RNA-seq,Homo sapiens,,NTAP,,Female,Female,No,No,Cutaneous Neurofibroma Initiative,,skin,,2,,39,41,No,,No,No,4,,,,Years,,,,,,,,,,Fibroblast,,,,,,,,,,,,,,,,,,,,,,,,NF1,,,,,,,,,,,,,,RNA-seq,,,,NF0007-2,,,,,,,,,,,,,,,,,,,,,,PairedEnd,,,,,,,,,,,,,,,,,,,
NF0007-2--S-plus-C_S13_L001_R1_001.fastq.gz,NF0007-2--S-plus-C_S13_L001_R1_001.fastq.gz,raw,Raw,chromatinActivity,genomicVariants,fastq,,NF0009,NF0007,experimentalData,Result,NF0009-1-D+C+F,NF0007-2,syn11374354,cNF Organoid Study,Cutaneous Neurofibroma,,-/-,+/-,+/+,,Neurofibromatosis type 1,Neurofibromatosistype1,A 3D Cutaneous Neurofibroma Model for Automated High-Throughput Drug Screenings,cNF Organoid Platform,Illumina NovaSeq 6000,IlluminaHiSeq2500,"Cytokines,StemPro",StemPro base media with cytokines,EpigeneticsAssayTemplate,,bisulfiteSeq,RNA-seq,Homo sapiens,,NTAP,,Female,Female,No,No,Cutaneous Neurofibroma Initiative,,skin,,1,,29,41,No,,No,No,4,,,,Years,,,,,,,,,,Fibroblast,,,,,,,,,,,,,,,,,,,,,,,,NF1,,,,,,,,,,,,,,RNA-seq,,,,NF0007-2,,,,,,,,,,,,,,,,,,,,,,PairedEnd,,,,,,,,,,,,,,,,,,,
NF0007-2--S-plus-C_S13_L001_R2_001.fastq.gz,NF0007-2--S-plus-C_S13_L001_R2_001.fastq.gz,raw,Raw,chromatinActivity,genomicVariants,fastq,,NF0008,NF0007,experimentalData,Result,NF0008-1,NF0007-2,syn11374354,cNF Organoid Study,Cutaneous Neurofibroma,,-/-,+/-,+/+,,Neurofibromatosis type 1,Neurofibromatosistype1,A 3D Cutaneous Neurofibroma Model for Automated High-Throughput Drug Screenings,cNF Organoid Platform,Illumina NovaSeq 6000,IlluminaHiSeq2500,"Cytokines,StemPro",StemPro base media with cytokines,EpigeneticsAssayTemplate,,bisulfiteSeq,RNA-seq,Homo sapiens,,NTAP,,Female,Female,No,No,Cutaneous Neurofibroma Initiative,,skin,,2,,39,41,No,,No,No,4,,,,Years,,,,,,,,,,Fibroblast,,,,,,,,,,,,,,,,,,,,,,,,NF1,,,,,,,,,,,,,,RNA-seq,,,,NF0007-2,,,,,,,,,,,,,,,,,,,,,,PairedEnd,,,,,,,,,,,,,,,,,,,
NF0007-2-M--Mammo_S6_L001_R1_001.fastq.gz,NF0007-2-M--Mammo_S6_L001_R1_001.fastq.gz,raw,Raw,chromatinActivity,genomicVariants,fastq,,NF0008,NF0007,experimentalData,Result,NF0008-1-S+C,NF0007-2,syn11374354,cNF Organoid Study,Cutaneous Neurofibroma,,-/-,+/-,+/+,,Neurofibromatosis type 1,Neurofibromatosistype1,A 3D Cutaneous Neurofibroma Model for Automated High-Throughput Drug Screenings,cNF Organoid Platform,Illumina NovaSeq 6000,IlluminaHiSeq2500,Mammo,Mammocult base media without cytokines or forskolin,EpigeneticsAssayTemplate,,bisulfiteSeq,RNA-seq,Homo sapiens,,NTAP,,Female,Female,No,No,Cutaneous Neurofibroma Initiative,,skin,,1,,39,41,No,,No,No,4,,,,Years,,,,,,,,,,Fibroblast,,,,,,,,,,,,,,,,,,,,,,,,NF1,,,,,,,,,,,,,,RNA-seq,,,,NF0007-2,,,,,,,,,,,,,,,,,,,,,,PairedEnd,,,,,,,,,,,,,,,,,,,
NF0007-2-M--Mammo_S6_L001_R2_001.fastq.gz,NF0007-2-M--Mammo_S6_L001_R2_001.fastq.gz,raw,Raw,chromatinActivity,genomicVariants,fastq,,NF0008,NF0007,experimentalData,Result,NF0008-1-S+C,NF0007-2,syn11374354,cNF Organoid Study,Cutaneous Neurofibroma,,-/-,+/-,+/+,,Neurofibromatosis type 1,Neurofibromatosistype1,A 3D Cutaneous Neurofibroma Model for Automated High-Throughput Drug Screenings,cNF Organoid Platform,Illumina NovaSeq 6000,IlluminaHiSeq2500,Mammo,Mammocult base media without cytokines or forskolin,EpigeneticsAssayTemplate,,bisulfiteSeq,RNA-seq,Homo sapiens,,NTAP,,Female,Female,No,No,Cutaneous Neurofibroma Initiative,,skin,,2,,39,41,No,,No,No,4,,,,Years,,,,,,,,,,Fibroblast,,,,,,,,,,,,,,,,,,,,,,,,NF1,,,,,,,,,,,,,,RNA-seq,,,,NF0007-2,,,,,,,,,,,,,,,,,,,,,,PairedEnd,,,,,,,,,,,,,,,,,,,
NF0007-2-M-plus-C-plus-F_S8_L001_R1_001.fastq.gz,NF0007-2-M-plus-C-plus-F_S8_L001_R1_001.fastq.gz,raw,Raw,chromatinActivity,genomicVariants,fastq,,NF0012,NF0007,experimentalData,Result,NF0012-3-6 M,NF0007-2,syn11374354,cNF Organoid Study,Cutaneous Neurofibroma,,-/-,+/-,+/+,,Neurofibromatosis type 1,Neurofibromatosistype1,A 3D Cutaneous Neurofibroma Model for Automated High-Throughput Drug Screenings,cNF Organoid Platform,Illumina NovaSeq 6000,IlluminaHiSeq2500,"Cytokines,Forskoline,Mammo",Mammocult base media with cytokines and forskolin,EpigeneticsAssayTemplate,,bisulfiteSeq,RNA-seq,Homo sapiens,,NTAP,,Male,Female,No,No,Cutaneous Neurofibroma Initiative,,skin,,1,,59,41,No,,No,No,4,,,,Years,,,,,,,,,,Fibroblast,,,,,,,,,,,,,,,,,,,,,,,,NF1,,,,,,,,,,,,,,RNA-seq,,,,NF0007-2,,,,,,,,,,,,,,,,,,,,,,PairedEnd,,,,,,,,,,,,,,,,,,,
NF0007-2-M-plus-C-plus-F_S8_L001_R2_001.fastq.gz,NF0007-2-M-plus-C-plus-F_S8_L001_R2_001.fastq.gz,raw,Raw,chromatinActivity,genomicVariants,fastq,,NF0012,NF0007,experimentalData,Result,NF0012-3-6-D+C,NF0007-2,syn11374354,cNF Organoid Study,Cutaneous Neurofibroma,,-/-,+/-,+/+,,Neurofibromatosis type 1,Neurofibromatosistype1,A 3D Cutaneous Neurofibroma Model for Automated High-Throughput Drug Screenings,cNF Organoid Platform,Illumina NovaSeq 6000,IlluminaHiSeq2500,"Cytokines,Forskoline,Mammo",Mammocult base media with cytokines and forskolin,EpigeneticsAssayTemplate,,bisulfiteSeq,RNA-seq,Homo sapiens,,NTAP,,Male,Female,No,No,Cutaneous Neurofibroma Initiative,,skin,,2,,59,41,No,,No,No,4,,,,Years,,,,,,,,,,Fibroblast,,,,,,,,,,,,,,,,,,,,,,,,NF1,,,,,,,,,,,,,,RNA-seq,,,,NF0007-2,,,,,,,,,,,,,,,,,,,,,,PairedEnd,,,,,,,,,,,,,,,,,,,
NF0007-2-M-plus-C_S7_L001_R1_001.fastq.gz,NF0007-2-M-plus-C_S7_L001_R1_001.fastq.gz,raw,Raw,chromatinActivity,genomicVariants,fastq,,NF0008,NF0007,experimentalData,Result,NF0008-1,NF0007-2,syn11374354,cNF Organoid Study,Cutaneous Neurofibroma,,-/-,+/-,+/+,,Neurofibromatosis type 1,Neurofibromatosistype1,A 3D Cutaneous Neurofibroma Model for Automated High-Throughput Drug Screenings,cNF Organoid Platform,Illumina NovaSeq 6000,IlluminaHiSeq2500,"Cytokines,Mammo",Mammocult base media with cytokines,EpigeneticsAssayTemplate,,bisulfiteSeq,RNA-seq,Homo sapiens,,NTAP,,Female,Female,No,No,Cutaneous Neurofibroma Initiative,,skin,,1,,39,41,No,,No,No,4,,,,Years,,,,,,,,,,Fibroblast,,,,,,,,,,,,,,,,,,,,,,,,NF1,,,,,,,,,,,,,,RNA-seq,,,,NF0007-2,,,,,,,,,,,,,,,,,,,,,,PairedEnd,,,,,,,,,,,,,,,,,,,
NF0007-2-M-plus-C_S7_L001_R2_001.fastq.gz,NF0007-2-M-plus-C_S7_L001_R2_001.fastq.gz,raw,Raw,chromatinActivity,genomicVariants,fastq,,NF0009,NF0007,experimentalData,Result,NF0009-1-D+C+F,NF0007-2,syn11374354,cNF Organoid Study,Cutaneous Neurofibroma,,-/-,+/-,+/+,,Neurofibromatosis type 1,Neurofibromatosistype1,A 3D Cutaneous Neurofibroma Model for Automated High-Throughput Drug Screenings,cNF Organoid Platform,Illumina NovaSeq 6000,IlluminaHiSeq2500,"Cytokines,Mammo",Mammocult base media with cytokines,EpigeneticsAssayTemplate,,bisulfiteSeq,RNA-seq,Homo sapiens,,NTAP,,Female,Female,No,No,Cutaneous Neurofibroma Initiative,,skin,,2,,29,41,No,,No,No,4,,,,Years,,,,,,,,,,Fibroblast,,,,,,,,,,,,,,,,,,,,,,,,NF1,,,,,,,,,,,,,,RNA-seq,,,,NF0007-2,,,,,,,,,,,,,,,,,,,,,,PairedEnd,,,,,,,,,,,,,,,,,,,
NF0007-2_S1_L001_R1_001.fastq.gz,NF0007-2_S1_L001_R1_001.fastq.gz,raw,Raw,chromatinActivity,genomicVariants,fastq,,NF0009,NF0007,experimentalData,Result,NF0009-1 D,NF0007-2,syn11374354,cNF Organoid Study,Cutaneous Neurofibroma,LocalizedNeurofibroma,-/-,+/-,+/+,,Neurofibromatosis type 1,Neurofibromatosistype1,A 3D Cutaneous Neurofibroma Model for Automated High-Throughput Drug Screenings,cNF Organoid Platform,Illumina NovaSeq 6000,IlluminaHiSeq2500,,Primary cNF tissue,EpigeneticsAssayTemplate,,bisulfiteSeq,RNA-seq,Homo sapiens,,NTAP,,Female,Female,No,No,Cutaneous Neurofibroma Initiative,,skin,,1,,29,41,No,,No,No,4,,,,Years,,,,,,,,,,Fibroblast,,,,,,,,,,,,,,,,,,,,,,,,NF1,,,,,,,,,,,,,,RNA-seq,,,,NF0007-2,,,,,,,,,,,,,,,,,,,,,,PairedEnd,,,,,,,,,,,,,,,,,,,
NF0007-2_S1_L001_R2_001.fastq.gz,NF0007-2_S1_L001_R2_001.fastq.gz,raw,Raw,chromatinActivity,genomicVariants,fastq,,NF0009,NF0007,experimentalData,Result,NF0009-1 D,NF0007-2,syn11374354,cNF Organoid Study,Cutaneous Neurofibroma,LocalizedNeurofibroma,-/-,+/-,+/+,,Neurofibromatosis type 1,Neurofibromatosistype1,A 3D Cutaneous Neurofibroma Model for Automated High-Throughput Drug Screenings,cNF Organoid Platform,Illumina NovaSeq 6000,IlluminaHiSeq2500,,Primary cNF tissue,EpigeneticsAssayTemplate,,bisulfiteSeq,RNA-seq,Homo sapiens,,NTAP,,Female,Female,No,No,Cutaneous Neurofibroma Initiative,,skin,,2,,29,41,No,,No,No,4,,,,Years,,,,,,,,,,Fibroblast,,,,,,,,,,,,,,,,,,,,,,,,NF1,,,,,,,,,,,,,,RNA-seq,,,,NF0007-2,,,,,,,,,,,,,,,,,,,,,,PairedEnd,,,,,,,,,,,,,,,,,,,
NF0007-4--D--DMEM_S18_L001_R1_001.fastq.gz,NF0007-4--D--DMEM_S18_L001_R1_001.fastq.gz,raw,Raw,chromatinActivity,genomicVariants,fastq,,NF0009,NF0007,experimentalData,Result,NF0009-1-D+C,NF0007-4,syn11374354,cNF Organoid Study,Cutaneous Neurofibroma,,-/-,+/-,+/+,,Neurofibromatosis type 1,Neurofibromatosistype1,A 3D Cutaneous Neurofibroma Model for Automated High-Throughput Drug Screenings,cNF Organoid Platform,Illumina NovaSeq 6000,IlluminaHiSeq2500,DMEM,DMEM base media without cytokines or forskolin,EpigeneticsAssayTemplate,,bisulfiteSeq,RNA-seq,Homo sapiens,,NTAP,,Female,Female,No,No,Cutaneous Neurofibroma Initiative,,skin,,1,,29,41,No,,No,No,4,,,,Years,,,,,,,,,,Fibroblast,,,,,,,,,,,,,,,,,,,,,,,,NF1,,,,,,,,,,,,,,RNA-seq,,,,NF0007-4,,,,,,,,,,,,,,,,,,,,,,PairedEnd,,,,,,,,,,,,,,,,,,,
NF0007-4--D--DMEM_S18_L001_R2_001.fastq.gz,NF0007-4--D--DMEM_S18_L001_R2_001.fastq.gz,raw,Raw,chromatinActivity,genomicVariants,fastq,,NF0009,NF0007,experimentalData,Result,NF0009-1-D+C,NF0007-4,syn11374354,cNF Organoid Study,Cutaneous Neurofibroma,,-/-,+/-,+/+,,Neurofibromatosis type 1,Neurofibromatosistype1,A 3D Cutaneous Neurofibroma Model for Automated High-Throughput Drug Screenings,cNF Organoid Platform,Illumina NovaSeq 6000,IlluminaHiSeq2500,DMEM,DMEM base media without cytokines or forskolin,EpigeneticsAssayTemplate,,bisulfiteSeq,RNA-seq,Homo sapiens,,NTAP,,Female,Female,No,No,Cutaneous Neurofibroma Initiative,,skin,,2,,29,41,No,,No,No,4,,,,Years,,,,,,,,,,Fibroblast,,,,,,,,,,,,,,,,,,,,,,,,NF1,,,,,,,,,,,,,,RNA-seq,,,,NF0007-4,,,,,,,,,,,,,,,,,,,,,,PairedEnd,,,,,,,,,,,,,,,,,,,
NF0007-4--D-plus-C-plus-F_S20_L001_R1_001.fastq.gz,NF0007-4--D-plus-C-plus-F_S20_L001_R1_001.fastq.gz,raw,Raw,chromatinActivity,genomicVariants,fastq,,NF0009,NF0007,experimentalData,Result,NF0009-1-M+C+F,NF0007-4,syn11374354,cNF Organoid Study,Cutaneous Neurofibroma,,-/-,+/-,+/+,,Neurofibromatosis type 1,Neurofibromatosistype1,A 3D Cutaneous Neurofibroma Model for Automated High-Throughput Drug Screenings,cNF Organoid Platform,Illumina NovaSeq 6000,IlluminaHiSeq2500,"Cytokines,DMEM,Forskoline",DMEM base media with cytokines and forskolin,EpigeneticsAssayTemplate,,bisulfiteSeq,RNA-seq,Homo sapiens,,NTAP,,Female,Female,No,No,Cutaneous Neurofibroma Initiative,,skin,,1,,29,41,No,,No,No,4,,,,Years,,,,,,,,,,Fibroblast,,,,,,,,,,,,,,,,,,,,,,,,NF1,,,,,,,,,,,,,,RNA-seq,,,,NF0007-4,,,,,,,,,,,,,,,,,,,,,,PairedEnd,,,,,,,,,,,,,,,,,,,
NF0007-4--D-plus-C-plus-F_S20_L001_R2_001.fastq.gz,NF0007-4--D-plus-C-plus-F_S20_L001_R2_001.fastq.gz,raw,Raw,chromatinActivity,genomicVariants,fastq,,NF0009,NF0007,experimentalData,Result,NF0009-1 M,NF0007-4,syn11374354,cNF Organoid Study,Cutaneous Neurofibroma,,-/-,+/-,+/+,,Neurofibromatosis type 1,Neurofibromatosistype1,A 3D Cutaneous Neurofibroma Model for Automated High-Throughput Drug Screenings,cNF Organoid Platform,Illumina NovaSeq 6000,IlluminaHiSeq2500,"Cytokines,DMEM,Forskoline",DMEM base media with cytokines and forskolin,EpigeneticsAssayTemplate,,bisulfiteSeq,RNA-seq,Homo sapiens,,NTAP,,Female,Female,No,No,Cutaneous Neurofibroma Initiative,,skin,,2,,29,41,No,,No,No,4,,,,Years,,,,,,,,,,Fibroblast,,,,,,,,,,,,,,,,,,,,,,,,NF1,,,,,,,,,,,,,,RNA-seq,,,,NF0007-4,,,,,,,,,,,,,,,,,,,,,,PairedEnd,,,,,,,,,,,,,,,,,,,
NF0007-4--D-plus-C_S19_L001_R1_001.fastq.gz,NF0007-4--D-plus-C_S19_L001_R1_001.fastq.gz,raw,Raw,chromatinActivity,genomicVariants,fastq,,NF0009,NF0007,experimentalData,Result,NF0009-1-M+C+F,NF0007-4,syn11374354,cNF Organoid Study,Cutaneous Neurofibroma,,-/-,+/-,+/+,,Neurofibromatosis type 1,Neurofibromatosistype1,A 3D Cutaneous Neurofibroma Model for Automated High-Throughput Drug Screenings,cNF Organoid Platform,Illumina NovaSeq 6000,IlluminaHiSeq2500,"Cytokines,DMEM",DMEM base media with cytokines,EpigeneticsAssayTemplate,,bisulfiteSeq,RNA-seq,Homo sapiens,,NTAP,,Female,Female,No,No,Cutaneous Neurofibroma Initiative,,skin,,1,,29,41,No,,No,No,4,,,,Years,,,,,,,,,,Fibroblast,,,,,,,,,,,,,,,,,,,,,,,,NF1,,,,,,,,,,,,,,RNA-seq,,,,NF0007-4,,,,,,,,,,,,,,,,,,,,,,PairedEnd,,,,,,,,,,,,,,,,,,,
NF0007-4--D-plus-C_S19_L001_R2_001.fastq.gz,NF0007-4--D-plus-C_S19_L001_R2_001.fastq.gz,raw,Raw,chromatinActivity,genomicVariants,fastq,,NF0009,NF0007,experimentalData,Result,NF0009-1-S+C+F,NF0007-4,syn11374354,cNF Organoid Study,Cutaneous Neurofibroma,,-/-,+/-,+/+,,Neurofibromatosis type 1,Neurofibromatosistype1,A 3D Cutaneous Neurofibroma Model for Automated High-Throughput Drug Screenings,cNF Organoid Platform,Illumina NovaSeq 6000,IlluminaHiSeq2500,"Cytokines,DMEM",DMEM base media with cytokines,EpigeneticsAssayTemplate,,bisulfiteSeq,RNA-seq,Homo sapiens,,NTAP,,Female,Female,No,No,Cutaneous Neurofibroma Initiative,,skin,,2,,29,41,No,,No,No,4,,,,Years,,,,,,,,,,Fibroblast,,,,,,,,,,,,,,,,,,,,,,,,NF1,,,,,,,,,,,,,,RNA-seq,,,,NF0007-4,,,,,,,,,,,,,,,,,,,,,,PairedEnd,,,,,,,,,,,,,,,,,,,
NF0007-4--M--Mammo_S15_L001_R1_001.fastq.gz,NF0007-4--M--Mammo_S15_L001_R1_001.fastq.gz,raw,Raw,chromatinActivity,genomicVariants,fastq,,NF0009,NF0007,experimentalData,Result,NF0009-1,NF0007-4,syn11374354,cNF Organoid Study,Cutaneous Neurofibroma,,-/-,+/-,+/+,,Neurofibromatosis type 1,Neurofibromatosistype1,A 3D Cutaneous Neurofibroma Model for Automated High-Throughput Drug Screenings,cNF Organoid Platform,Illumina NovaSeq 6000,IlluminaHiSeq2500,Mammo,Mammocult base media without cytokines or forskolin,EpigeneticsAssayTemplate,,bisulfiteSeq,RNA-seq,Homo sapiens,,NTAP,,Female,Female,No,No,Cutaneous Neurofibroma Initiative,,skin,,1,,29,41,No,,No,No,4,,,,Years,,,,,,,,,,Fibroblast,,,,,,,,,,,,,,,,,,,,,,,,NF1,,,,,,,,,,,,,,RNA-seq,,,,NF0007-4,,,,,,,,,,,,,,,,,,,,,,PairedEnd,,,,,,,,,,,,,,,,,,,
NF0007-4--M--Mammo_S15_L001_R2_001.fastq.gz,NF0007-4--M--Mammo_S15_L001_R2_001.fastq.gz,raw,Raw,chromatinActivity,genomicVariants,fastq,,NF0009,NF0007,experimentalData,Result,NF0009-1,NF0007-4,syn11374354,cNF Organoid Study,Cutaneous Neurofibroma,,-/-,+/-,+/+,,Neurofibromatosis type 1,Neurofibromatosistype1,A 3D Cutaneous Neurofibroma Model for Automated High-Throughput Drug Screenings,cNF Organoid Platform,Illumina NovaSeq 6000,IlluminaHiSeq2500,Mammo,Mammocult base media without cytokines or forskolin,EpigeneticsAssayTemplate,,bisulfiteSeq,RNA-seq,Homo sapiens,,NTAP,,Female,Female,No,No,Cutaneous Neurofibroma Initiative,,skin,,2,,29,41,No,,No,No,4,,,,Years,,,,,,,,,,Fibroblast,,,,,,,,,,,,,,,,,,,,,,,,NF1,,,,,,,,,,,,,,RNA-seq,,,,NF0007-4,,,,,,,,,,,,,,,,,,,,,,PairedEnd,,,,,,,,,,,,,,,,,,,
NF0007-4--M-plus-C-plus-F_S17_L001_R1_001.fastq.gz,NF0007-4--M-plus-C-plus-F_S17_L001_R1_001.fastq.gz,raw,Raw,chromatinActivity,genomicVariants,fastq,,NF0009,NF0007,experimentalData,Result,NF0009-1-M+C,NF0007-4,syn11374354,cNF Organoid Study,Cutaneous Neurofibroma,,-/-,+/-,+/+,,Neurofibromatosis type 1,Neurofibromatosistype1,A 3D Cutaneous Neurofibroma Model for Automated High-Throughput Drug Screenings,cNF Organoid Platform,Illumina NovaSeq 6000,IlluminaHiSeq2500,"Cytokines,Forskoline,Mammo",Mammocult base media with cytokines and forskolin,EpigeneticsAssayTemplate,,bisulfiteSeq,RNA-seq,Homo sapiens,,NTAP,,Female,Female,No,No,Cutaneous Neurofibroma Initiative,,skin,,1,,29,41,No,,No,No,4,,,,Years,,,,,,,,,,Fibroblast,,,,,,,,,,,,,,,,,,,,,,,,NF1,,,,,,,,,,,,,,RNA-seq,,,,NF0007-4,,,,,,,,,,,,,,,,,,,,,,PairedEnd,,,,,,,,,,,,,,,,,,,
NF0007-4--M-plus-C-plus-F_S17_L001_R2_001.fastq.gz,NF0007-4--M-plus-C-plus-F_S17_L001_R2_001.fastq.gz,raw,Raw,chromatinActivity,genomicVariants,fastq,,NF0009,NF0007,experimentalData,Result,NF0009-1-S+C+F,NF0007-4,syn11374354,cNF Organoid Study,Cutaneous Neurofibroma,,-/-,+/-,+/+,,Neurofibromatosis type 1,Neurofibromatosistype1,A 3D Cutaneous Neurofibroma Model for Automated High-Throughput Drug Screenings,cNF Organoid Platform,Illumina NovaSeq 6000,IlluminaHiSeq2500,"Cytokines,Forskoline,Mammo",Mammocult base media with cytokines and forskolin,EpigeneticsAssayTemplate,,bisulfiteSeq,RNA-seq,Homo sapiens,,NTAP,,Female,Female,No,No,Cutaneous Neurofibroma Initiative,,skin,,2,,29,41,No,,No,No,4,,,,Years,,,,,,,,,,Fibroblast,,,,,,,,,,,,,,,,,,,,,,,,NF1,,,,,,,,,,,,,,RNA-seq,,,,NF0007-4,,,,,,,,,,,,,,,,,,,,,,PairedEnd,,,,,,,,,,,,,,,,,,,
NF0007-4--M-plus-C_S16_L001_R1_001.fastq.gz,NF0007-4--M-plus-C_S16_L001_R1_001.fastq.gz,raw,Raw,chromatinActivity,genomicVariants,fastq,,NF0009,NF0007,experimentalData,Result,NF0009-1-S+C,NF0007-4,syn11374354,cNF Organoid Study,Cutaneous Neurofibroma,,-/-,+/-,+/+,,Neurofibromatosis type 1,Neurofibromatosistype1,A 3D Cutaneous Neurofibroma Model for Automated High-Throughput Drug Screenings,cNF Organoid Platform,Illumina NovaSeq 6000,IlluminaHiSeq2500,"Cytokines,Mammo",Mammocult base media with cytokines,EpigeneticsAssayTemplate,,bisulfiteSeq,RNA-seq,Homo sapiens,,NTAP,,Female,Female,No,No,Cutaneous Neurofibroma Initiative,,skin,,1,,29,41,No,,No,No,4,,,,Years,,,,,,,,,,Fibroblast,,,,,,,,,,,,,,,,,,,,,,,,NF1,,,,,,,,,,,,,,RNA-seq,,,,NF0007-4,,,,,,,,,,,,,,,,,,,,,,PairedEnd,,,,,,,,,,,,,,,,,,,
NF0007-4--M-plus-C_S16_L001_R2_001.fastq.gz,NF0007-4--M-plus-C_S16_L001_R2_001.fastq.gz,raw,Raw,chromatinActivity,genomicVariants,fastq,,NF0009,NF0007,experimentalData,Result,NF0009-1-S+C,NF0007-4,syn11374354,cNF Organoid Study,Cutaneous Neurofibroma,,-/-,+/-,+/+,,Neurofibromatosis type 1,Neurofibromatosistype1,A 3D Cutaneous Neurofibroma Model for Automated High-Throughput Drug Screenings,cNF Organoid Platform,Illumina NovaSeq 6000,IlluminaHiSeq2500,"Cytokines,Mammo",Mammocult base media with cytokines,EpigeneticsAssayTemplate,,bisulfiteSeq,RNA-seq,Homo sapiens,,NTAP,,Female,Female,No,No,Cutaneous Neurofibroma Initiative,,skin,,2,,29,41,No,,No,No,4,,,,Years,,,,,,,,,,Fibroblast,,,,,,,,,,,,,,,,,,,,,,,,NF1,,,,,,,,,,,,,,RNA-seq,,,,NF0007-4,,,,,,,,,,,,,,,,,,,,,,PairedEnd,,,,,,,,,,,,,,,,,,,
NF0007-4--S--StemPro_S21_L002_R1_001.fastq.gz,NF0007-4--S--StemPro_S21_L002_R1_001.fastq.gz,raw,Raw,chromatinActivity,genomicVariants,fastq,,NF0009,NF0007,experimentalData,Result,NF0009-1 S,NF0007-4,syn11374354,cNF Organoid Study,Cutaneous Neurofibroma,,-/-,+/-,+/+,,Neurofibromatosis type 1,Neurofibromatosistype1,A 3D Cutaneous Neurofibroma Model for Automated High-Throughput Drug Screenings,cNF Organoid Platform,Illumina NovaSeq 6000,IlluminaHiSeq2500,StemPro,StemPro base media without cytokines or forskolin,EpigeneticsAssayTemplate,,bisulfiteSeq,RNA-seq,Homo sapiens,,NTAP,,Female,Female,No,No,Cutaneous Neurofibroma Initiative,,skin,,1,,29,41,No,,No,No,4,,,,Years,,,,,,,,,,Fibroblast,,,,,,,,,,,,,,,,,,,,,,,,NF1,,,,,,,,,,,,,,RNA-seq,,,,NF0007-4,,,,,,,,,,,,,,,,,,,,,,PairedEnd,,,,,,,,,,,,,,,,,,,
NF0007-4--S--StemPro_S21_L002_R2_001.fastq.gz,NF0007-4--S--StemPro_S21_L002_R2_001.fastq.gz,raw,Raw,chromatinActivity,genomicVariants,fastq,,NF0012,NF0007,experimentalData,Result,NF0012-3-6 D,NF0007-4,syn11374354,cNF Organoid Study,Cutaneous Neurofibroma,,-/-,+/-,+/+,,Neurofibromatosis type 1,Neurofibromatosistype1,A 3D Cutaneous Neurofibroma Model for Automated High-Throughput Drug Screenings,cNF Organoid Platform,Illumina NovaSeq 6000,IlluminaHiSeq2500,StemPro,StemPro base media without cytokines or forskolin,EpigeneticsAssayTemplate,,bisulfiteSeq,RNA-seq,Homo sapiens,,NTAP,,Male,Female,No,No,Cutaneous Neurofibroma Initiative,,skin,,2,,59,41,No,,No,No,4,,,,Years,,,,,,,,,,Fibroblast,,,,,,,,,,,,,,,,,,,,,,,,NF1,,,,,,,,,,,,,,RNA-seq,,,,NF0007-4,,,,,,,,,,,,,,,,,,,,,,PairedEnd,,,,,,,,,,,,,,,,,,,
NF0007-4--S-plus-C-plus-F_S23_L002_R1_001.fastq.gz,NF0007-4--S-plus-C-plus-F_S23_L002_R1_001.fastq.gz,raw,Raw,chromatinActivity,genomicVariants,fastq,,NF0009,NF0007,experimentalData,Result,NF0009-1 S,NF0007-4,syn11374354,cNF Organoid Study,Cutaneous Neurofibroma,,-/-,+/-,+/+,,Neurofibromatosis type 1,Neurofibromatosistype1,A 3D Cutaneous Neurofibroma Model for Automated High-Throughput Drug Screenings,cNF Organoid Platform,Illumina NovaSeq 6000,IlluminaHiSeq2500,"Cytokines,Forskoline,StemPro",StemPro base media with cytokines and forskolin,EpigeneticsAssayTemplate,,bisulfiteSeq,RNA-seq,Homo sapiens,,NTAP,,Female,Female,No,No,Cutaneous Neurofibroma Initiative,,skin,,1,,29,41,No,,No,No,4,,,,Years,,,,,,,,,,Fibroblast,,,,,,,,,,,,,,,,,,,,,,,,NF1,,,,,,,,,,,,,,RNA-seq,,,,NF0007-4,,,,,,,,,,,,,,,,,,,,,,PairedEnd,,,,,,,,,,,,,,,,,,,
NF0007-4--S-plus-C-plus-F_S23_L002_R2_001.fastq.gz,NF0007-4--S-plus-C-plus-F_S23_L002_R2_001.fastq.gz,raw,Raw,chromatinActivity,genomicVariants,fastq,,NF0012,NF0007,experimentalData,Result,NF0012-3-6 D,NF0007-4,syn11374354,cNF Organoid Study,Cutaneous Neurofibroma,,-/-,+/-,+/+,,Neurofibromatosis type 1,Neurofibromatosistype1,A 3D Cutaneous Neurofibroma Model for Automated High-Throughput Drug Screenings,cNF Organoid Platform,Illumina NovaSeq 6000,IlluminaHiSeq2500,"Cytokines,Forskoline,StemPro",StemPro base media with cytokines and forskolin,EpigeneticsAssayTemplate,,bisulfiteSeq,RNA-seq,Homo sapiens,,NTAP,,Male,Female,No,No,Cutaneous Neurofibroma Initiative,,skin,,2,,59,41,No,,No,No,4,,,,Years,,,,,,,,,,Fibroblast,,,,,,,,,,,,,,,,,,,,,,,,NF1,,,,,,,,,,,,,,RNA-seq,,,,NF0007-4,,,,,,,,,,,,,,,,,,,,,,PairedEnd,,,,,,,,,,,,,,,,,,,
NF0007-4--S-plus-C_S22_L002_R1_001.fastq.gz,NF0007-4--S-plus-C_S22_L002_R1_001.fastq.gz,raw,Raw,chromatinActivity,genomicVariants,fastq,,NF0012,NF0007,experimentalData,Result,NF0012-3-6-D+C+F,NF0007-4,syn11374354,cNF Organoid Study,Cutaneous Neurofibroma,,-/-,+/-,+/+,,Neurofibromatosis type 1,Neurofibromatosistype1,A 3D Cutaneous Neurofibroma Model for Automated High-Throughput Drug Screenings,cNF Organoid Platform,Illumina NovaSeq 6000,IlluminaHiSeq2500,"Cytokines,StemPro",StemPro base media with cytokines,EpigeneticsAssayTemplate,,bisulfiteSeq,RNA-seq,Homo sapiens,,NTAP,,Male,Female,No,No,Cutaneous Neurofibroma Initiative,,skin,,1,,59,41,No,,No,No,4,,,,Years,,,,,,,,,,Fibroblast,,,,,,,,,,,,,,,,,,,,,,,,NF1,,,,,,,,,,,,,,RNA-seq,,,,NF0007-4,,,,,,,,,,,,,,,,,,,,,,PairedEnd,,,,,,,,,,,,,,,,,,,
NF0007-4--S-plus-C_S22_L002_R2_001.fastq.gz,NF0007-4--S-plus-C_S22_L002_R2_001.fastq.gz,raw,Raw,chromatinActivity,genomicVariants,fastq,,NF0012,NF0007,experimentalData,Result,NF0012-3-6-D+C+F,NF0007-4,syn11374354,cNF Organoid Study,Cutaneous Neurofibroma,,-/-,+/-,+/+,,Neurofibromatosis type 1,Neurofibromatosistype1,A 3D Cutaneous Neurofibroma Model for Automated High-Throughput Drug Screenings,cNF Organoid Platform,Illumina NovaSeq 6000,IlluminaHiSeq2500,"Cytokines,StemPro",StemPro base media with cytokines,EpigeneticsAssayTemplate,,bisulfiteSeq,RNA-seq,Homo sapiens,,NTAP,,Male,Female,No,No,Cutaneous Neurofibroma Initiative,,skin,,2,,59,41,No,,No,No,4,,,,Years,,,,,,,,,,Fibroblast,,,,,,,,,,,,,,,,,,,,,,,,NF1,,,,,,,,,,,,,,RNA-seq,,,,NF0007-4,,,,,,,,,,,,,,,,,,,,,,PairedEnd,,,,,,,,,,,,,,,,,,,
NF0007-4_S2_L001_R1_001.fastq.gz,NF0007-4_S2_L001_R1_001.fastq.gz,raw,Raw,chromatinActivity,genomicVariants,fastq,,NF0012,NF0007,experimentalData,Result,NF0012-3-6-M+C+F,NF0007-4,syn11374354,cNF Organoid Study,Cutaneous Neurofibroma,LocalizedNeurofibroma,-/-,+/-,+/+,,Neurofibromatosis type 1,Neurofibromatosistype1,A 3D Cutaneous Neurofibroma Model for Automated High-Throughput Drug Screenings,cNF Organoid Platform,Illumina NovaSeq 6000,IlluminaHiSeq2500,,Primary cNF tissue,EpigeneticsAssayTemplate,,bisulfiteSeq,RNA-seq,Homo sapiens,,NTAP,,Male,Female,No,No,Cutaneous Neurofibroma Initiative,,skin,,1,,59,41,No,,No,No,4,,,,Years,,,,,,,,,,Fibroblast,,,,,,,,,,,,,,,,,,,,,,,,NF1,,,,,,,,,,,,,,RNA-seq,,,,NF0007-4,,,,,,,,,,,,,,,,,,,,,,PairedEnd,,,,,,,,,,,,,,,,,,,
NF0007-4_S2_L001_R2_001.fastq.gz,NF0007-4_S2_L001_R2_001.fastq.gz,raw,Raw,chromatinActivity,genomicVariants,fastq,,NF0012,NF0007,experimentalData,Result,NF0012-3-6 M,NF0007-4,syn11374354,cNF Organoid Study,Cutaneous Neurofibroma,LocalizedNeurofibroma,-/-,+/-,+/+,,Neurofibromatosis type 1,Neurofibromatosistype1,A 3D Cutaneous Neurofibroma Model for Automated High-Throughput Drug Screenings,cNF Organoid Platform,Illumina NovaSeq 6000,IlluminaHiSeq2500,,Primary cNF tissue,EpigeneticsAssayTemplate,,bisulfiteSeq,RNA-seq,Homo sapiens,,NTAP,,Male,Female,No,No,Cutaneous Neurofibroma Initiative,,skin,,2,,59,41,No,,No,No,4,,,,Years,,,,,,,,,,Fibroblast,,,,,,,,,,,,,,,,,,,,,,,,NF1,,,,,,,,,,,,,,RNA-seq,,,,NF0007-4,,,,,,,,,,,,,,,,,,,,,,PairedEnd,,,,,,,,,,,,,,,,,,,
NF0008-1--D--DMEM_S55_L003_R1_001.fastq.gz,NF0008-1--D--DMEM_S55_L003_R1_001.fastq.gz,raw,Raw,chromatinActivity,genomicVariants,fastq,,NF0012,NF0008,experimentalData,Result,NF0012-3-6-S+C,NF0008-1,syn11374354,cNF Organoid Study,Cutaneous Neurofibroma,,-/-,+/-,+/+,,Neurofibromatosis type 1,Neurofibromatosistype1,A 3D Cutaneous Neurofibroma Model for Automated High-Throughput Drug Screenings,cNF Organoid Platform,Illumina NovaSeq 6000,IlluminaHiSeq2500,DMEM,DMEM base media without cytokines or forskolin,EpigeneticsAssayTemplate,,bisulfiteSeq,RNA-seq,Homo sapiens,,NTAP,,Male,Female,No,No,Cutaneous Neurofibroma Initiative,,skin,,1,,59,39,No,,No,No,4,,,,Years,,,,,,,,,,Fibroblast,,,,,,,,,,,,,,,,,,,,,,,,NF1,,,,,,,,,,,,,,RNA-seq,,,,NF0008,,,,,,,,,,,,,,,,,,,,,,PairedEnd,,,,,,,,,,,,,,,,,,,
NF0008-1--D--DMEM_S55_L003_R2_001.fastq.gz,NF0008-1--D--DMEM_S55_L003_R2_001.fastq.gz,raw,Raw,chromatinActivity,genomicVariants,fastq,,NF0012,NF0008,experimentalData,Result,NF0012-3-6 S,NF0008-1,syn11374354,cNF Organoid Study,Cutaneous Neurofibroma,,-/-,+/-,+/+,,Neurofibromatosis type 1,Neurofibromatosistype1,A 3D Cutaneous Neurofibroma Model for Automated High-Throughput Drug Screenings,cNF Organoid Platform,Illumina NovaSeq 6000,IlluminaHiSeq2500,DMEM,DMEM base media without cytokines or forskolin,EpigeneticsAssayTemplate,,bisulfiteSeq,RNA-seq,Homo sapiens,,NTAP,,Male,Female,No,No,Cutaneous Neurofibroma Initiative,,skin,,2,,59,39,No,,No,No,4,,,,Years,,,,,,,,,,Fibroblast,,,,,,,,,,,,,,,,,,,,,,,,NF1,,,,,,,,,,,,,,RNA-seq,,,,NF0008,,,,,,,,,,,,,,,,,,,,,,PairedEnd,,,,,,,,,,,,,,,,,,,
NF0008-1--D-plus-C-plus-F_S57_L003_R1_001.fastq.gz,NF0008-1--D-plus-C-plus-F_S57_L003_R1_001.fastq.gz,raw,Raw,chromatinActivity,genomicVariants,fastq,,NF0012,NF0008,experimentalData,Result,NF0012-3-6-M+C,NF0008-1,syn11374354,cNF Organoid Study,Cutaneous Neurofibroma,,-/-,+/-,+/+,,Neurofibromatosis type 1,Neurofibromatosistype1,A 3D Cutaneous Neurofibroma Model for Automated High-Throughput Drug Screenings,cNF Organoid Platform,Illumina NovaSeq 6000,IlluminaHiSeq2500,"Cytokines,DMEM,Forskoline",DMEM base media with cytokines and forskolin,EpigeneticsAssayTemplate,,bisulfiteSeq,RNA-seq,Homo sapiens,,NTAP,,Male,Female,No,No,Cutaneous Neurofibroma Initiative,,skin,,1,,59,39,No,,No,No,4,,,,Years,,,,,,,,,,Fibroblast,,,,,,,,,,,,,,,,,,,,,,,,NF1,,,,,,,,,,,,,,RNA-seq,,,,NF0008,,,,,,,,,,,,,,,,,,,,,,PairedEnd,,,,,,,,,,,,,,,,,,,
NF0008-1--D-plus-C-plus-F_S57_L003_R2_001.fastq.gz,NF0008-1--D-plus-C-plus-F_S57_L003_R2_001.fastq.gz,raw,Raw,chromatinActivity,genomicVariants,fastq,,NF0012,NF0008,experimentalData,Result,NF0012-3-6-M+C+F,NF0008-1,syn11374354,cNF Organoid Study,Cutaneous Neurofibroma,,-/-,+/-,+/+,,Neurofibromatosis type 1,Neurofibromatosistype1,A 3D Cutaneous Neurofibroma Model for Automated High-Throughput Drug Screenings,cNF Organoid Platform,Illumina NovaSeq 6000,IlluminaHiSeq2500,"Cytokines,DMEM,Forskoline",DMEM base media with cytokines and forskolin,EpigeneticsAssayTemplate,,bisulfiteSeq,RNA-seq,Homo sapiens,,NTAP,,Male,Female,No,No,Cutaneous Neurofibroma Initiative,,skin,,2,,59,39,No,,No,No,4,,,,Years,,,,,,,,,,Fibroblast,,,,,,,,,,,,,,,,,,,,,,,,NF1,,,,,,,,,,,,,,RNA-seq,,,,NF0008,,,,,,,,,,,,,,,,,,,,,,PairedEnd,,,,,,,,,,,,,,,,,,,
NF0008-1--D-plus-C_S56_L003_R1_001.fastq.gz,NF0008-1--D-plus-C_S56_L003_R1_001.fastq.gz,raw,Raw,chromatinActivity,genomicVariants,fastq,,NF0012,NF0008,experimentalData,Result,NF0012-3-6,NF0008-1,syn11374354,cNF Organoid Study,Cutaneous Neurofibroma,,-/-,+/-,+/+,,Neurofibromatosis type 1,Neurofibromatosistype1,A 3D Cutaneous Neurofibroma Model for Automated High-Throughput Drug Screenings,cNF Organoid Platform,Illumina NovaSeq 6000,IlluminaHiSeq2500,"Cytokines,DMEM",DMEM base media with cytokines,EpigeneticsAssayTemplate,,bisulfiteSeq,RNA-seq,Homo sapiens,,NTAP,,Male,Female,No,No,Cutaneous Neurofibroma Initiative,,skin,,1,,59,39,No,,No,No,4,,,,Years,,,,,,,,,,Fibroblast,,,,,,,,,,,,,,,,,,,,,,,,NF1,,,,,,,,,,,,,,RNA-seq,,,,NF0008,,,,,,,,,,,,,,,,,,,,,,PairedEnd,,,,,,,,,,,,,,,,,,,
NF0008-1--D-plus-C_S56_L003_R2_001.fastq.gz,NF0008-1--D-plus-C_S56_L003_R2_001.fastq.gz,raw,Raw,chromatinActivity,genomicVariants,fastq,,NF0012,NF0008,experimentalData,Result,NF0012-3-6-D+C,NF0008-1,syn11374354,cNF Organoid Study,Cutaneous Neurofibroma,,-/-,+/-,+/+,,Neurofibromatosis type 1,Neurofibromatosistype1,A 3D Cutaneous Neurofibroma Model for Automated High-Throughput Drug Screenings,cNF Organoid Platform,Illumina NovaSeq 6000,IlluminaHiSeq2500,"Cytokines,DMEM",DMEM base media with cytokines,EpigeneticsAssayTemplate,,bisulfiteSeq,RNA-seq,Homo sapiens,,NTAP,,Male,Female,No,No,Cutaneous Neurofibroma Initiative,,skin,,2,,59,39,No,,No,No,4,,,,Years,,,,,,,,,,Fibroblast,,,,,,,,,,,,,,,,,,,,,,,,NF1,,,,,,,,,,,,,,RNA-seq,,,,NF0008,,,,,,,,,,,,,,,,,,,,,,PairedEnd,,,,,,,,,,,,,,,,,,,
NF0008-1--M--Mammo_S52_L003_R1_001.fastq.gz,NF0008-1--M--Mammo_S52_L003_R1_001.fastq.gz,raw,Raw,chromatinActivity,genomicVariants,fastq,,NF0012,NF0008,experimentalData,Result,NF0012-3-6-M+C,NF0008-1,syn11374354,cNF Organoid Study,Cutaneous Neurofibroma,,-/-,+/-,+/+,,Neurofibromatosis type 1,Neurofibromatosistype1,A 3D Cutaneous Neurofibroma Model for Automated High-Throughput Drug Screenings,cNF Organoid Platform,Illumina NovaSeq 6000,IlluminaHiSeq2500,Mammo,Mammocult base media without cytokines or forskolin,EpigeneticsAssayTemplate,,bisulfiteSeq,RNA-seq,Homo sapiens,,NTAP,,Male,Female,No,No,Cutaneous Neurofibroma Initiative,,skin,,1,,59,39,No,,No,No,4,,,,Years,,,,,,,,,,Fibroblast,,,,,,,,,,,,,,,,,,,,,,,,NF1,,,,,,,,,,,,,,RNA-seq,,,,NF0008,,,,,,,,,,,,,,,,,,,,,,PairedEnd,,,,,,,,,,,,,,,,,,,
NF0008-1--M--Mammo_S52_L003_R2_001.fastq.gz,NF0008-1--M--Mammo_S52_L003_R2_001.fastq.gz,raw,Raw,chromatinActivity,genomicVariants,fastq,,NF0012,NF0008,experimentalData,Result,NF0012-3-6 S,NF0008-1,syn11374354,cNF Organoid Study,Cutaneous Neurofibroma,,-/-,+/-,+/+,,Neurofibromatosis type 1,Neurofibromatosistype1,A 3D Cutaneous Neurofibroma Model for Automated High-Throughput Drug Screenings,cNF Organoid Platform,Illumina NovaSeq 6000,IlluminaHiSeq2500,Mammo,Mammocult base media without cytokines or forskolin,EpigeneticsAssayTemplate,,bisulfiteSeq,RNA-seq,Homo sapiens,,NTAP,,Male,Female,No,No,Cutaneous Neurofibroma Initiative,,skin,,2,,59,39,No,,No,No,4,,,,Years,,,,,,,,,,Fibroblast,,,,,,,,,,,,,,,,,,,,,,,,NF1,,,,,,,,,,,,,,RNA-seq,,,,NF0008,,,,,,,,,,,,,,,,,,,,,,PairedEnd,,,,,,,,,,,,,,,,,,,
NF0008-1--M-plus-C-plus-F_S54_L003_R1_001.fastq.gz,NF0008-1--M-plus-C-plus-F_S54_L003_R1_001.fastq.gz,raw,Raw,chromatinActivity,genomicVariants,fastq,,NF0012,NF0008,experimentalData,Result,NF0012-3-6-S+C,NF0008-1,syn11374354,cNF Organoid Study,Cutaneous Neurofibroma,,-/-,+/-,+/+,,Neurofibromatosis type 1,Neurofibromatosistype1,A 3D Cutaneous Neurofibroma Model for Automated High-Throughput Drug Screenings,cNF Organoid Platform,Illumina NovaSeq 6000,IlluminaHiSeq2500,"Cytokines,Forskoline,Mammo",Mammocult base media with cytokines and forskolin,EpigeneticsAssayTemplate,,bisulfiteSeq,RNA-seq,Homo sapiens,,NTAP,,Male,Female,No,No,Cutaneous Neurofibroma Initiative,,skin,,1,,59,39,No,,No,No,4,,,,Years,,,,,,,,,,Fibroblast,,,,,,,,,,,,,,,,,,,,,,,,NF1,,,,,,,,,,,,,,RNA-seq,,,,NF0008,,,,,,,,,,,,,,,,,,,,,,PairedEnd,,,,,,,,,,,,,,,,,,,
NF0008-1--M-plus-C-plus-F_S54_L003_R2_001.fastq.gz,NF0008-1--M-plus-C-plus-F_S54_L003_R2_001.fastq.gz,raw,Raw,chromatinActivity,genomicVariants,fastq,,NF0012,NF0008,experimentalData,Result,NF0012-3-6,NF0008-1,syn11374354,cNF Organoid Study,Cutaneous Neurofibroma,,-/-,+/-,+/+,,Neurofibromatosis type 1,Neurofibromatosistype1,A 3D Cutaneous Neurofibroma Model for Automated High-Throughput Drug Screenings,cNF Organoid Platform,Illumina NovaSeq 6000,IlluminaHiSeq2500,"Cytokines,Forskoline,Mammo",Mammocult base media with cytokines and forskolin,EpigeneticsAssayTemplate,,bisulfiteSeq,RNA-seq,Homo sapiens,,NTAP,,Male,Female,No,No,Cutaneous Neurofibroma Initiative,,skin,,2,,59,39,No,,No,No,4,,,,Years,,,,,,,,,,Fibroblast,,,,,,,,,,,,,,,,,,,,,,,,NF1,,,,,,,,,,,,,,RNA-seq,,,,NF0008,,,,,,,,,,,,,,,,,,,,,,PairedEnd,,,,,,,,,,,,,,,,,,,
NF0008-1--M-plus-C_S53_L003_R1_001.fastq.gz,NF0008-1--M-plus-C_S53_L003_R1_001.fastq.gz,raw,Raw,chromatinActivity,genomicVariants,fastq,,NF0009,NF0008,experimentalData,Result,NF0009-1 D,NF0008-1,syn11374354,cNF Organoid Study,Cutaneous Neurofibroma,,-/-,+/-,+/+,,Neurofibromatosis type 1,Neurofibromatosistype1,A 3D Cutaneous Neurofibroma Model for Automated High-Throughput Drug Screenings,cNF Organoid Platform,Illumina NovaSeq 6000,IlluminaHiSeq2500,"Cytokines,Mammo",Mammocult base media with cytokines,EpigeneticsAssayTemplate,,RNA-seq,RNA-seq,Homo sapiens,,NTAP,,Female,Female,No,No,Cutaneous Neurofibroma Initiative,,skin,,1,,29,39,No,,No,No,4,,,,Years,,,,,,,,,,Fibroblast,,,,,,,,,,,,,,,,,,,,,,,,NF1,,,,,,,,,,,,,,RNA-seq,,,,NF0008,,,,,,,,,,,,,,,,,,,,,,PairedEnd,,,,,,,,,,,,,,,,,,,
NF0008-1--M-plus-C_S53_L003_R2_001.fastq.gz,NF0008-1--M-plus-C_S53_L003_R2_001.fastq.gz,raw,Raw,chromatinActivity,genomicVariants,fastq,,NF0009,NF0008,experimentalData,Result,NF0009-1,NF0008-1,syn11374354,cNF Organoid Study,Cutaneous Neurofibroma,,-/-,+/-,+/+,,Neurofibromatosis type 1,Neurofibromatosistype1,A 3D Cutaneous Neurofibroma Model for Automated High-Throughput Drug Screenings,cNF Organoid Platform,Illumina NovaSeq 6000,IlluminaHiSeq2500,"Cytokines,Mammo",Mammocult base media with cytokines,EpigeneticsAssayTemplate,,RNA-seq,RNA-seq,Homo sapiens,,NTAP,,Female,Female,No,No,Cutaneous Neurofibroma Initiative,,skin,,2,,29,39,No,,No,No,4,,,,Years,,,,,,,,,,Fibroblast,,,,,,,,,,,,,,,,,,,,,,,,NF1,,,,,,,,,,,,,,RNA-seq,,,,NF0008,,,,,,,,,,,,,,,,,,,,,,PairedEnd,,,,,,,,,,,,,,,,,,,
NF0008-1--S--StemPro_S58_L003_R1_001.fastq.gz,NF0008-1--S--StemPro_S58_L003_R1_001.fastq.gz,raw,Raw,chromatinActivity,genomicVariants,fastq,,NF0012,NF0008,experimentalData,Result,NF0012-3-6-S+C+F,NF0008-1,syn11374354,cNF Organoid Study,Cutaneous Neurofibroma,,-/-,+/-,+/+,,Neurofibromatosis type 1,Neurofibromatosistype1,A 3D Cutaneous Neurofibroma Model for Automated High-Throughput Drug Screenings,cNF Organoid Platform,Illumina NovaSeq 6000,IlluminaHiSeq2500,StemPro,StemPro base media without cytokines or forskolin,EpigeneticsAssayTemplate,,bisulfiteSeq,RNA-seq,Homo sapiens,,NTAP,,Male,Female,No,No,Cutaneous Neurofibroma Initiative,,skin,,1,,59,39,No,,No,No,4,,,,Years,,,,,,,,,,Fibroblast,,,,,,,,,,,,,,,,,,,,,,,,NF1,,,,,,,,,,,,,,RNA-seq,,,,NF0008,,,,,,,,,,,,,,,,,,,,,,PairedEnd,,,,,,,,,,,,,,,,,,,
NF0008-1--S--StemPro_S58_L003_R2_001.fastq.gz,NF0008-1--S--StemPro_S58_L003_R2_001.fastq.gz,raw,Raw,chromatinActivity,genomicVariants,fastq,,NF0012,NF0008,experimentalData,Result,NF0012-3-6-S+C+F,NF0008-1,syn11374354,cNF Organoid Study,Cutaneous Neurofibroma,,-/-,+/-,+/+,,Neurofibromatosis type 1,Neurofibromatosistype1,A 3D Cutaneous Neurofibroma Model for Automated High-Throughput Drug Screenings,cNF Organoid Platform,Illumina NovaSeq 6000,IlluminaHiSeq2500,StemPro,StemPro base media without cytokines or forskolin,EpigeneticsAssayTemplate,,bisulfiteSeq,RNA-seq,Homo sapiens,,NTAP,,Male,Female,No,No,Cutaneous Neurofibroma Initiative,,skin,,2,,59,39,No,,No,No,4,,,,Years,,,,,,,,,,Fibroblast,,,,,,,,,,,,,,,,,,,,,,,,NF1,,,,,,,,,,,,,,RNA-seq,,,,NF0008,,,,,,,,,,,,,,,,,,,,,,PairedEnd,,,,,,,,,,,,,,,,,,,
NF0008-1--S-plus-C-plus-F_S60_L003_R1_001.fastq.gz,NF0008-1--S-plus-C-plus-F_S60_L003_R1_001.fastq.gz,raw,Raw,chromatinActivity,genomicVariants,fastq,,NF0009,NF0008,experimentalData,Result,NF0009-1 M,NF0008-1,syn11374354,cNF Organoid Study,Cutaneous Neurofibroma,,-/-,+/-,+/+,,Neurofibromatosis type 1,Neurofibromatosistype1,A 3D Cutaneous Neurofibroma Model for Automated High-Throughput Drug Screenings,cNF Organoid Platform,Illumina NovaSeq 6000,IlluminaHiSeq2500,"Cytokines,Forskoline,StemPro",StemPro base media with cytokines and forskolin,EpigeneticsAssayTemplate,,RNA-seq,RNA-seq,Homo sapiens,,NTAP,,Female,Female,No,No,Cutaneous Neurofibroma Initiative,,skin,,1,,29,39,No,,No,No,4,,,,Years,,,,,,,,,,Fibroblast,,,,,,,,,,,,,,,,,,,,,,,,NF1,,,,,,,,,,,,,,RNA-seq,,,,NF0008,,,,,,,,,,,,,,,,,,,,,,PairedEnd,,,,,,,,,,,,,,,,,,,
NF0008-1--S-plus-C-plus-F_S60_L003_R2_001.fastq.gz,NF0008-1--S-plus-C-plus-F_S60_L003_R2_001.fastq.gz,raw,Raw,chromatinActivity,genomicVariants,fastq,,NF0009,NF0008,experimentalData,Result,NF0009-1 S,NF0008-1,syn11374354,cNF Organoid Study,Cutaneous Neurofibroma,,-/-,+/-,+/+,,Neurofibromatosis type 1,Neurofibromatosistype1,A 3D Cutaneous Neurofibroma Model for Automated High-Throughput Drug Screenings,cNF Organoid Platform,Illumina NovaSeq 6000,IlluminaHiSeq2500,"Cytokines,Forskoline,StemPro",StemPro base media with cytokines and forskolin,EpigeneticsAssayTemplate,,rnaSeq,RNA-seq,Homo sapiens,,NTAP,,Female,Female,No,No,Cutaneous Neurofibroma Initiative,,skin,,2,,29,39,No,,No,No,4,,,,Years,,,,,,,,,,Fibroblast,,,,,,,,,,,,,,,,,,,,,,,,NF1,,,,,,,,,,,,,,RNA-seq,,,,NF0008,,,,,,,,,,,,,,,,,,,,,,PairedEnd,,,,,,,,,,,,,,,,,,,
NF0008-1--S-plus-C_S59_L003_R1_001.fastq.gz,NF0008-1--S-plus-C_S59_L003_R1_001.fastq.gz,raw,Raw,chromatinActivity,genomicVariants,fastq,,NF0009,NF0008,experimentalData,Result,NF0009-1-D+C,NF0008-1,syn11374354,cNF Organoid Study,Cutaneous Neurofibroma,,-/-,+/-,+/+,,Neurofibromatosis type 1,Neurofibromatosistype1,A 3D Cutaneous Neurofibroma Model for Automated High-Throughput Drug Screenings,cNF Organoid Platform,Illumina NovaSeq 6000,IlluminaHiSeq2500,"Cytokines,StemPro",StemPro base media with cytokines,EpigeneticsAssayTemplate,,rnaSeq,RNA-seq,Homo sapiens,,NTAP,,Female,Female,No,No,Cutaneous Neurofibroma Initiative,,skin,,1,,29,39,No,,No,No,4,,,,Years,,,,,,,,,,Fibroblast,,,,,,,,,,,,,,,,,,,,,,,,NF1,,,,,,,,,,,,,,RNA-seq,,,,NF0008,,,,,,,,,,,,,,,,,,,,,,PairedEnd,,,,,,,,,,,,,,,,,,,
NF0008-1--S-plus-C_S59_L003_R2_001.fastq.gz,NF0008-1--S-plus-C_S59_L003_R2_001.fastq.gz,raw,Raw,chromatinActivity,genomicVariants,fastq,,NF0009,NF0008,experimentalData,Result,NF0009-1-D+C+F,NF0008-1,syn11374354,cNF Organoid Study,Cutaneous Neurofibroma,,-/-,+/-,+/+,,Neurofibromatosis type 1,Neurofibromatosistype1,A 3D Cutaneous Neurofibroma Model for Automated High-Throughput Drug Screenings,cNF Organoid Platform,Illumina NovaSeq 6000,IlluminaHiSeq2500,"Cytokines,StemPro",StemPro base media with cytokines,EpigeneticsAssayTemplate,,RNA-seq,RNA-seq,Homo sapiens,,NTAP,,Female,Female,No,No,Cutaneous Neurofibroma Initiative,,skin,,2,,29,39,No,,No,No,4,,,,Years,,,,,,,,,,Fibroblast,,,,,,,,,,,,,,,,,,,,,,,,NF1,,,,,,,,,,,,,,RNA-seq,,,,NF0008,,,,,,,,,,,,,,,,,,,,,,PairedEnd,,,,,,,,,,,,,,,,,,,
NF0008-1_S51_L003_R1_001.fastq.gz,NF0008-1_S51_L003_R1_001.fastq.gz,raw,Raw,chromatinActivity,genomicVariants,fastq,,NF0009,NF0008,experimentalData,Result,NF0009-1-S+C+F,NF0008-1,syn11374354,cNF Organoid Study,Cutaneous Neurofibroma,LocalizedNeurofibroma,-/-,+/-,+/+,,Neurofibromatosis type 1,Neurofibromatosistype1,A 3D Cutaneous Neurofibroma Model for Automated High-Throughput Drug Screenings,cNF Organoid Platform,Illumina NovaSeq 6000,IlluminaHiSeq2500,,Primary cNF tissue,EpigeneticsAssayTemplate,,RNA-seq,RNA-seq,Homo sapiens,,NTAP,,Female,Female,No,No,Cutaneous Neurofibroma Initiative,,skin,,1,,29,39,No,,No,No,4,,,,Years,,,,,,,,,,Fibroblast,,,,,,,,,,,,,,,,,,,,,,,,NF1,,,,,,,,,,,,,,RNA-seq,,,,NF0008,,,,,,,,,,,,,,,,,,,,,,PairedEnd,,,,,,,,,,,,,,,,,,,
NF0008-1_S51_L003_R2_001.fastq.gz,NF0008-1_S51_L003_R2_001.fastq.gz,raw,Raw,chromatinActivity,genomicVariants,fastq,,NF0009,NF0008,experimentalData,Result,NF0009-1-M+C+F,NF0008-1,syn11374354,cNF Organoid Study,Cutaneous Neurofibroma,LocalizedNeurofibroma,-/-,+/-,+/+,,Neurofibromatosis type 1,Neurofibromatosistype1,A 3D Cutaneous Neurofibroma Model for Automated High-Throughput Drug Screenings,cNF Organoid Platform,Illumina NovaSeq 6000,IlluminaHiSeq2500,,Primary cNF tissue,EpigeneticsAssayTemplate,,RNA-seq,RNA-seq,Homo sapiens,,NTAP,,Female,Female,No,No,Cutaneous Neurofibroma Initiative,,skin,,2,,29,39,No,,No,No,4,,,,Years,,,,,,,,,,Fibroblast,,,,,,,,,,,,,,,,,,,,,,,,NF1,,,,,,,,,,,,,,RNA-seq,,,,NF0008,,,,,,,,,,,,,,,,,,,,,,PairedEnd,,,,,,,,,,,,,,,,,,,
NF0009-1--D--DMEM_S36_L002_R1_001.fastq.gz,NF0009-1--D--DMEM_S36_L002_R1_001.fastq.gz,raw,Raw,chromatinActivity,genomicVariants,fastq,,NF0012,NF0009,experimentalData,Result,NF0012-3-6 D,NF0009-1,syn11374354,cNF Organoid Study,Cutaneous Neurofibroma,,-/-,+/-,+/+,,Neurofibromatosis type 1,Neurofibromatosistype1,A 3D Cutaneous Neurofibroma Model for Automated High-Throughput Drug Screenings,cNF Organoid Platform,Illumina NovaSeq 6000,IlluminaHiSeq2500,DMEM,DMEM base media without cytokines or forskolin,EpigeneticsAssayTemplate,,RNA-seq,RNA-seq,Homo sapiens,,NTAP,,Male,Female,No,No,Cutaneous Neurofibroma Initiative,,skin,,1,,59,29,No,,No,No,4,,,,Years,,,,,,,,,,Fibroblast,,,,,,,,,,,,,,,,,,,,,,,,NF1,,,,,,,,,,,,,,RNA-seq,,,,NF0009,,,,,,,,,,,,,,,,,,,,,,PairedEnd,,,,,,,,,,,,,,,,,,,
NF0009-1--D--DMEM_S36_L002_R2_001.fastq.gz,NF0009-1--D--DMEM_S36_L002_R2_001.fastq.gz,raw,Raw,chromatinActivity,genomicVariants,fastq,,NF0012,NF0009,experimentalData,Result,NF0012-3-6,NF0009-1,syn11374354,cNF Organoid Study,Cutaneous Neurofibroma,,-/-,+/-,+/+,,Neurofibromatosis type 1,Neurofibromatosistype1,A 3D Cutaneous Neurofibroma Model for Automated High-Throughput Drug Screenings,cNF Organoid Platform,Illumina NovaSeq 6000,IlluminaHiSeq2500,DMEM,DMEM base media without cytokines or forskolin,EpigeneticsAssayTemplate,,RNA-seq,RNA-seq,Homo sapiens,,NTAP,,Male,Female,No,No,Cutaneous Neurofibroma Initiative,,skin,,2,,59,29,No,,No,No,4,,,,Years,,,,,,,,,,Fibroblast,,,,,,,,,,,,,,,,,,,,,,,,NF1,,,,,,,,,,,,,,RNA-seq,,,,NF0009,,,,,,,,,,,,,,,,,,,,,,PairedEnd,,,,,,,,,,,,,,,,,,,
NF0009-1--D-plus-C-plus-F_S38_L002_R1_001.fastq.gz,NF0009-1--D-plus-C-plus-F_S38_L002_R1_001.fastq.gz,raw,Raw,chromatinActivity,genomicVariants,fastq,,NF0009,NF0009,experimentalData,Result,NF0009-1-M+C,NF0009-1,syn11374354,cNF Organoid Study,Cutaneous Neurofibroma,,-/-,+/-,+/+,,Neurofibromatosis type 1,Neurofibromatosistype1,A 3D Cutaneous Neurofibroma Model for Automated High-Throughput Drug Screenings,cNF Organoid Platform,Illumina NovaSeq 6000,IlluminaHiSeq2500,"Cytokines,DMEM,Forskoline",DMEM base media with cytokines and forskolin,EpigeneticsAssayTemplate,,RNA-seq,RNA-seq,Homo sapiens,,NTAP,,Female,Female,No,No,Cutaneous Neurofibroma Initiative,,skin,,1,,29,29,No,,No,No,4,,,,Years,,,,,,,,,,Fibroblast,,,,,,,,,,,,,,,,,,,,,,,,NF1,,,,,,,,,,,,,,RNA-seq,,,,NF0009,,,,,,,,,,,,,,,,,,,,,,PairedEnd,,,,,,,,,,,,,,,,,,,
NF0009-1--D-plus-C-plus-F_S38_L002_R2_001.fastq.gz,NF0009-1--D-plus-C-plus-F_S38_L002_R2_001.fastq.gz,raw,Raw,chromatinActivity,genomicVariants,fastq,,NF0009,NF0009,experimentalData,Result,NF0009-1-S+C,NF0009-1,syn11374354,cNF Organoid Study,Cutaneous Neurofibroma,,-/-,+/-,+/+,,Neurofibromatosis type 1,Neurofibromatosistype1,A 3D Cutaneous Neurofibroma Model for Automated High-Throughput Drug Screenings,cNF Organoid Platform,Illumina NovaSeq 6000,IlluminaHiSeq2500,"Cytokines,DMEM,Forskoline",DMEM base media with cytokines and forskolin,EpigeneticsAssayTemplate,,RNA-seq,RNA-seq,Homo sapiens,,NTAP,,Female,Female,No,No,Cutaneous Neurofibroma Initiative,,skin,,2,,29,29,No,,No,No,4,,,,Years,,,,,,,,,,Fibroblast,,,,,,,,,,,,,,,,,,,,,,,,NF1,,,,,,,,,,,,,,RNA-seq,,,,NF0009,,,,,,,,,,,,,,,,,,,,,,PairedEnd,,,,,,,,,,,,,,,,,,,
NF0009-1--D-plus-C_S37_L002_R1_001.fastq.gz,NF0009-1--D-plus-C_S37_L002_R1_001.fastq.gz,raw,Raw,chromatinActivity,genomicVariants,fastq,,NF0012,NF0009,experimentalData,Result,NF0012-3-6 S,NF0009-1,syn11374354,cNF Organoid Study,Cutaneous Neurofibroma,,-/-,+/-,+/+,,Neurofibromatosis type 1,Neurofibromatosistype1,A 3D Cutaneous Neurofibroma Model for Automated High-Throughput Drug Screenings,cNF Organoid Platform,Illumina NovaSeq 6000,IlluminaHiSeq2500,"Cytokines,DMEM",DMEM base media with cytokines,EpigeneticsAssayTemplate,,RNA-seq,RNA-seq,Homo sapiens,,NTAP,,Male,Female,No,No,Cutaneous Neurofibroma Initiative,,skin,,1,,59,29,No,,No,No,4,,,,Years,,,,,,,,,,Fibroblast,,,,,,,,,,,,,,,,,,,,,,,,NF1,,,,,,,,,,,,,,RNA-seq,,,,NF0009,,,,,,,,,,,,,,,,,,,,,,PairedEnd,,,,,,,,,,,,,,,,,,,
NF0009-1--D-plus-C_S37_L002_R2_001.fastq.gz,NF0009-1--D-plus-C_S37_L002_R2_001.fastq.gz,raw,Raw,chromatinActivity,genomicVariants,fastq,,NF0012,NF0009,experimentalData,Result,NF0012-3-6 M,NF0009-1,syn11374354,cNF Organoid Study,Cutaneous Neurofibroma,,-/-,+/-,+/+,,Neurofibromatosis type 1,Neurofibromatosistype1,A 3D Cutaneous Neurofibroma Model for Automated High-Throughput Drug Screenings,cNF Organoid Platform,Illumina NovaSeq 6000,IlluminaHiSeq2500,"Cytokines,DMEM",DMEM base media with cytokines,EpigeneticsAssayTemplate,,RNA-seq,RNA-seq,Homo sapiens,,NTAP,,Male,Female,No,No,Cutaneous Neurofibroma Initiative,,skin,,2,,59,29,No,,No,No,4,,,,Years,,,,,,,,,,Fibroblast,,,,,,,,,,,,,,,,,,,,,,,,NF1,,,,,,,,,,,,,,RNA-seq,,,,NF0009,,,,,,,,,,,,,,,,,,,,,,PairedEnd,,,,,,,,,,,,,,,,,,,
NF0009-1--M--Mammo_S33_L002_R1_001.fastq.gz,NF0009-1--M--Mammo_S33_L002_R1_001.fastq.gz,raw,Raw,chromatinActivity,genomicVariants,fastq,,NF0012,NF0009,experimentalData,Result,NF0012-3-6-D+C+F,NF0009-1,syn11374354,cNF Organoid Study,Cutaneous Neurofibroma,,-/-,+/-,+/+,,Neurofibromatosis type 1,Neurofibromatosistype1,A 3D Cutaneous Neurofibroma Model for Automated High-Throughput Drug Screenings,cNF Organoid Platform,Illumina NovaSeq 6000,IlluminaHiSeq2500,Mammo,Mammocult base media without cytokines or forskolin,EpigeneticsAssayTemplate,,RNA-seq,RNA-seq,Homo sapiens,,NTAP,,Male,Female,No,No,Cutaneous Neurofibroma Initiative,,skin,,1,,59,29,No,,No,No,4,,,,Years,,,,,,,,,,Fibroblast,,,,,,,,,,,,,,,,,,,,,,,,NF1,,,,,,,,,,,,,,RNA-seq,,,,NF0009,,,,,,,,,,,,,,,,,,,,,,PairedEnd,,,,,,,,,,,,,,,,,,,
NF0009-1--M--Mammo_S33_L002_R2_001.fastq.gz,NF0009-1--M--Mammo_S33_L002_R2_001.fastq.gz,raw,Raw,chromatinActivity,genomicVariants,fastq,,NF0012,NF0009,experimentalData,Result,NF0012-3-6-D+C,NF0009-1,syn11374354,cNF Organoid Study,Cutaneous Neurofibroma,,-/-,+/-,+/+,,Neurofibromatosis type 1,Neurofibromatosistype1,A 3D Cutaneous Neurofibroma Model for Automated High-Throughput Drug Screenings,cNF Organoid Platform,Illumina NovaSeq 6000,IlluminaHiSeq2500,Mammo,Mammocult base media without cytokines or forskolin,EpigeneticsAssayTemplate,,RNA-seq,RNA-seq,Homo sapiens,,NTAP,,Male,Female,No,No,Cutaneous Neurofibroma Initiative,,skin,,2,,59,29,No,,No,No,4,,,,Years,,,,,,,,,,Fibroblast,,,,,,,,,,,,,,,,,,,,,,,,NF1,,,,,,,,,,,,,,RNA-seq,,,,NF0009,,,,,,,,,,,,,,,,,,,,,,PairedEnd,,,,,,,,,,,,,,,,,,,
NF0009-1--M-plus-C-plus-F_S35_L002_R1_001.fastq.gz,NF0009-1--M-plus-C-plus-F_S35_L002_R1_001.fastq.gz,raw,Raw,chromatinActivity,genomicVariants,fastq,,NF0012,NF0009,experimentalData,Result,NF0012-3-6-M+C+F,NF0009-1,syn11374354,cNF Organoid Study,Cutaneous Neurofibroma,,-/-,+/-,+/+,,Neurofibromatosis type 1,Neurofibromatosistype1,A 3D Cutaneous Neurofibroma Model for Automated High-Throughput Drug Screenings,cNF Organoid Platform,Illumina NovaSeq 6000,IlluminaHiSeq2500,"Cytokines,Forskoline,Mammo",Mammocult base media with cytokines and forskolin,EpigeneticsAssayTemplate,,RNA-seq,RNA-seq,Homo sapiens,,NTAP,,Male,Female,No,No,Cutaneous Neurofibroma Initiative,,skin,,1,,59,29,No,,No,No,4,,,,Years,,,,,,,,,,Fibroblast,,,,,,,,,,,,,,,,,,,,,,,,NF1,,,,,,,,,,,,,,RNA-seq,,,,NF0009,,,,,,,,,,,,,,,,,,,,,,PairedEnd,,,,,,,,,,,,,,,,,,,
NF0009-1--M-plus-C-plus-F_S35_L002_R2_001.fastq.gz,NF0009-1--M-plus-C-plus-F_S35_L002_R2_001.fastq.gz,raw,Raw,chromatinActivity,genomicVariants,fastq,,NF0012,NF0009,experimentalData,Result,NF0012-3-6-M+C,NF0009-1,syn11374354,cNF Organoid Study,Cutaneous Neurofibroma,,-/-,+/-,+/+,,Neurofibromatosis type 1,Neurofibromatosistype1,A 3D Cutaneous Neurofibroma Model for Automated High-Throughput Drug Screenings,cNF Organoid Platform,Illumina NovaSeq 6000,IlluminaHiSeq2500,"Cytokines,Forskoline,Mammo",Mammocult base media with cytokines and forskolin,EpigeneticsAssayTemplate,,RNA-seq,RNA-seq,Homo sapiens,,NTAP,,Male,Female,No,No,Cutaneous Neurofibroma Initiative,,skin,,2,,59,29,No,,No,No,4,,,,Years,,,,,,,,,,Fibroblast,,,,,,,,,,,,,,,,,,,,,,,,NF1,,,,,,,,,,,,,,RNA-seq,,,,NF0009,,,,,,,,,,,,,,,,,,,,,,PairedEnd,,,,,,,,,,,,,,,,,,,
NF0009-1--M-plus-C_S34_L002_R1_001.fastq.gz,NF0009-1--M-plus-C_S34_L002_R1_001.fastq.gz,raw,Raw,chromatinActivity,genomicVariants,fastq,,NF0002,NF0009,experimentalData,Result,NF0002-8-19,NF0009-1,syn11374354,cNF Organoid Study,Cutaneous Neurofibroma,,-/-,+/-,+/+,,Neurofibromatosis type 1,Neurofibromatosistype1,A 3D Cutaneous Neurofibroma Model for Automated High-Throughput Drug Screenings,cNF Organoid Platform,Illumina NovaSeq 6000,IlluminaHiSeq2500,"Cytokines,Mammo",Mammocult base media with cytokines,EpigeneticsAssayTemplate,,RNA-seq,RNA-seq,Homo sapiens,,NTAP,,Female,Female,No,No,Cutaneous Neurofibroma Initiative,,skin,,1,,54,29,No,,No,No,4,,,,Years,,,,,,,,,,Fibroblast,,,,,,,,,,,,,,,,,,,,,,,,NF1,,,,,,,,,,,,,,RNA-seq,,,,NF0009,,,,,,,,,,,,,,,,,,,,,,PairedEnd,,,,,,,,,,,,,,,,,,,
NF0009-1--M-plus-C_S34_L002_R2_001.fastq.gz,NF0009-1--M-plus-C_S34_L002_R2_001.fastq.gz,raw,Raw,chromatinActivity,genomicVariants,fastq,,NF0012,NF0009,experimentalData,Result,NF0012-3-6-S+C+F,NF0009-1,syn11374354,cNF Organoid Study,Cutaneous Neurofibroma,,-/-,+/-,+/+,,Neurofibromatosis type 1,Neurofibromatosistype1,A 3D Cutaneous Neurofibroma Model for Automated High-Throughput Drug Screenings,cNF Organoid Platform,Illumina NovaSeq 6000,IlluminaHiSeq2500,"Cytokines,Mammo",Mammocult base media with cytokines,EpigeneticsAssayTemplate,,RNA-seq,RNA-seq,Homo sapiens,,NTAP,,Male,Female,No,No,Cutaneous Neurofibroma Initiative,,skin,,2,,59,29,No,,No,No,4,,,,Years,,,,,,,,,,Fibroblast,,,,,,,,,,,,,,,,,,,,,,,,NF1,,,,,,,,,,,,,,RNA-seq,,,,NF0009,,,,,,,,,,,,,,,,,,,,,,PairedEnd,,,,,,,,,,,,,,,,,,,
NF0009-1--S--StemPro_S39_L002_R1_001.fastq.gz,NF0009-1--S--StemPro_S39_L002_R1_001.fastq.gz,raw,Raw,chromatinActivity,genomicVariants,fastq,,NF0002,NF0009,experimentalData,Result,NF0002-8-19-M+C,NF0009-1,syn11374354,cNF Organoid Study,Cutaneous Neurofibroma,,-/-,+/-,+/+,,Neurofibromatosis type 1,Neurofibromatosistype1,A 3D Cutaneous Neurofibroma Model for Automated High-Throughput Drug Screenings,cNF Organoid Platform,Illumina NovaSeq 6000,IlluminaHiSeq2500,,StemPro base media without cytokines or forskolin,EpigeneticsAssayTemplate,,RNA-seq,RNA-seq,Homo sapiens,,NTAP,,Female,Female,No,No,Cutaneous Neurofibroma Initiative,,skin,,1,,54,29,No,,No,No,4,,,,Years,,,,,,,,,,Fibroblast,,,,,,,,,,,,,,,,,,,,,,,,NF1,,,,,,,,,,,,,,RNA-seq,,,,NF0009,,,,,,,,,,,,,,,,,,,,,,PairedEnd,,,,,,,,,,,,,,,,,,,
NF0009-1--S--StemPro_S39_L002_R2_001.fastq.gz,NF0009-1--S--StemPro_S39_L002_R2_001.fastq.gz,raw,Raw,chromatinActivity,genomicVariants,fastq,,NF0002,NF0009,experimentalData,Result,NF0002-8-19-S+C,NF0009-1,syn11374354,cNF Organoid Study,Cutaneous Neurofibroma,,-/-,+/-,+/+,,Neurofibromatosis type 1,Neurofibromatosistype1,A 3D Cutaneous Neurofibroma Model for Automated High-Throughput Drug Screenings,cNF Organoid Platform,Illumina NovaSeq 6000,IlluminaHiSeq2500,,StemPro base media without cytokines or forskolin,EpigeneticsAssayTemplate,,RNA-seq,RNA-seq,Homo sapiens,,NTAP,,Female,Female,No,No,Cutaneous Neurofibroma Initiative,,skin,,2,,54,29,No,,No,No,4,,,,Years,,,,,,,,,,Fibroblast,,,,,,,,,,,,,,,,,,,,,,,,NF1,,,,,,,,,,,,,,RNA-seq,,,,NF0009,,,,,,,,,,,,,,,,,,,,,,PairedEnd,,,,,,,,,,,,,,,,,,,
NF0009-1--S-plus-C-plus-F_S41_L003_R1_001.fastq.gz,NF0009-1--S-plus-C-plus-F_S41_L003_R1_001.fastq.gz,raw,Raw,chromatinActivity,genomicVariants,fastq,,NF0002,NF0009,experimentalData,Result,NF0002-8-19 D,NF0009-1,syn11374354,cNF Organoid Study,Cutaneous Neurofibroma,,-/-,+/-,+/+,,Neurofibromatosis type 1,Neurofibromatosistype1,A 3D Cutaneous Neurofibroma Model for Automated High-Throughput Drug Screenings,cNF Organoid Platform,Illumina NovaSeq 6000,IlluminaHiSeq2500,"Cytokines,Forskoline,StemPro",StemPro base media with cytokines and forskolin,EpigeneticsAssayTemplate,,RNA-seq,RNA-seq,Homo sapiens,,NTAP,,Female,Female,No,No,Cutaneous Neurofibroma Initiative,,skin,,1,,54,29,No,,No,No,4,,,,Years,,,,,,,,,,Fibroblast,,,,,,,,,,,,,,,,,,,,,,,,NF1,,,,,,,,,,,,,,RNA-seq,,,,NF0009,,,,,,,,,,,,,,,,,,,,,,PairedEnd,,,,,,,,,,,,,,,,,,,
NF0009-1--S-plus-C-plus-F_S41_L003_R2_001.fastq.gz,NF0009-1--S-plus-C-plus-F_S41_L003_R2_001.fastq.gz,raw,Raw,chromatinActivity,genomicVariants,fastq,,NF0012,NF0009,experimentalData,Result,NF0012-3-6-S+C,NF0009-1,syn11374354,cNF Organoid Study,Cutaneous Neurofibroma,,-/-,+/-,+/+,,Neurofibromatosis type 1,Neurofibromatosistype1,A 3D Cutaneous Neurofibroma Model for Automated High-Throughput Drug Screenings,cNF Organoid Platform,Illumina NovaSeq 6000,IlluminaHiSeq2500,"Cytokines,Forskoline,StemPro",StemPro base media with cytokines and forskolin,EpigeneticsAssayTemplate,,RNA-seq,RNA-seq,Homo sapiens,,NTAP,,Male,Female,No,No,Cutaneous Neurofibroma Initiative,,skin,,2,,59,29,No,,No,No,4,,,,Years,,,,,,,,,,Fibroblast,,,,,,,,,,,,,,,,,,,,,,,,NF1,,,,,,,,,,,,,,RNA-seq,,,,NF0009,,,,,,,,,,,,,,,,,,,,,,PairedEnd,,,,,,,,,,,,,,,,,,,
NF0009-1--S-plus-C_S40_L002_R1_001.fastq.gz,NF0009-1--S-plus-C_S40_L002_R1_001.fastq.gz,raw,Raw,chromatinActivity,genomicVariants,fastq,,NF0002,NF0009,experimentalData,Result,NF0002-8-19 M,NF0009-1,syn11374354,cNF Organoid Study,Cutaneous Neurofibroma,,-/-,+/-,+/+,,Neurofibromatosis type 1,Neurofibromatosistype1,A 3D Cutaneous Neurofibroma Model for Automated High-Throughput Drug Screenings,cNF Organoid Platform,Illumina NovaSeq 6000,IlluminaHiSeq2500,"Cytokines,StemPro",StemPro base media with cytokines,EpigeneticsAssayTemplate,,RNA-seq,RNA-seq,Homo sapiens,,NTAP,,Female,Female,No,No,Cutaneous Neurofibroma Initiative,,skin,,1,,54,29,No,,No,No,4,,,,Years,,,,,,,,,,Fibroblast,,,,,,,,,,,,,,,,,,,,,,,,NF1,,,,,,,,,,,,,,RNA-seq,,,,NF0009,,,,,,,,,,,,,,,,,,,,,,PairedEnd,,,,,,,,,,,,,,,,,,,
NF0009-1--S-plus-C_S40_L002_R2_001.fastq.gz,NF0009-1--S-plus-C_S40_L002_R2_001.fastq.gz,raw,Raw,chromatinActivity,genomicVariants,fastq,,NF0002,NF0009,experimentalData,Result,NF0002-8-19 S,NF0009-1,syn11374354,cNF Organoid Study,Cutaneous Neurofibroma,,-/-,+/-,+/+,,Neurofibromatosis type 1,Neurofibromatosistype1,A 3D Cutaneous Neurofibroma Model for Automated High-Throughput Drug Screenings,cNF Organoid Platform,Illumina NovaSeq 6000,IlluminaHiSeq2500,"Cytokines,StemPro",StemPro base media with cytokines,EpigeneticsAssayTemplate,,RNA-seq,RNA-seq,Homo sapiens,,NTAP,,Female,Female,No,No,Cutaneous Neurofibroma Initiative,,skin,,2,,54,29,No,,No,No,4,,,,Years,,,,,,,,,,Fibroblast,,,,,,,,,,,,,,,,,,,,,,,,NF1,,,,,,,,,,,,,,RNA-seq,,,,NF0009,,,,,,,,,,,,,,,,,,,,,,PairedEnd,,,,,,,,,,,,,,,,,,,
NF0009-1_S4_L001_R1_001.fastq.gz,NF0009-1_S4_L001_R1_001.fastq.gz,raw,Raw,chromatinActivity,genomicVariants,fastq,,NF0002,NF0009,experimentalData,Result,NF0002-8-19-D+C+F,NF0009-1,syn11374354,cNF Organoid Study,Cutaneous Neurofibroma,LocalizedNeurofibroma,-/-,+/-,+/+,,Neurofibromatosis type 1,Neurofibromatosistype1,A 3D Cutaneous Neurofibroma Model for Automated High-Throughput Drug Screenings,cNF Organoid Platform,Illumina NovaSeq 6000,IlluminaHiSeq2500,,Primary cNF tissue,EpigeneticsAssayTemplate,,RNA-seq,RNA-seq,Homo sapiens,,NTAP,,Female,Female,No,No,Cutaneous Neurofibroma Initiative,,skin,,1,,54,29,No,,No,No,4,,,,Years,,,,,,,,,,Fibroblast,,,,,,,,,,,,,,,,,,,,,,,,NF1,,,,,,,,,,,,,,RNA-seq,,,,NF0009,,,,,,,,,,,,,,,,,,,,,,PairedEnd,,,,,,,,,,,,,,,,,,,
NF0009-1_S4_L001_R2_001.fastq.gz,NF0009-1_S4_L001_R2_001.fastq.gz,raw,Raw,chromatinActivity,genomicVariants,fastq,,NF0002,NF0009,experimentalData,Result,NF0002-8-19-D+C,NF0009-1,syn11374354,cNF Organoid Study,Cutaneous Neurofibroma,LocalizedNeurofibroma,-/-,+/-,+/+,,Neurofibromatosis type 1,Neurofibromatosistype1,A 3D Cutaneous Neurofibroma Model for Automated High-Throughput Drug Screenings,cNF Organoid Platform,Illumina NovaSeq 6000,IlluminaHiSeq2500,,Primary cNF tissue,EpigeneticsAssayTemplate,,RNA-seq,RNA-seq,Homo sapiens,,NTAP,,Female,Female,No,No,Cutaneous Neurofibroma Initiative,,skin,,2,,54,29,No,,No,No,4,,,,Years,,,,,,,,,,Fibroblast,,,,,,,,,,,,,,,,,,,,,,,,NF1,,,,,,,,,,,,,,RNA-seq,,,,NF0009,,,,,,,,,,,,,,,,,,,,,,PairedEnd,,,,,,,,,,,,,,,,,,,
NF0012-3-6--D--DMEM_S27_L002_R1_001.fastq.gz,NF0012-3-6--D--DMEM_S27_L002_R1_001.fastq.gz,raw,Raw,chromatinActivity,genomicVariants,fastq,,NF0002,NF0012,experimentalData,Result,NF0002-8-19-S+C+F,NF0012-3-6,syn11374354,cNF Organoid Study,Cutaneous Neurofibroma,,-/-,+/-,+/+,,Neurofibromatosis type 1,Neurofibromatosistype1,A 3D Cutaneous Neurofibroma Model for Automated High-Throughput Drug Screenings,cNF Organoid Platform,Illumina NovaSeq 6000,IlluminaHiSeq2500,DMEM,DMEM base media without cytokines or forskolin,EpigeneticsAssayTemplate,,RNA-seq,RNA-seq,Homo sapiens,,NTAP,,Female,Male,No,No,Cutaneous Neurofibroma Initiative,,skin,,1,,54,59,No,,No,No,4,,,,Years,,,,,,,,,,Fibroblast,,,,,,,,,,,,,,,,,,,,,,,,NF1,,,,,,,,,,,,,,RNA-seq,,,,NF0012-3-6,,,,,,,,,,,,,,,,,,,,,,PairedEnd,,,,,,,,,,,,,,,,,,,
NF0012-3-6--D--DMEM_S27_L002_R2_001.fastq.gz,NF0012-3-6--D--DMEM_S27_L002_R2_001.fastq.gz,raw,Raw,chromatinActivity,genomicVariants,fastq,,NF0002,NF0012,experimentalData,Result,NF0002-8-19-M+C+F,NF0012-3-6,syn11374354,cNF Organoid Study,Cutaneous Neurofibroma,,-/-,+/-,+/+,,Neurofibromatosis type 1,Neurofibromatosistype1,A 3D Cutaneous Neurofibroma Model for Automated High-Throughput Drug Screenings,cNF Organoid Platform,Illumina NovaSeq 6000,IlluminaHiSeq2500,DMEM,DMEM base media without cytokines or forskolin,EpigeneticsAssayTemplate,,RNA-seq,RNA-seq,Homo sapiens,,NTAP,,Female,Male,No,No,Cutaneous Neurofibroma Initiative,,skin,,2,,54,59,No,,No,No,4,,,,Years,,,,,,,,,,Fibroblast,,,,,,,,,,,,,,,,,,,,,,,,NF1,,,,,,,,,,,,,,RNA-seq,,,,NF0012-3-6,,,,,,,,,,,,,,,,,,,,,,PairedEnd,,,,,,,,,,,,,,,,,,,
NF0012-3-6--D-plus-C-plus-F_S29_L002_R1_001.fastq.gz,NF0012-3-6--D-plus-C-plus-F_S29_L002_R1_001.fastq.gz,raw,Raw,chromatinActivity,genomicVariants,fastq,,NF0008,NF0012,experimentalData,Result,NF0008-1,NF0012-3-6,syn11374354,cNF Organoid Study,Cutaneous Neurofibroma,,-/-,+/-,+/+,,Neurofibromatosis type 1,Neurofibromatosistype1,A 3D Cutaneous Neurofibroma Model for Automated High-Throughput Drug Screenings,cNF Organoid Platform,Illumina NovaSeq 6000,IlluminaHiSeq2500,"Cytokines,DMEM,Forskoline",DMEM base media with cytokines and forskolin,EpigeneticsAssayTemplate,,rnaSeq,RNA-seq,Homo sapiens,,NTAP,,Female,Male,No,No,Cutaneous Neurofibroma Initiative,,skin,,1,,39,59,No,,No,No,4,,,,Years,,,,,,,,,,Fibroblast,,,,,,,,,,,,,,,,,,,,,,,,NF1,,,,,,,,,,,,,,RNA-seq,,,,NF0012-3-6,,,,,,,,,,,,,,,,,,,,,,PairedEnd,,,,,,,,,,,,,,,,,,,
NF0012-3-6--D-plus-C-plus-F_S29_L002_R2_001.fastq.gz,NF0012-3-6--D-plus-C-plus-F_S29_L002_R2_001.fastq.gz,raw,Raw,chromatinActivity,genomicVariants,fastq,,NF0008,NF0012,experimentalData,Result,NF0008-1 D,NF0012-3-6,syn11374354,cNF Organoid Study,Cutaneous Neurofibroma,,-/-,+/-,+/+,,Neurofibromatosis type 1,Neurofibromatosistype1,A 3D Cutaneous Neurofibroma Model for Automated High-Throughput Drug Screenings,cNF Organoid Platform,Illumina NovaSeq 6000,IlluminaHiSeq2500,"Cytokines,DMEM,Forskoline",DMEM base media with cytokines and forskolin,EpigeneticsAssayTemplate,,rnaSeq,RNA-seq,Homo sapiens,,NTAP,,Female,Male,No,No,Cutaneous Neurofibroma Initiative,,skin,,2,,39,59,No,,No,No,4,,,,Years,,,,,,,,,,Fibroblast,,,,,,,,,,,,,,,,,,,,,,,,NF1,,,,,,,,,,,,,,RNA-seq,,,,NF0012-3-6,,,,,,,,,,,,,,,,,,,,,,PairedEnd,,,,,,,,,,,,,,,,,,,
NF0012-3-6--D-plus-C_S28_L002_R1_001.fastq.gz,NF0012-3-6--D-plus-C_S28_L002_R1_001.fastq.gz,raw,Raw,chromatinActivity,genomicVariants,fastq,,NF0008,NF0012,experimentalData,Result,NF0008-1-S+C,NF0012-3-6,syn11374354,cNF Organoid Study,Cutaneous Neurofibroma,,-/-,+/-,+/+,,Neurofibromatosis type 1,Neurofibromatosistype1,A 3D Cutaneous Neurofibroma Model for Automated High-Throughput Drug Screenings,cNF Organoid Platform,Illumina NovaSeq 6000,IlluminaHiSeq2500,"Cytokines,DMEM",DMEM base media with cytokines,EpigeneticsAssayTemplate,,rnaSeq,RNA-seq,Homo sapiens,,NTAP,,Female,Male,No,No,Cutaneous Neurofibroma Initiative,,skin,,1,,39,59,No,,No,No,4,,,,Years,,,,,,,,,,Fibroblast,,,,,,,,,,,,,,,,,,,,,,,,NF1,,,,,,,,,,,,,,RNA-seq,,,,NF0012-3-6,,,,,,,,,,,,,,,,,,,,,,PairedEnd,,,,,,,,,,,,,,,,,,,
NF0012-3-6--D-plus-C_S28_L002_R2_001.fastq.gz,NF0012-3-6--D-plus-C_S28_L002_R2_001.fastq.gz,raw,Raw,chromatinActivity,genomicVariants,fastq,,NF0008,NF0012,experimentalData,Result,NF0008-1-M+C,NF0012-3-6,syn11374354,cNF Organoid Study,Cutaneous Neurofibroma,,-/-,+/-,+/+,,Neurofibromatosis type 1,Neurofibromatosistype1,A 3D Cutaneous Neurofibroma Model for Automated High-Throughput Drug Screenings,cNF Organoid Platform,Illumina NovaSeq 6000,IlluminaHiSeq2500,"Cytokines,DMEM",DMEM base media with cytokines,EpigeneticsAssayTemplate,,rnaSeq,RNA-seq,Homo sapiens,,NTAP,,Female,Male,No,No,Cutaneous Neurofibroma Initiative,,skin,,2,,39,59,No,,No,No,4,,,,Years,,,,,,,,,,Fibroblast,,,,,,,,,,,,,,,,,,,,,,,,NF1,,,,,,,,,,,,,,RNA-seq,,,,NF0012-3-6,,,,,,,,,,,,,,,,,,,,,,PairedEnd,,,,,,,,,,,,,,,,,,,
NF0012-3-6--M-Mammo_S24_L002_R1_001.fastq.gz,NF0012-3-6--M-Mammo_S24_L002_R1_001.fastq.gz,raw,Raw,chromatinActivity,genomicVariants,fastq,,NF0008,NF0012,experimentalData,Result,NF0008-1-D+C+F,NF0012-3-6,syn11374354,cNF Organoid Study,Cutaneous Neurofibroma,,-/-,+/-,+/+,,Neurofibromatosis type 1,Neurofibromatosistype1,A 3D Cutaneous Neurofibroma Model for Automated High-Throughput Drug Screenings,cNF Organoid Platform,Illumina NovaSeq 6000,IlluminaHiSeq2500,Mammo,Mammocult base media without cytokines or forskolin,EpigeneticsAssayTemplate,,rnaSeq,RNA-seq,Homo sapiens,,NTAP,,Female,Male,No,No,Cutaneous Neurofibroma Initiative,,skin,,1,,39,59,No,,No,No,4,,,,Years,,,,,,,,,,Fibroblast,,,,,,,,,,,,,,,,,,,,,,,,NF1,,,,,,,,,,,,,,RNA-seq,,,,NF0012-3-6,,,,,,,,,,,,,,,,,,,,,,PairedEnd,,,,,,,,,,,,,,,,,,,
NF0012-3-6--M-Mammo_S24_L002_R2_001.fastq.gz,NF0012-3-6--M-Mammo_S24_L002_R2_001.fastq.gz,raw,Raw,chromatinActivity,genomicVariants,fastq,,NF0008,NF0012,experimentalData,Result,NF0008-1-D+C,NF0012-3-6,syn11374354,cNF Organoid Study,Cutaneous Neurofibroma,,-/-,+/-,+/+,,Neurofibromatosis type 1,Neurofibromatosistype1,A 3D Cutaneous Neurofibroma Model for Automated High-Throughput Drug Screenings,cNF Organoid Platform,Illumina NovaSeq 6000,IlluminaHiSeq2500,Mammo,Mammocult base media without cytokines or forskolin,EpigeneticsAssayTemplate,,rnaSeq,RNA-seq,Homo sapiens,,NTAP,,Female,Male,No,No,Cutaneous Neurofibroma Initiative,,skin,,2,,39,59,No,,No,No,4,,,,Years,,,,,,,,,,Fibroblast,,,,,,,,,,,,,,,,,,,,,,,,NF1,,,,,,,,,,,,,,RNA-seq,,,,NF0012-3-6,,,,,,,,,,,,,,,,,,,,,,PairedEnd,,,,,,,,,,,,,,,,,,,
NF0012-3-6--M-plus-C-plus-F_S26_L002_R1_001.fastq.gz,NF0012-3-6--M-plus-C-plus-F_S26_L002_R1_001.fastq.gz,raw,Raw,chromatinActivity,genomicVariants,fastq,,NF0008,NF0012,experimentalData,Result,NF0008-1 S,NF0012-3-6,syn11374354,cNF Organoid Study,Cutaneous Neurofibroma,,-/-,+/-,+/+,,Neurofibromatosis type 1,Neurofibromatosistype1,A 3D Cutaneous Neurofibroma Model for Automated High-Throughput Drug Screenings,cNF Organoid Platform,Illumina NovaSeq 6000,IlluminaHiSeq2500,"Cytokines,Forskoline,Mammo",Mammocult base media with cytokines and forskolin,EpigeneticsAssayTemplate,,rnaSeq,RNA-seq,Homo sapiens,,NTAP,,Female,Male,No,No,Cutaneous Neurofibroma Initiative,,skin,,1,,39,59,No,,No,No,4,,,,Years,,,,,,,,,,Fibroblast,,,,,,,,,,,,,,,,,,,,,,,,NF1,,,,,,,,,,,,,,RNA-seq,,,,NF0012-3-6,,,,,,,,,,,,,,,,,,,,,,PairedEnd,,,,,,,,,,,,,,,,,,,
NF0012-3-6--M-plus-C-plus-F_S26_L002_R2_001.fastq.gz,NF0012-3-6--M-plus-C-plus-F_S26_L002_R2_001.fastq.gz,raw,Raw,chromatinActivity,genomicVariants,fastq,,NF0008,NF0012,experimentalData,Result,NF0008-1 M,NF0012-3-6,syn11374354,cNF Organoid Study,Cutaneous Neurofibroma,,-/-,+/-,+/+,,Neurofibromatosis type 1,Neurofibromatosistype1,A 3D Cutaneous Neurofibroma Model for Automated High-Throughput Drug Screenings,cNF Organoid Platform,Illumina NovaSeq 6000,IlluminaHiSeq2500,"Cytokines,Forskoline,Mammo",Mammocult base media with cytokines and forskolin,EpigeneticsAssayTemplate,,rnaSeq,RNA-seq,Homo sapiens,,NTAP,,Female,Male,No,No,Cutaneous Neurofibroma Initiative,,skin,,2,,39,59,No,,No,No,4,,,,Years,,,,,,,,,,Fibroblast,,,,,,,,,,,,,,,,,,,,,,,,NF1,,,,,,,,,,,,,,RNA-seq,,,,NF0012-3-6,,,,,,,,,,,,,,,,,,,,,,PairedEnd,,,,,,,,,,,,,,,,,,,
NF0012-3-6--M-plus-C_S25_L002_R1_001.fastq.gz,NF0012-3-6--M-plus-C_S25_L002_R1_001.fastq.gz,raw,Raw,chromatinActivity,genomicVariants,fastq,,NF0008,NF0012,experimentalData,Result,NF0008-1-S+C+F,NF0012-3-6,syn11374354,cNF Organoid Study,Cutaneous Neurofibroma,,-/-,+/-,+/+,,Neurofibromatosis type 1,Neurofibromatosistype1,A 3D Cutaneous Neurofibroma Model for Automated High-Throughput Drug Screenings,cNF Organoid Platform,Illumina NovaSeq 6000,IlluminaHiSeq2500,"Cytokines,Mammo",Mammocult base media with cytokines,EpigeneticsAssayTemplate,,rnaSeq,RNA-seq,Homo sapiens,,NTAP,,Female,Male,No,No,Cutaneous Neurofibroma Initiative,,skin,,1,,39,59,No,,No,No,4,,,,Years,,,,,,,,,,Fibroblast,,,,,,,,,,,,,,,,,,,,,,,,NF1,,,,,,,,,,,,,,RNA-seq,,,,NF0012-3-6,,,,,,,,,,,,,,,,,,,,,,PairedEnd,,,,,,,,,,,,,,,,,,,
NF0012-3-6--M-plus-C_S25_L002_R2_001.fastq.gz,NF0012-3-6--M-plus-C_S25_L002_R2_001.fastq.gz,raw,Raw,chromatinActivity,genomicVariants,fastq,,NF0008,NF0012,experimentalData,Result,NF0008-1-M+C+F,NF0012-3-6,syn11374354,cNF Organoid Study,Cutaneous Neurofibroma,,-/-,+/-,+/+,,Neurofibromatosis type 1,Neurofibromatosistype1,A 3D Cutaneous Neurofibroma Model for Automated High-Throughput Drug Screenings,cNF Organoid Platform,Illumina NovaSeq 6000,IlluminaHiSeq2500,"Cytokines,Mammo",Mammocult base media with cytokines,EpigeneticsAssayTemplate,,rnaSeq,RNA-seq,Homo sapiens,,NTAP,,Female,Male,No,No,Cutaneous Neurofibroma Initiative,,skin,,2,,39,59,No,,No,No,4,,,,Years,,,,,,,,,,Fibroblast,,,,,,,,,,,,,,,,,,,,,,,,NF1,,,,,,,,,,,,,,RNA-seq,,,,NF0012-3-6,,,,,,,,,,,,,,,,,,,,,,PairedEnd,,,,,,,,,,,,,,,,,,,
NF0012-3-6--S--StemPro_S30_L002_R1_001.fastq.gz,NF0012-3-6--S--StemPro_S30_L002_R1_001.fastq.gz,raw,Raw,chromatinActivity,genomicVariants,fastq,,NF0007,NF0012,experimentalData,Result,NF0007-2 D,NF0012-3-6,syn11374354,cNF Organoid Study,Cutaneous Neurofibroma,,-/-,+/-,+/+,,Neurofibromatosis type 1,Neurofibromatosistype1,A 3D Cutaneous Neurofibroma Model for Automated High-Throughput Drug Screenings,cNF Organoid Platform,Illumina NovaSeq 6000,IlluminaHiSeq2500,StemPro,StemPro base media without cytokines or forskolin,EpigeneticsAssayTemplate,,rnaSeq,RNA-seq,Homo sapiens,,NTAP,,Female,Male,No,No,Cutaneous Neurofibroma Initiative,,skin,,1,,41,59,No,,No,No,4,,,,Years,,,,,,,,,,Fibroblast,,,,,,,,,,,,,,,,,,,,,,,,NF1,,,,,,,,,,,,,,RNA-seq,,,,NF0012-3-6,,,,,,,,,,,,,,,,,,,,,,PairedEnd,,,,,,,,,,,,,,,,,,,
NF0012-3-6--S--StemPro_S30_L002_R2_001.fastq.gz,NF0012-3-6--S--StemPro_S30_L002_R2_001.fastq.gz,raw,Raw,chromatinActivity,genomicVariants,fastq,,NF0007,NF0012,experimentalData,Result,NF0007-2,NF0012-3-6,syn11374354,cNF Organoid Study,Cutaneous Neurofibroma,,-/-,+/-,+/+,,Neurofibromatosis type 1,Neurofibromatosistype1,A 3D Cutaneous Neurofibroma Model for Automated High-Throughput Drug Screenings,cNF Organoid Platform,Illumina NovaSeq 6000,IlluminaHiSeq2500,StemPro,StemPro base media without cytokines or forskolin,EpigeneticsAssayTemplate,,rnaSeq,RNA-seq,Homo sapiens,,NTAP,,Female,Male,No,No,Cutaneous Neurofibroma Initiative,,skin,,2,,41,59,No,,No,No,4,,,,Years,,,,,,,,,,Fibroblast,,,,,,,,,,,,,,,,,,,,,,,,NF1,,,,,,,,,,,,,,RNA-seq,,,,NF0012-3-6,,,,,,,,,,,,,,,,,,,,,,PairedEnd,,,,,,,,,,,,,,,,,,,
NF0012-3-6--S-plus-C-plus-F_S32_L002_R1_001.fastq.gz,NF0012-3-6--S-plus-C-plus-F_S32_L002_R1_001.fastq.gz,raw,Raw,chromatinActivity,genomicVariants,fastq,,NF0007,NF0012,experimentalData,Result,NF0007-2-S+C+F,NF0012-3-6,syn11374354,cNF Organoid Study,Cutaneous Neurofibroma,,-/-,+/-,+/+,,Neurofibromatosis type 1,Neurofibromatosistype1,A 3D Cutaneous Neurofibroma Model for Automated High-Throughput Drug Screenings,cNF Organoid Platform,Illumina NovaSeq 6000,IlluminaHiSeq2500,"Cytokines,Forskoline,StemPro",StemPro base media with cytokines and forskolin,EpigeneticsAssayTemplate,,rnaSeq,RNA-seq,Homo sapiens,,NTAP,,Female,Male,No,No,Cutaneous Neurofibroma Initiative,,skin,,1,,41,59,No,,No,No,4,,,,Years,,,,,,,,,,Fibroblast,,,,,,,,,,,,,,,,,,,,,,,,NF1,,,,,,,,,,,,,,RNA-seq,,,,NF0012-3-6,,,,,,,,,,,,,,,,,,,,,,PairedEnd,,,,,,,,,,,,,,,,,,,
NF0012-3-6--S-plus-C-plus-F_S32_L002_R2_001.fastq.gz,NF0012-3-6--S-plus-C-plus-F_S32_L002_R2_001.fastq.gz,raw,Raw,chromatinActivity,genomicVariants,fastq,,NF0007,NF0012,experimentalData,Result,NF0007-2-S+C,NF0012-3-6,syn11374354,cNF Organoid Study,Cutaneous Neurofibroma,,-/-,+/-,+/+,,Neurofibromatosis type 1,Neurofibromatosistype1,A 3D Cutaneous Neurofibroma Model for Automated High-Throughput Drug Screenings,cNF Organoid Platform,Illumina NovaSeq 6000,IlluminaHiSeq2500,"Cytokines,Forskoline,StemPro",StemPro base media with cytokines and forskolin,EpigeneticsAssayTemplate,,rnaSeq,RNA-seq,Homo sapiens,,NTAP,,Female,Male,No,No,Cutaneous Neurofibroma Initiative,,skin,,2,,41,59,No,,No,No,4,,,,Years,,,,,,,,,,Fibroblast,,,,,,,,,,,,,,,,,,,,,,,,NF1,,,,,,,,,,,,,,RNA-seq,,,,NF0012-3-6,,,,,,,,,,,,,,,,,,,,,,PairedEnd,,,,,,,,,,,,,,,,,,,
NF0012-3-6--S-plus-C_S31_L002_R1_001.fastq.gz,NF0012-3-6--S-plus-C_S31_L002_R1_001.fastq.gz,raw,Raw,chromatinActivity,genomicVariants,fastq,,NF0007,NF0012,experimentalData,Result,NF0007-2-D+C,NF0012-3-6,syn11374354,cNF Organoid Study,Cutaneous Neurofibroma,,-/-,+/-,+/+,,Neurofibromatosis type 1,Neurofibromatosistype1,A 3D Cutaneous Neurofibroma Model for Automated High-Throughput Drug Screenings,cNF Organoid Platform,Illumina NovaSeq 6000,IlluminaHiSeq2500,"Cytokines,StemPro",StemPro base media with cytokines,EpigeneticsAssayTemplate,,rnaSeq,RNA-seq,Homo sapiens,,NTAP,,Female,Male,No,No,Cutaneous Neurofibroma Initiative,,skin,,1,,41,59,No,,No,No,4,,,,Years,,,,,,,,,,Fibroblast,,,,,,,,,,,,,,,,,,,,,,,,NF1,,,,,,,,,,,,,,RNA-seq,,,,NF0012-3-6,,,,,,,,,,,,,,,,,,,,,,PairedEnd,,,,,,,,,,,,,,,,,,,
NF0012-3-6--S-plus-C_S31_L002_R2_001.fastq.gz,NF0012-3-6--S-plus-C_S31_L002_R2_001.fastq.gz,raw,Raw,chromatinActivity,genomicVariants,fastq,,NF0007,NF0012,experimentalData,Result,NF0007-2 M,NF0012-3-6,syn11374354,cNF Organoid Study,Cutaneous Neurofibroma,,-/-,+/-,+/+,,Neurofibromatosis type 1,Neurofibromatosistype1,A 3D Cutaneous Neurofibroma Model for Automated High-Throughput Drug Screenings,cNF Organoid Platform,Illumina NovaSeq 6000,IlluminaHiSeq2500,"Cytokines,StemPro",StemPro base media with cytokines,EpigeneticsAssayTemplate,,rnaSeq,RNA-seq,Homo sapiens,,NTAP,,Female,Male,No,No,Cutaneous Neurofibroma Initiative,,skin,,2,,41,59,No,,No,No,4,,,,Years,,,,,,,,,,Fibroblast,,,,,,,,,,,,,,,,,,,,,,,,NF1,,,,,,,,,,,,,,RNA-seq,,,,NF0012-3-6,,,,,,,,,,,,,,,,,,,,,,PairedEnd,,,,,,,,,,,,,,,,,,,
NF0012-3-6_S3_L001_R1_001.fastq.gz,NF0012-3-6_S3_L001_R1_001.fastq.gz,raw,Raw,chromatinActivity,genomicVariants,fastq,,NF0007,NF0012,experimentalData,Result,NF0007-2 S,NF0012-3-6,syn11374354,cNF Organoid Study,Cutaneous Neurofibroma,LocalizedNeurofibroma,-/-,+/-,+/+,,Neurofibromatosis type 1,Neurofibromatosistype1,A 3D Cutaneous Neurofibroma Model for Automated High-Throughput Drug Screenings,cNF Organoid Platform,Illumina NovaSeq 6000,IlluminaHiSeq2500,,Primary cNF tissue,EpigeneticsAssayTemplate,,rnaSeq,RNA-seq,Homo sapiens,,NTAP,,Female,Male,No,No,Cutaneous Neurofibroma Initiative,,skin,,1,,41,59,No,,No,No,4,,,,Years,,,,,,,,,,Fibroblast,,,,,,,,,,,,,,,,,,,,,,,,NF1,,,,,,,,,,,,,,RNA-seq,,,,NF0012-3-6,,,,,,,,,,,,,,,,,,,,,,PairedEnd,,,,,,,,,,,,,,,,,,,
NF0012-3-6_S3_L001_R2_001.fastq.gz,NF0012-3-6_S3_L001_R2_001.fastq.gz,raw,Raw,chromatinActivity,genomicVariants,fastq,,NF0007,NF0012,experimentalData,Result,NF0007-2-D+C+F,NF0012-3-6,syn11374354,cNF Organoid Study,Cutaneous Neurofibroma,LocalizedNeurofibroma,-/-,+/-,+/+,,Neurofibromatosis type 1,Neurofibromatosistype1,A 3D Cutaneous Neurofibroma Model for Automated High-Throughput Drug Screenings,cNF Organoid Platform,Illumina NovaSeq 6000,IlluminaHiSeq2500,,Primary cNF tissue,EpigeneticsAssayTemplate,,rnaSeq,RNA-seq,Homo sapiens,,NTAP,,Female,Male,No,No,Cutaneous Neurofibroma Initiative,,skin,,2,,41,59,No,,No,No,4,,,,Years,,,,,,,,,,Fibroblast,,,,,,,,,,,,,,,,,,,,,,,,NF1,,,,,,,,,,,,,,RNA-seq,,,,NF0012-3-6,,,,,,,,,,,,,,,,,,,,,,PairedEnd,,,,,,,,,,,,,,,,,,,
