name_gt,name_pred,dataSubtype_gt,dataSubtype_pred,dataType_gt,dataType_pred,fileFormat_gt,fileFormat_pred,individualID_gt,individualID_pred,resourceType_gt,resourceType_pred,specimenID_gt,specimenID_pred,studyId_gt,studyId_pred,cellType_gt,cellType_pred,runType_gt,runType_pred,modifiedBy_gt,modifiedBy_pred,diagnosis_gt,diagnosis_pred,readLength_gt,readLength_pred,studyName_gt,studyName_pred,platform_gt,platform_pred,accessType_gt,accessType_pred,libraryPreparationMethod_gt,libraryPreparationMethod_pred,assay_gt,assay_pred,species_gt,species_pred,fundingAgency_gt,fundingAgency_pred,sex_gt,sex_pred,initiative_gt,initiative_pred,organ_gt,organ_pred,tissue_gt,tissue_pred,readPair_gt,readPair_pred,isPrimaryCell_gt,isPrimaryCell_pred,nucleicAcidSource_gt,nucleicAcidSource_pred,age_pred,age_gt,ageUnit_pred,ageUnit_gt,aliquotID_pred,aliquotID_gt,averageBaseQuality_pred,averageBaseQuality_gt,averageInsertSize_pred,averageInsertSize_gt,averageReadLength_pred,averageReadLength_gt,channel_pred,channel_gt,comments_pred,comments_gt,Component_pred,Component_gt,compoundDose_pred,compoundDose_gt,compoundDoseUnit_pred,compoundDoseUnit_gt,compoundName_pred,compoundName_gt,dissociationMethod_pred,dissociationMethod_gt,drugScreenType_pred,drugScreenType_gt,experimentalCondition_pred,experimentalCondition_gt,experimentalTimepoint_pred,experimentalTimepoint_gt,expressionUnit_pred,expressionUnit_gt,genePerturbationTechnology_pred,genePerturbationTechnology_gt,genePerturbationType_pred,genePerturbationType_gt,genePerturbed_pred,genePerturbed_gt,genomicReference_pred,genomicReference_gt,individualIdSource_pred,individualIdSource_gt,isCellLine_pred,isCellLine_gt,isMultiIndividual_pred,isMultiIndividual_gt,isMultiSpecimen_pred,isMultiSpecimen_gt,isStranded_pred,isStranded_gt,isXenograft_pred,isXenograft_gt,libraryPrep_pred,libraryPrep_gt,libraryStrand_pred,libraryStrand_gt,modelSystemName_pred,modelSystemName_gt,nf1Genotype_pred,nf1Genotype_gt,nf2Genotype_pred,nf2Genotype_gt,pairsOnDifferentChr_pred,pairsOnDifferentChr_gt,parentSpecimenID_pred,parentSpecimenID_gt,progressReportNumber_pred,progressReportNumber_gt,readDepth_pred,readDepth_gt,readPairOrientation_pred,readPairOrientation_gt,readsDuplicatedPercent_pred,readsDuplicatedPercent_gt,readsMappedPercent_pred,readsMappedPercent_gt,readStrandOrigin_pred,readStrandOrigin_gt,specimenPreparationMethod_pred,specimenPreparationMethod_gt,targetCaptureKitID_pred,targetCaptureKitID_gt,targetDepth_pred,targetDepth_gt,totalReads_pred,totalReads_gt,transplantationRecipientSpecies_pred,transplantationRecipientSpecies_gt,transplantationRecipientTissue_pred,transplantationRecipientTissue_gt,transplantationType_pred,transplantationType_gt,tumorType_pred,tumorType_gt,workflow_pred,workflow_gt,workflowLink_pred,workflowLink_gt
001_swn_patient_4_blood_ACC8LEANXX_CGCTGATC-TCTTTCCC_L007.R1.fastq.gz,001_swn_patient_4_blood_ACC8LEANXX_CGCTGATC-TCTTTCCC_L007.R1.fastq.gz,raw,Raw,genomicVariants,Genomicvariants,fastq,Gzip,swn_patient_4,patient_4,experimentalData,Result,swn_patient_4_blood,blood,syn9727752,Synodos for Schwannomatosis Consortium,,,pairedEnd,PairedEnd,3342573,,Schwannomatosis,Neurofibromatosistype1,125,100.0,Synodos Schwannomatosis,,Illumina HiSeq 2500,Illumina HiSeqX,PRIVATE,ControlledAccess,Agilent SureSelect Human All Exon V5+UTR,IlluminaTruSeqDNANano,whole exome sequencing,Whole genome sequencing,Homo sapiens,Musmusculus,CTF,,Male,,Synodos,,blood,,blood,,1,R1,False,Yes,bulk cell,Bulkcell,,,,,,,,,,,,,,,,,DNA,,,,,,,,,,,,,,,,,,,,,,,,hg19,,,,,,No,,No,,,,No,,,,Unstranded,,Patient 4,,,,,,,,,,,,,,,,,,,,,,Freshcollected,,,,,,,,,,,,,,,,Strelka2,,,
001_swn_patient_4_blood_ACC8LEANXX_CGCTGATC-TCTTTCCC_L007.R2.fastq.gz,001_swn_patient_4_blood_ACC8LEANXX_CGCTGATC-TCTTTCCC_L007.R2.fastq.gz,raw,Raw,genomicVariants,Genomicvariants,fastq,Gzip,swn_patient_4,patient_4,experimentalData,Result,swn_patient_4_blood,blood,syn9727752,Synodos for Schwannomatosis Consortium,,,pairedEnd,PairedEnd,3342573,,Schwannomatosis,Neurofibromatosistype1,125,100.0,Synodos Schwannomatosis,,Illumina HiSeq 2500,Illumina HiSeqX,PRIVATE,ControlledAccess,Agilent SureSelect Human All Exon V5+UTR,IlluminaTruSeqDNANano,whole exome sequencing,Whole genome sequencing,Homo sapiens,Musmusculus,CTF,,Male,,Synodos,,blood,,blood,,2,R2,False,Yes,bulk cell,Bulkcell,,,,,,,,,,,,,,,,,DNA,,,,,,,,,,,,,,,,,,,,,,,,hg19,,,,,,No,,No,,,,No,,,,Unstranded,,Patient 4,,,,,,,,,,,,,,,,,,,,,,Freshcollected,,,,,,,,,,,,,,,,Strelka2,,,
001_swn_patient_4_tumor_28_BCC727ANXX_CAGCGTTA-TCTTTCCC_L006.R1.fastq.gz,001_swn_patient_4_tumor_28_BCC727ANXX_CAGCGTTA-TCTTTCCC_L006.R1.fastq.gz,raw,Raw,genomicVariants,Genomicvariants,fastq,Gzip,swn_patient_4,patient_4,experimentalData,Result,swn_patient_4_tumor_28,tumor_28,syn9727752,Synodos for Schwannomatosis Consortium,schwannoma,,pairedEnd,PairedEnd,3342573,,Schwannomatosis,Neurofibromatosistype1,125,100.0,Synodos Schwannomatosis,,Illumina HiSeq 2500,Illumina HiSeqX,PRIVATE,ControlledAccess,Agilent SureSelect Human All Exon V5+UTR,IlluminaTruSeqDNANano,whole exome sequencing,Whole genome sequencing,Homo sapiens,Musmusculus,CTF,,Male,,Synodos,,nerves,,primary tumor,,1,R1,False,Yes,bulk cell,Bulkcell,,,,,,,,,,,,,,,,,DNA,,,,,,,,,,,,,,,,,,,,,,,,hg19,,,,,,No,,No,,,,No,,,,Unstranded,,Patient 4,,,,,,,,tumor,,,,,,,,,,,,,,Freshcollected,,,,,,,,,,,,,,Schwannoma,,Strelka2,,,
001_swn_patient_4_tumor_28_BCC727ANXX_CAGCGTTA-TCTTTCCC_L006.R2.fastq.gz,001_swn_patient_4_tumor_28_BCC727ANXX_CAGCGTTA-TCTTTCCC_L006.R2.fastq.gz,raw,Raw,genomicVariants,Genomicvariants,fastq,Gzip,swn_patient_4,patient_4,experimentalData,Result,swn_patient_4_tumor_28,tumor_28,syn9727752,Synodos for Schwannomatosis Consortium,schwannoma,,pairedEnd,PairedEnd,3342573,,Schwannomatosis,Neurofibromatosistype1,125,100.0,Synodos Schwannomatosis,,Illumina HiSeq 2500,Illumina HiSeqX,PRIVATE,ControlledAccess,Agilent SureSelect Human All Exon V5+UTR,IlluminaTruSeqDNANano,whole exome sequencing,Whole genome sequencing,Homo sapiens,Musmusculus,CTF,,Male,,Synodos,,nerves,,primary tumor,,2,R2,False,Yes,bulk cell,Bulkcell,,,,,,,,,,,,,,,,,DNA,,,,,,,,,,,,,,,,,,,,,,,,hg19,,,,,,No,,No,,,,No,,,,Unstranded,,Patient 4,,,,,,,,tumor,,,,,,,,,,,,,,Freshcollected,,,,,,,,,,,,,,Schwannoma,,Strelka2,,,
002_swn_patient_6_blood_ACC8LEANXX_GGTGCGAA-TCTTTCCC_L007.R1.fastq.gz,002_swn_patient_6_blood_ACC8LEANXX_GGTGCGAA-TCTTTCCC_L007.R1.fastq.gz,raw,Raw,genomicVariants,Genomicvariants,fastq,Gzip,swn_patient_6,patient_6,experimentalData,Result,swn_patient_6_blood,blood,syn9727752,Synodos for Schwannomatosis Consortium,,,pairedEnd,PairedEnd,3342573,,Schwannomatosis,Neurofibromatosistype1,125,100.0,Synodos Schwannomatosis,,Illumina HiSeq 2500,Illumina HiSeqX,PRIVATE,ControlledAccess,Agilent SureSelect Human All Exon V5+UTR,IlluminaTruSeqDNANano,whole exome sequencing,Whole genome sequencing,Homo sapiens,Musmusculus,CTF,,Female,,Synodos,,blood,,blood,,1,R1,False,Yes,bulk cell,Bulkcell,,,,,,,,,,,,,,,,,DNA,,,,,,,,,,,,,,,,,,,,,,,,hg19,,,,,,No,,No,,,,No,,,,Unstranded,,Patient 6,,,,,,,,,,,,,,,,,,,,,,Freshcollected,,,,,,,,,,,,,,,,Strelka2,,,
002_swn_patient_6_blood_ACC8LEANXX_GGTGCGAA-TCTTTCCC_L007.R2.fastq.gz,002_swn_patient_6_blood_ACC8LEANXX_GGTGCGAA-TCTTTCCC_L007.R2.fastq.gz,raw,Raw,genomicVariants,Genomicvariants,fastq,Gzip,swn_patient_6,patient_6,experimentalData,Result,swn_patient_6_blood,blood,syn9727752,Synodos for Schwannomatosis Consortium,,,pairedEnd,PairedEnd,3342573,,Schwannomatosis,Neurofibromatosistype1,125,100.0,Synodos Schwannomatosis,,Illumina HiSeq 2500,Illumina HiSeqX,PRIVATE,ControlledAccess,Agilent SureSelect Human All Exon V5+UTR,IlluminaTruSeqDNANano,whole exome sequencing,Whole genome sequencing,Homo sapiens,Musmusculus,CTF,,Female,,Synodos,,blood,,blood,,2,R2,False,Yes,bulk cell,Bulkcell,,,,,,,,,,,,,,,,,DNA,,,,,,,,,,,,,,,,,,,,,,,,hg19,,,,,,No,,No,,,,No,,,,Unstranded,,Patient 6,,,,,,,,,,,,,,,,,,,,,,Freshcollected,,,,,,,,,,,,,,,,Strelka2,,,
002_swn_patient_6_tumor_14_BCD0UFANXX_GCTCGGTA_L002.R1.fastq.gz,002_swn_patient_6_tumor_14_BCD0UFANXX_GCTCGGTA_L002.R1.fastq.gz,raw,Raw,genomicVariants,Genomicvariants,fastq,Gzip,swn_patient_6,patient_6,experimentalData,Result,swn_patient_6_tumor_14,tumor_14,syn9727752,Synodos for Schwannomatosis Consortium,schwannoma,,pairedEnd,PairedEnd,3342573,,Schwannomatosis,Neurofibromatosistype1,125,100.0,Synodos Schwannomatosis,,Illumina HiSeq 2500,Illumina HiSeqX,PRIVATE,ControlledAccess,Agilent SureSelect Human All Exon V5+UTR,IlluminaTruSeqDNANano,whole exome sequencing,Whole genome sequencing,Homo sapiens,Musmusculus,CTF,,Female,,Synodos,,nerves,,primary tumor,,1,R1,False,Yes,bulk cell,Bulkcell,,,,,,,,,,,,,,,,,DNA,,,,,,,,,,,,,,,,,,,,,,,,hg19,,,,,,No,,No,,,,No,,,,Unstranded,,Patient 6,,,,,,,,tumor,,,,,,,,,,,,,,Freshcollected,,,,,,,,,,,,,,Schwannoma,,Strelka2,,,
002_swn_patient_6_tumor_14_BCD0UFANXX_GCTCGGTA_L002.R2.fastq.gz,002_swn_patient_6_tumor_14_BCD0UFANXX_GCTCGGTA_L002.R2.fastq.gz,raw,Raw,genomicVariants,Genomicvariants,fastq,Gzip,swn_patient_6,patient_6,experimentalData,Result,swn_patient_6_tumor_14,tumor_14,syn9727752,Synodos for Schwannomatosis Consortium,schwannoma,,pairedEnd,PairedEnd,3342573,,Schwannomatosis,Neurofibromatosistype1,125,100.0,Synodos Schwannomatosis,,Illumina HiSeq 2500,Illumina HiSeqX,PRIVATE,ControlledAccess,Agilent SureSelect Human All Exon V5+UTR,IlluminaTruSeqDNANano,whole exome sequencing,Whole genome sequencing,Homo sapiens,Musmusculus,CTF,,Female,,Synodos,,nerves,,primary tumor,,2,R2,False,Yes,bulk cell,Bulkcell,,,,,,,,,,,,,,,,,DNA,,,,,,,,,,,,,,,,,,,,,,,,hg19,,,,,,No,,No,,,,No,,,,Unstranded,,Patient 6,,,,,,,,tumor,,,,,,,,,,,,,,Freshcollected,,,,,,,,,,,,,,Schwannoma,,Strelka2,,,
002_swn_patient_6_tumor_15_BCD0UFANXX_ACACGACC_L003.R1.fastq.gz,002_swn_patient_6_tumor_15_BCD0UFANXX_ACACGACC_L003.R1.fastq.gz,raw,Raw,genomicVariants,Genomicvariants,fastq,,swn_patient_6,patient_6,experimentalData,Result,swn_patient_6_tumor_15,tumor_15,syn9727752,Synodos for Schwannomatosis Consortium,schwannoma,,pairedEnd,PairedEnd,3342573,,Schwannomatosis,Neurofibromatosistype1,125,,Synodos Schwannomatosis,,Illumina HiSeq 2500,Illumina HiSeqX,PRIVATE,ControlledAccess,Agilent SureSelect Human All Exon V5+UTR,IlluminaTruSeqDNANano,whole exome sequencing,Whole genome sequencing,Homo sapiens,,CTF,,Female,,Synodos,,nerves,,primary tumor,,1,,False,Yes,bulk cell,,,,,,,,,,,,,,,,,,,,,,,,,,,,,,,,,,,,,,,,,,hg19,,,,,,,,No,,,,No,,,,,,Patient 6,,,,,,,,tumor,,,,,,,,,,,,,,,,,,,,,,,,,,,,Schwannoma,,Strelka2,,,
002_swn_patient_6_tumor_15_BCD0UFANXX_ACACGACC_L003.R2.fastq.gz,002_swn_patient_6_tumor_15_BCD0UFANXX_ACACGACC_L003.R2.fastq.gz,raw,Raw,genomicVariants,Genomicvariants,fastq,,swn_patient_6,patient_6,experimentalData,Result,swn_patient_6_tumor_15,tumor_15,syn9727752,Synodos for Schwannomatosis Consortium,schwannoma,,pairedEnd,PairedEnd,3342573,,Schwannomatosis,Neurofibromatosistype1,125,,Synodos Schwannomatosis,,Illumina HiSeq 2500,Illumina HiSeqX,PRIVATE,ControlledAccess,Agilent SureSelect Human All Exon V5+UTR,IlluminaTruSeqDNANano,whole exome sequencing,Whole genome sequencing,Homo sapiens,,CTF,,Female,,Synodos,,nerves,,primary tumor,,2,,False,Yes,bulk cell,,,,,,,,,,,,,,,,,,,,,,,,,,,,,,,,,,,,,,,,,,hg19,,,,,,,,No,,,,No,,,,,,Patient 6,,,,,,,,tumor,,,,,,,,,,,,,,,,,,,,,,,,,,,,Schwannoma,,Strelka2,,,
003_swn_patient_11_blood_ACC8LEANXX_CTGAGCCA-TCTTTCCC_L007.R1.fastq.gz,003_swn_patient_11_blood_ACC8LEANXX_CTGAGCCA-TCTTTCCC_L007.R1.fastq.gz,raw,Raw,genomicVariants,Genomicvariants,fastq,,swn_patient_11,patient_11,experimentalData,Result,swn_patient_11_blood,blood,syn9727752,Synodos for Schwannomatosis Consortium,,,pairedEnd,PairedEnd,3342573,,Schwannomatosis,Neurofibromatosistype1,125,,Synodos Schwannomatosis,,Illumina HiSeq 2500,Illumina HiSeqX,PRIVATE,ControlledAccess,Agilent SureSelect Human All Exon V5+UTR,IlluminaTruSeqDNANano,whole exome sequencing,Whole genome sequencing,Homo sapiens,,CTF,,Female,,Synodos,,blood,,blood,,1,,False,Yes,bulk cell,,,,,,,,,,,,,,,,,,,,,,,,,,,,,,,,,,,,,,,,,,hg19,,,,,,,,No,,,,No,,,,,,Patient 11,,,,,,,,,,,,,,,,,,,,,,,,,,,,,,,,,,,,,,Strelka2,,,
003_swn_patient_11_blood_ACC8LEANXX_CTGAGCCA-TCTTTCCC_L007.R2.fastq.gz,003_swn_patient_11_blood_ACC8LEANXX_CTGAGCCA-TCTTTCCC_L007.R2.fastq.gz,raw,Raw,genomicVariants,Genomicvariants,fastq,,swn_patient_11,patient_11,experimentalData,Result,swn_patient_11_blood,blood,syn9727752,Synodos for Schwannomatosis Consortium,,,pairedEnd,PairedEnd,3342573,,Schwannomatosis,Neurofibromatosistype1,125,,Synodos Schwannomatosis,,Illumina HiSeq 2500,Illumina HiSeqX,PRIVATE,ControlledAccess,Agilent SureSelect Human All Exon V5+UTR,IlluminaTruSeqDNANano,whole exome sequencing,Whole genome sequencing,Homo sapiens,,CTF,,Female,,Synodos,,blood,,blood,,2,,False,Yes,bulk cell,,,,,,,,,,,,,,,,,,,,,,,,,,,,,,,,,,,,,,,,,,hg19,,,,,,,,No,,,,No,,,,,,Patient 11,,,,,,,,,,,,,,,,,,,,,,,,,,,,,,,,,,,,,,Strelka2,,,
003_swn_patient_11_tumor_25_BCC727ANXX_ACAGCAGA-TCTTTCCC_L005.R1.fastq.gz,003_swn_patient_11_tumor_25_BCC727ANXX_ACAGCAGA-TCTTTCCC_L005.R1.fastq.gz,raw,Raw,genomicVariants,Genomicvariants,fastq,,swn_patient_11,patient_11,experimentalData,Result,swn_patient_11_tumor_25,tumor_25,syn9727752,Synodos for Schwannomatosis Consortium,schwannoma,,pairedEnd,PairedEnd,3342573,,Schwannomatosis,Neurofibromatosistype1,125,,Synodos Schwannomatosis,,Illumina HiSeq 2500,Illumina HiSeqX,PRIVATE,ControlledAccess,Agilent SureSelect Human All Exon V5+UTR,IlluminaTruSeqDNANano,whole exome sequencing,Whole genome sequencing,Homo sapiens,,CTF,,Female,,Synodos,,nerves,,primary tumor,,1,,False,Yes,bulk cell,,,,,,,,,,,,,,,,,,,,,,,,,,,,,,,,,,,,,,,,,,hg19,,,,,,,,No,,,,No,,,,,,Patient 11,,,,,,,,tumor,,,,,,,,,,,,,,,,,,,,,,,,,,,,Schwannoma,,Strelka2,,,
003_swn_patient_11_tumor_25_BCC727ANXX_ACAGCAGA-TCTTTCCC_L005.R2.fastq.gz,003_swn_patient_11_tumor_25_BCC727ANXX_ACAGCAGA-TCTTTCCC_L005.R2.fastq.gz,raw,Raw,genomicVariants,Genomicvariants,fastq,,swn_patient_11,patient_11,experimentalData,Result,swn_patient_11_tumor_25,tumor_25,syn9727752,Synodos for Schwannomatosis Consortium,schwannoma,,pairedEnd,PairedEnd,3342573,,Schwannomatosis,Neurofibromatosistype1,125,,Synodos Schwannomatosis,,Illumina HiSeq 2500,Illumina HiSeqX,PRIVATE,ControlledAccess,Agilent SureSelect Human All Exon V5+UTR,IlluminaTruSeqDNANano,whole exome sequencing,Whole genome sequencing,Homo sapiens,,CTF,,Female,,Synodos,,nerves,,primary tumor,,2,,False,Yes,bulk cell,,,,,,,,,,,,,,,,,,,,,,,,,,,,,,,,,,,,,,,,,,hg19,,,,,,,,No,,,,No,,,,,,Patient 11,,,,,,,,tumor,,,,,,,,,,,,,,,,,,,,,,,,,,,,Schwannoma,,Strelka2,,,
003_swn_patient_11_tumor_26_BCC727ANXX_CATACCAA-TCTTTCCC_L005.R1.fastq.gz,003_swn_patient_11_tumor_26_BCC727ANXX_CATACCAA-TCTTTCCC_L005.R1.fastq.gz,raw,Raw,genomicVariants,Genomicvariants,fastq,,swn_patient_11,patient_11,experimentalData,Result,swn_patient_11_tumor_26,tumor_26,syn9727752,Synodos for Schwannomatosis Consortium,schwannoma,,pairedEnd,PairedEnd,3342573,,Schwannomatosis,Neurofibromatosistype1,125,,Synodos Schwannomatosis,,Illumina HiSeq 2500,Illumina HiSeqX,PRIVATE,ControlledAccess,Agilent SureSelect Human All Exon V5+UTR,IlluminaTruSeqDNANano,whole exome sequencing,Whole genome sequencing,Homo sapiens,,CTF,,Female,,Synodos,,nerves,,primary tumor,,1,,False,Yes,bulk cell,,,,,,,,,,,,,,,,,,,,,,,,,,,,,,,,,,,,,,,,,,hg19,,,,,,,,No,,,,No,,,,,,Patient 11,,,,,,,,tumor,,,,,,,,,,,,,,,,,,,,,,,,,,,,Schwannoma,,Strelka2,,,
003_swn_patient_11_tumor_26_BCC727ANXX_CATACCAA-TCTTTCCC_L005.R2.fastq.gz,003_swn_patient_11_tumor_26_BCC727ANXX_CATACCAA-TCTTTCCC_L005.R2.fastq.gz,raw,Raw,genomicVariants,Genomicvariants,fastq,,swn_patient_11,patient_11,experimentalData,Result,swn_patient_11_tumor_26,tumor_26,syn9727752,Synodos for Schwannomatosis Consortium,schwannoma,,pairedEnd,PairedEnd,3342573,,Schwannomatosis,Neurofibromatosistype1,125,,Synodos Schwannomatosis,,Illumina HiSeq 2500,Illumina HiSeqX,PRIVATE,ControlledAccess,Agilent SureSelect Human All Exon V5+UTR,IlluminaTruSeqDNANano,whole exome sequencing,Whole genome sequencing,Homo sapiens,,CTF,,Female,,Synodos,,nerves,,primary tumor,,2,,False,Yes,bulk cell,,,,,,,,,,,,,,,,,,,,,,,,,,,,,,,,,,,,,,,,,,hg19,,,,,,,,No,,,,No,,,,,,Patient 11,,,,,,,,tumor,,,,,,,,,,,,,,,,,,,,,,,,,,,,Schwannoma,,Strelka2,,,
004_swn_patient_23_blood_ACC8LEANXX_GTACGCAA-TCTTTCCC_L007.R1.fastq.gz,004_swn_patient_23_blood_ACC8LEANXX_GTACGCAA-TCTTTCCC_L007.R1.fastq.gz,raw,Raw,genomicVariants,Genomicvariants,fastq,,swn_patient_23,,experimentalData,Result,swn_patient_23_blood,,syn9727752,,,,pairedEnd,PairedEnd,3342573,,Schwannomatosis,,125,,Synodos Schwannomatosis,,Illumina HiSeq 2500,Illumina HiSeqX,PRIVATE,,Agilent SureSelect Human All Exon V5+UTR,,whole exome sequencing,Whole genome sequencing,Homo sapiens,,CTF,,Male,,Synodos,,blood,,blood,,1,,False,Yes,bulk cell,,,,,,,,,,,,,,,,,,,,,,,,,,,,,,,,,,,,,,,,,,hg19,,,,,,,,No,,,,No,,,,,,Patient 23,,,,,,,,,,,,,,,,,,,,,,,,,,,,,,,,,,,,,,Strelka2,,,
004_swn_patient_23_blood_ACC8LEANXX_GTACGCAA-TCTTTCCC_L007.R2.fastq.gz,004_swn_patient_23_blood_ACC8LEANXX_GTACGCAA-TCTTTCCC_L007.R2.fastq.gz,raw,Raw,genomicVariants,Genomicvariants,fastq,,swn_patient_23,,experimentalData,Result,swn_patient_23_blood,,syn9727752,,,,pairedEnd,PairedEnd,3342573,,Schwannomatosis,,125,,Synodos Schwannomatosis,,Illumina HiSeq 2500,Illumina HiSeqX,PRIVATE,,Agilent SureSelect Human All Exon V5+UTR,,whole exome sequencing,Whole genome sequencing,Homo sapiens,,CTF,,Male,,Synodos,,blood,,blood,,2,,False,Yes,bulk cell,,,,,,,,,,,,,,,,,,,,,,,,,,,,,,,,,,,,,,,,,,hg19,,,,,,,,No,,,,No,,,,,,Patient 23,,,,,,,,,,,,,,,,,,,,,,,,,,,,,,,,,,,,,,Strelka2,,,
004_swn_patient_23_tumor_46_BCC727ANXX_TATCAGCA-TCTTTCCC_L006.R1.fastq.gz,004_swn_patient_23_tumor_46_BCC727ANXX_TATCAGCA-TCTTTCCC_L006.R1.fastq.gz,raw,Raw,genomicVariants,Genomicvariants,fastq,,swn_patient_23,,experimentalData,Result,swn_patient_23_tumor_46,,syn9727752,,schwannoma,,pairedEnd,PairedEnd,3342573,,Schwannomatosis,,125,,Synodos Schwannomatosis,,Illumina HiSeq 2500,Illumina HiSeqX,PRIVATE,,Agilent SureSelect Human All Exon V5+UTR,,whole exome sequencing,Whole genome sequencing,Homo sapiens,,CTF,,Male,,Synodos,,nerves,,primary tumor,,1,,False,Yes,bulk cell,,,,,,,,,,,,,,,,,,,,,,,,,,,,,,,,,,,,,,,,,,hg19,,,,,,,,No,,,,No,,,,,,Patient 23,,,,,,,,,,,,,,,,,,,,,,,,,,,,,,,,,,,,Schwannoma,,Strelka2,,,
004_swn_patient_23_tumor_46_BCC727ANXX_TATCAGCA-TCTTTCCC_L006.R2.fastq.gz,004_swn_patient_23_tumor_46_BCC727ANXX_TATCAGCA-TCTTTCCC_L006.R2.fastq.gz,raw,Raw,genomicVariants,Genomicvariants,fastq,,swn_patient_23,,experimentalData,Result,swn_patient_23_tumor_46,,syn9727752,,schwannoma,,pairedEnd,PairedEnd,3342573,,Schwannomatosis,,125,,Synodos Schwannomatosis,,Illumina HiSeq 2500,Illumina HiSeqX,PRIVATE,,Agilent SureSelect Human All Exon V5+UTR,,whole exome sequencing,Whole genome sequencing,Homo sapiens,,CTF,,Male,,Synodos,,nerves,,primary tumor,,2,,False,Yes,bulk cell,,,,,,,,,,,,,,,,,,,,,,,,,,,,,,,,,,,,,,,,,,hg19,,,,,,,,No,,,,No,,,,,,Patient 23,,,,,,,,,,,,,,,,,,,,,,,,,,,,,,,,,,,,Schwannoma,,Strelka2,,,
004_swn_patient_23_tumor_47_BCC727ANXX_ATAGCGAC-TCTTTCCC_L006.R1.fastq.gz,004_swn_patient_23_tumor_47_BCC727ANXX_ATAGCGAC-TCTTTCCC_L006.R1.fastq.gz,raw,Raw,genomicVariants,Genomicvariants,fastq,,swn_patient_23,,experimentalData,Result,swn_patient_23_tumor_47,,syn9727752,,schwannoma,,pairedEnd,PairedEnd,3342573,,Schwannomatosis,,125,,Synodos Schwannomatosis,,Illumina HiSeq 2500,Illumina HiSeqX,PRIVATE,,Agilent SureSelect Human All Exon V5+UTR,,whole exome sequencing,Whole genome sequencing,Homo sapiens,,CTF,,Male,,Synodos,,nerves,,primary tumor,,1,,False,Yes,bulk cell,,,,,,,,,,,,,,,,,,,,,,,,,,,,,,,,,,,,,,,,,,hg19,,,,,,,,No,,,,No,,,,,,Patient 23,,,,,,,,,,,,,,,,,,,,,,,,,,,,,,,,,,,,Schwannoma,,Strelka2,,,
004_swn_patient_23_tumor_47_BCC727ANXX_ATAGCGAC-TCTTTCCC_L006.R2.fastq.gz,004_swn_patient_23_tumor_47_BCC727ANXX_ATAGCGAC-TCTTTCCC_L006.R2.fastq.gz,raw,Raw,genomicVariants,Genomicvariants,fastq,,swn_patient_23,,experimentalData,Result,swn_patient_23_tumor_47,,syn9727752,,schwannoma,,pairedEnd,PairedEnd,3342573,,Schwannomatosis,,125,,Synodos Schwannomatosis,,Illumina HiSeq 2500,Illumina HiSeqX,PRIVATE,,Agilent SureSelect Human All Exon V5+UTR,,whole exome sequencing,Whole genome sequencing,Homo sapiens,,CTF,,Male,,Synodos,,nerves,,primary tumor,,2,,False,Yes,bulk cell,,,,,,,,,,,,,,,,,,,,,,,,,,,,,,,,,,,,,,,,,,hg19,,,,,,,,No,,,,No,,,,,,Patient 23,,,,,,,,,,,,,,,,,,,,,,,,,,,,,,,,,,,,Schwannoma,,Strelka2,,,
005_swn_patient_24_blood_ACC8LEANXX_AGTACAAG-TCTTTCCC_L008.R1.fastq.gz,005_swn_patient_24_blood_ACC8LEANXX_AGTACAAG-TCTTTCCC_L008.R1.fastq.gz,raw,Raw,genomicVariants,Genomicvariants,fastq,,swn_patient_24,,experimentalData,Result,swn_patient_24_blood,,syn9727752,,,,pairedEnd,PairedEnd,3342573,,Schwannomatosis,,125,,Synodos Schwannomatosis,,Illumina HiSeq 2500,Illumina HiSeqX,PRIVATE,,Agilent SureSelect Human All Exon V5+UTR,,whole exome sequencing,Whole genome sequencing,Homo sapiens,,CTF,,Male,,Synodos,,blood,,blood,,1,,False,Yes,bulk cell,,,,,,,,,,,,,,,,,,,,,,,,,,,,,,,,,,,,,,,,,,hg19,,,,,,,,No,,,,No,,,,,,Patient 24,,,,,,,,,,,,,,,,,,,,,,,,,,,,,,,,,,,,,,Strelka2,,,
005_swn_patient_24_blood_ACC8LEANXX_AGTACAAG-TCTTTCCC_L008.R2.fastq.gz,005_swn_patient_24_blood_ACC8LEANXX_AGTACAAG-TCTTTCCC_L008.R2.fastq.gz,raw,Raw,genomicVariants,Genomicvariants,fastq,,swn_patient_24,,experimentalData,Result,swn_patient_24_blood,,syn9727752,,,,pairedEnd,PairedEnd,3342573,,Schwannomatosis,,125,,Synodos Schwannomatosis,,Illumina HiSeq 2500,Illumina HiSeqX,PRIVATE,,Agilent SureSelect Human All Exon V5+UTR,,whole exome sequencing,Whole genome sequencing,Homo sapiens,,CTF,,Male,,Synodos,,blood,,blood,,2,,False,Yes,bulk cell,,,,,,,,,,,,,,,,,,,,,,,,,,,,,,,,,,,,,,,,,,hg19,,,,,,,,No,,,,No,,,,,,Patient 24,,,,,,,,,,,,,,,,,,,,,,,,,,,,,,,,,,,,,,Strelka2,,,
006_swn_patient_27_blood_ACC8LEANXX_ACATTGGC-TCTTTCCC_L008.R1.fastq.gz,006_swn_patient_27_blood_ACC8LEANXX_ACATTGGC-TCTTTCCC_L008.R1.fastq.gz,raw,Raw,genomicVariants,Genomicvariants,fastq,,swn_patient_27,,experimentalData,Result,swn_patient_27_blood,,syn9727752,,,,pairedEnd,PairedEnd,3342573,,Schwannomatosis,,125,,Synodos Schwannomatosis,,Illumina HiSeq 2500,Illumina HiSeqX,PRIVATE,,Agilent SureSelect Human All Exon V5+UTR,,whole exome sequencing,Whole genome sequencing,Homo sapiens,,CTF,,Female,,Synodos,,blood,,blood,,1,,False,Yes,bulk cell,,,,,,,,,,,,,,,,,,,,,,,,,,,,,,,,,,,,,,,,,,hg19,,,,,,,,No,,,,No,,,,,,Patient 27,,,,,,,,,,,,,,,,,,,,,,,,,,,,,,,,,,,,,,Strelka2,,,
006_swn_patient_27_blood_ACC8LEANXX_ACATTGGC-TCTTTCCC_L008.R2.fastq.gz,006_swn_patient_27_blood_ACC8LEANXX_ACATTGGC-TCTTTCCC_L008.R2.fastq.gz,raw,Raw,genomicVariants,Genomicvariants,fastq,,swn_patient_27,,experimentalData,Result,swn_patient_27_blood,,syn9727752,,,,pairedEnd,PairedEnd,3342573,,Schwannomatosis,,125,,Synodos Schwannomatosis,,Illumina HiSeq 2500,Illumina HiSeqX,PRIVATE,,Agilent SureSelect Human All Exon V5+UTR,,whole exome sequencing,Whole genome sequencing,Homo sapiens,,CTF,,Female,,Synodos,,blood,,blood,,2,,False,Yes,bulk cell,,,,,,,,,,,,,,,,,,,,,,,,,,,,,,,,,,,,,,,,,,hg19,,,,,,,,No,,,,No,,,,,,Patient 27,,,,,,,,,,,,,,,,,,,,,,,,,,,,,,,,,,,,,,Strelka2,,,
006_swn_patient_27_tumor_87_ACC8LEANXX_CTCAATGA-TCTTTCCC_L001.R1.fastq.gz,006_swn_patient_27_tumor_87_ACC8LEANXX_CTCAATGA-TCTTTCCC_L001.R1.fastq.gz,raw,Raw,genomicVariants,Genomicvariants,fastq,,swn_patient_27,,experimentalData,Result,swn_patient_27_tumor_87,,syn9727752,,schwannoma,,pairedEnd,PairedEnd,3342573,,Schwannomatosis,,125,,Synodos Schwannomatosis,,Illumina HiSeq 2500,Illumina HiSeqX,PRIVATE,,Agilent SureSelect Human All Exon V5+UTR,,whole exome sequencing,Whole genome sequencing,Homo sapiens,,CTF,,Female,,Synodos,,nerves,,primary tumor,,1,,False,Yes,bulk cell,,,,,,,,,,,,,,,,,,,,,,,,,,,,,,,,,,,,,,,,,,hg19,,,,,,,,No,,,,No,,,,,,Patient 27,,,,,,,,,,,,,,,,,,,,,,,,,,,,,,,,,,,,Schwannoma,,Strelka2,,,
006_swn_patient_27_tumor_87_ACC8LEANXX_CTCAATGA-TCTTTCCC_L001.R2.fastq.gz,006_swn_patient_27_tumor_87_ACC8LEANXX_CTCAATGA-TCTTTCCC_L001.R2.fastq.gz,raw,Raw,genomicVariants,Genomicvariants,fastq,,swn_patient_27,,experimentalData,Result,swn_patient_27_tumor_87,,syn9727752,,schwannoma,,pairedEnd,PairedEnd,3342573,,Schwannomatosis,,125,,Synodos Schwannomatosis,,Illumina HiSeq 2500,Illumina HiSeqX,PRIVATE,,Agilent SureSelect Human All Exon V5+UTR,,whole exome sequencing,Whole genome sequencing,Homo sapiens,,CTF,,Female,,Synodos,,nerves,,primary tumor,,2,,False,Yes,bulk cell,,,,,,,,,,,,,,,,,,,,,,,,,,,,,,,,,,,,,,,,,,hg19,,,,,,,,No,,,,No,,,,,,Patient 27,,,,,,,,,,,,,,,,,,,,,,,,,,,,,,,,,,,,Schwannoma,,Strelka2,,,
006_swn_patient_27_tumor_88_ACC8LEANXX_TCCGTCTA-TCTTTCCC_L001.R1.fastq.gz,006_swn_patient_27_tumor_88_ACC8LEANXX_TCCGTCTA-TCTTTCCC_L001.R1.fastq.gz,raw,Raw,genomicVariants,Genomicvariants,fastq,,swn_patient_27,,experimentalData,Result,swn_patient_27_tumor_88,,syn9727752,,schwannoma,,pairedEnd,PairedEnd,3342573,,Schwannomatosis,,125,,Synodos Schwannomatosis,,Illumina HiSeq 2500,Illumina HiSeqX,PRIVATE,,Agilent SureSelect Human All Exon V5+UTR,,whole exome sequencing,Whole genome sequencing,Homo sapiens,,CTF,,Female,,Synodos,,nerves,,primary tumor,,1,,False,Yes,bulk cell,,,,,,,,,,,,,,,,,,,,,,,,,,,,,,,,,,,,,,,,,,hg19,,,,,,,,No,,,,No,,,,,,Patient 27,,,,,,,,,,,,,,,,,,,,,,,,,,,,,,,,,,,,Schwannoma,,Strelka2,,,
006_swn_patient_27_tumor_88_ACC8LEANXX_TCCGTCTA-TCTTTCCC_L001.R2.fastq.gz,006_swn_patient_27_tumor_88_ACC8LEANXX_TCCGTCTA-TCTTTCCC_L001.R2.fastq.gz,raw,Raw,genomicVariants,Genomicvariants,fastq,,swn_patient_27,,experimentalData,Result,swn_patient_27_tumor_88,,syn9727752,,schwannoma,,pairedEnd,PairedEnd,3342573,,Schwannomatosis,,125,,Synodos Schwannomatosis,,Illumina HiSeq 2500,Illumina HiSeqX,PRIVATE,,Agilent SureSelect Human All Exon V5+UTR,,whole exome sequencing,Whole genome sequencing,Homo sapiens,,CTF,,Female,,Synodos,,nerves,,primary tumor,,2,,False,Yes,bulk cell,,,,,,,,,,,,,,,,,,,,,,,,,,,,,,,,,,,,,,,,,,hg19,,,,,,,,No,,,,No,,,,,,Patient 27,,,,,,,,,,,,,,,,,,,,,,,,,,,,,,,,,,,,Schwannoma,,Strelka2,,,
007_swn_patient_31_blood_ACC8LEANXX_GTCGTAGA-TCTTTCCC_L008.R1.fastq.gz,007_swn_patient_31_blood_ACC8LEANXX_GTCGTAGA-TCTTTCCC_L008.R1.fastq.gz,raw,Raw,genomicVariants,Genomicvariants,fastq,,swn_patient_31,,experimentalData,Result,swn_patient_31_blood,,syn9727752,,,,pairedEnd,PairedEnd,3342573,,Schwannomatosis,,125,,Synodos Schwannomatosis,,Illumina HiSeq 2500,Illumina HiSeqX,PRIVATE,,Agilent SureSelect Human All Exon V5+UTR,,whole exome sequencing,Whole genome sequencing,Homo sapiens,,CTF,,Male,,Synodos,,blood,,blood,,1,,False,Yes,bulk cell,,,,,,,,,,,,,,,,,,,,,,,,,,,,,,,,,,,,,,,,,,hg19,,,,,,,,No,,,,No,,,,,,Patient 31,,,,,,,,,,,,,,,,,,,,,,,,,,,,,,,,,,,,,,Strelka2,,,
007_swn_patient_31_blood_ACC8LEANXX_GTCGTAGA-TCTTTCCC_L008.R2.fastq.gz,007_swn_patient_31_blood_ACC8LEANXX_GTCGTAGA-TCTTTCCC_L008.R2.fastq.gz,raw,Raw,genomicVariants,Genomicvariants,fastq,,swn_patient_31,,experimentalData,Result,swn_patient_31_blood,,syn9727752,,,,pairedEnd,PairedEnd,3342573,,Schwannomatosis,,125,,Synodos Schwannomatosis,,Illumina HiSeq 2500,Illumina HiSeqX,PRIVATE,,Agilent SureSelect Human All Exon V5+UTR,,whole exome sequencing,Whole genome sequencing,Homo sapiens,,CTF,,Male,,Synodos,,blood,,blood,,2,,False,Yes,bulk cell,,,,,,,,,,,,,,,,,,,,,,,,,,,,,,,,,,,,,,,,,,hg19,,,,,,,,No,,,,No,,,,,,Patient 31,,,,,,,,,,,,,,,,,,,,,,,,,,,,,,,,,,,,,,Strelka2,,,
007_swn_patient_31_tumor_70_ACC8LEANXX_AGGCTAAC-TCTTTCCC_L001.R1.fastq.gz,007_swn_patient_31_tumor_70_ACC8LEANXX_AGGCTAAC-TCTTTCCC_L001.R1.fastq.gz,raw,Raw,genomicVariants,Genomicvariants,fastq,,swn_patient_31,,experimentalData,Result,swn_patient_31_tumor_70,,syn9727752,,schwannoma,,pairedEnd,PairedEnd,3342573,,Schwannomatosis,,125,,Synodos Schwannomatosis,,Illumina HiSeq 2500,Illumina HiSeqX,PRIVATE,,Agilent SureSelect Human All Exon V5+UTR,,whole exome sequencing,Whole genome sequencing,Homo sapiens,,CTF,,Male,,Synodos,,nerves,,primary tumor,,1,,False,Yes,bulk cell,,,,,,,,,,,,,,,,,,,,,,,,,,,,,,,,,,,,,,,,,,hg19,,,,,,,,No,,,,No,,,,,,Patient 31,,,,,,,,,,,,,,,,,,,,,,,,,,,,,,,,,,,,Schwannoma,,Strelka2,,,
007_swn_patient_31_tumor_70_ACC8LEANXX_AGGCTAAC-TCTTTCCC_L001.R2.fastq.gz,007_swn_patient_31_tumor_70_ACC8LEANXX_AGGCTAAC-TCTTTCCC_L001.R2.fastq.gz,raw,Raw,genomicVariants,Genomicvariants,fastq,,swn_patient_31,,experimentalData,Result,swn_patient_31_tumor_70,,syn9727752,,schwannoma,,pairedEnd,PairedEnd,3342573,,Schwannomatosis,,125,,Synodos Schwannomatosis,,Illumina HiSeq 2500,Illumina HiSeqX,PRIVATE,,Agilent SureSelect Human All Exon V5+UTR,,whole exome sequencing,Whole genome sequencing,Homo sapiens,,CTF,,Male,,Synodos,,nerves,,primary tumor,,2,,False,Yes,bulk cell,,,,,,,,,,,,,,,,,,,,,,,,,,,,,,,,,,,,,,,,,,hg19,,,,,,,,No,,,,No,,,,,,Patient 31,,,,,,,,,,,,,,,,,,,,,,,,,,,,,,,,,,,,Schwannoma,,Strelka2,,,
008_swn_patient_32_blood_ACC8LEANXX_AGAGTCAA-TCTTTCCC_L008.R1.fastq.gz,008_swn_patient_32_blood_ACC8LEANXX_AGAGTCAA-TCTTTCCC_L008.R1.fastq.gz,raw,Raw,genomicVariants,Genomicvariants,fastq,,swn_patient_32,,experimentalData,Result,swn_patient_32_blood,,syn9727752,,,,pairedEnd,PairedEnd,3342573,,Schwannomatosis,,125,,Synodos Schwannomatosis,,Illumina HiSeq 2500,Illumina HiSeqX,PRIVATE,,Agilent SureSelect Human All Exon V5+UTR,,whole exome sequencing,Whole genome sequencing,Homo sapiens,,CTF,,Female,,Synodos,,blood,,blood,,1,,False,Yes,bulk cell,,,,,,,,,,,,,,,,,,,,,,,,,,,,,,,,,,,,,,,,,,hg19,,,,,,,,No,,,,No,,,,,,Patient 32,,,,,,,,,,,,,,,,,,,,,,,,,,,,,,,,,,,,,,Strelka2,,,
008_swn_patient_32_blood_ACC8LEANXX_AGAGTCAA-TCTTTCCC_L008.R2.fastq.gz,008_swn_patient_32_blood_ACC8LEANXX_AGAGTCAA-TCTTTCCC_L008.R2.fastq.gz,raw,Raw,genomicVariants,Genomicvariants,fastq,,swn_patient_32,,experimentalData,Result,swn_patient_32_blood,,syn9727752,,,,pairedEnd,PairedEnd,3342573,,Schwannomatosis,,125,,Synodos Schwannomatosis,,Illumina HiSeq 2500,Illumina HiSeqX,PRIVATE,,Agilent SureSelect Human All Exon V5+UTR,,whole exome sequencing,Whole genome sequencing,Homo sapiens,,CTF,,Female,,Synodos,,blood,,blood,,2,,False,Yes,bulk cell,,,,,,,,,,,,,,,,,,,,,,,,,,,,,,,,,,,,,,,,,,hg19,,,,,,,,No,,,,No,,,,,,Patient 32,,,,,,,,,,,,,,,,,,,,,,,,,,,,,,,,,,,,,,Strelka2,,,
008_swn_patient_32_tumor_74_ACC8LEANXX_CCATCCTC-TCTTTCCC_L002.R1.fastq.gz,008_swn_patient_32_tumor_74_ACC8LEANXX_CCATCCTC-TCTTTCCC_L002.R1.fastq.gz,raw,Raw,genomicVariants,Genomicvariants,fastq,,swn_patient_32,,experimentalData,Result,swn_patient_32_tumor_74,,syn9727752,,schwannoma,,pairedEnd,PairedEnd,3342573,,Schwannomatosis,,125,,Synodos Schwannomatosis,,Illumina HiSeq 2500,Illumina HiSeqX,PRIVATE,,Agilent SureSelect Human All Exon V5+UTR,,whole exome sequencing,Whole genome sequencing,Homo sapiens,,CTF,,Female,,Synodos,,nerves,,primary tumor,,1,,False,Yes,bulk cell,,,,,,,,,,,,,,,,,,,,,,,,,,,,,,,,,,,,,,,,,,hg19,,,,,,,,No,,,,No,,,,,,Patient 32,,,,,,,,,,,,,,,,,,,,,,,,,,,,,,,,,,,,Schwannoma,,Strelka2,,,
008_swn_patient_32_tumor_74_ACC8LEANXX_CCATCCTC-TCTTTCCC_L002.R2.fastq.gz,008_swn_patient_32_tumor_74_ACC8LEANXX_CCATCCTC-TCTTTCCC_L002.R2.fastq.gz,raw,Raw,genomicVariants,Genomicvariants,fastq,,swn_patient_32,,experimentalData,Result,swn_patient_32_tumor_74,,syn9727752,,schwannoma,,pairedEnd,PairedEnd,3342573,,Schwannomatosis,,125,,Synodos Schwannomatosis,,Illumina HiSeq 2500,Illumina HiSeqX,PRIVATE,,Agilent SureSelect Human All Exon V5+UTR,,whole exome sequencing,Whole genome sequencing,Homo sapiens,,CTF,,Female,,Synodos,,nerves,,primary tumor,,2,,False,Yes,bulk cell,,,,,,,,,,,,,,,,,,,,,,,,,,,,,,,,,,,,,,,,,,hg19,,,,,,,,No,,,,No,,,,,,Patient 32,,,,,,,,,,,,,,,,,,,,,,,,,,,,,,,,,,,,Schwannoma,,Strelka2,,,
008_swn_patient_32_tumor_75_ACC8LEANXX_AGATGTAC-TCTTTCCC_L002.R1.fastq.gz,008_swn_patient_32_tumor_75_ACC8LEANXX_AGATGTAC-TCTTTCCC_L002.R1.fastq.gz,raw,Raw,genomicVariants,Genomicvariants,fastq,,swn_patient_32,,experimentalData,Result,swn_patient_32_tumor_75,,syn9727752,,schwannoma,,pairedEnd,PairedEnd,3342573,,Schwannomatosis,,125,,Synodos Schwannomatosis,,Illumina HiSeq 2500,Illumina HiSeqX,PRIVATE,,Agilent SureSelect Human All Exon V5+UTR,,whole exome sequencing,Whole genome sequencing,Homo sapiens,,CTF,,Female,,Synodos,,nerves,,primary tumor,,1,,False,Yes,bulk cell,,,,,,,,,,,,,,,,,,,,,,,,,,,,,,,,,,,,,,,,,,hg19,,,,,,,,No,,,,No,,,,,,Patient 32,,,,,,,,,,,,,,,,,,,,,,,,,,,,,,,,,,,,Schwannoma,,Strelka2,,,
008_swn_patient_32_tumor_75_ACC8LEANXX_AGATGTAC-TCTTTCCC_L002.R2.fastq.gz,008_swn_patient_32_tumor_75_ACC8LEANXX_AGATGTAC-TCTTTCCC_L002.R2.fastq.gz,raw,Raw,genomicVariants,Genomicvariants,fastq,,swn_patient_32,,experimentalData,Result,swn_patient_32_tumor_75,,syn9727752,,schwannoma,,pairedEnd,PairedEnd,3342573,,Schwannomatosis,,125,,Synodos Schwannomatosis,,Illumina HiSeq 2500,Illumina HiSeqX,PRIVATE,,Agilent SureSelect Human All Exon V5+UTR,,whole exome sequencing,Whole genome sequencing,Homo sapiens,,CTF,,Female,,Synodos,,nerves,,primary tumor,,2,,False,Yes,bulk cell,,,,,,,,,,,,,,,,,,,,,,,,,,,,,,,,,,,,,,,,,,hg19,,,,,,,,No,,,,No,,,,,,Patient 32,,,,,,,,,,,,,,,,,,,,,,,,,,,,,,,,,,,,Schwannoma,,Strelka2,,,
009_swn_patient_1_blood_ACC8LEANXX_CATCAAGT-TCTTTCCC_L007.R1.fastq.gz,009_swn_patient_1_blood_ACC8LEANXX_CATCAAGT-TCTTTCCC_L007.R1.fastq.gz,raw,,genomicVariants,,fastq,,swn_patient_1,,experimentalData,,swn_patient_1_blood,,syn9727752,,,,pairedEnd,PairedEnd,3342573,,Schwannomatosis,,125,,Synodos Schwannomatosis,,Illumina HiSeq 2500,Illumina HiSeqX,PRIVATE,,Agilent SureSelect Human All Exon V5+UTR,,whole exome sequencing,Whole genome sequencing,Homo sapiens,,CTF,,Male,,Synodos,,blood,,blood,,1,,False,,bulk cell,,,,,,,,,,,,,,,,,,,,,,,,,,,,,,,,,,,,,,,,,,,,,,,,,,,,,,,,,,,,Patient 1,,,,,,,,,,,,,,,,,,,,,,,,,,,,,,,,,,,,,,,,,
009_swn_patient_1_blood_ACC8LEANXX_CATCAAGT-TCTTTCCC_L007.R2.fastq.gz,009_swn_patient_1_blood_ACC8LEANXX_CATCAAGT-TCTTTCCC_L007.R2.fastq.gz,raw,,genomicVariants,,fastq,,swn_patient_1,,experimentalData,,swn_patient_1_blood,,syn9727752,,,,pairedEnd,PairedEnd,3342573,,Schwannomatosis,,125,,Synodos Schwannomatosis,,Illumina HiSeq 2500,Illumina HiSeqX,PRIVATE,,Agilent SureSelect Human All Exon V5+UTR,,whole exome sequencing,Whole genome sequencing,Homo sapiens,,CTF,,Male,,Synodos,,blood,,blood,,2,,False,,bulk cell,,,,,,,,,,,,,,,,,,,,,,,,,,,,,,,,,,,,,,,,,,,,,,,,,,,,,,,,,,,,Patient 1,,,,,,,,,,,,,,,,,,,,,,,,,,,,,,,,,,,,,,,,,
009_swn_patient_1_tumor_10_ACCVHRANXX_GCCACATA-TCTTTCCC_L005.R1.fastq.gz,009_swn_patient_1_tumor_10_ACCVHRANXX_GCCACATA-TCTTTCCC_L005.R1.fastq.gz,raw,,genomicVariants,,fastq,,swn_patient_1,,experimentalData,,swn_patient_1_tumor_10,,syn9727752,,schwannoma,,pairedEnd,PairedEnd,3342573,,Schwannomatosis,,125,,Synodos Schwannomatosis,,Illumina HiSeq 2500,Illumina HiSeqX,PRIVATE,,Agilent SureSelect Human All Exon V5+UTR,,whole exome sequencing,Whole genome sequencing,Homo sapiens,,CTF,,Male,,Synodos,,nerves,,primary tumor,,1,,False,,bulk cell,,,,,,,,,,,,,,,,,,,,,,,,,,,,,,,,,,,,,,,,,,,,,,,,,,,,,,,,,,,,Patient 1,,,,,,,,,,,,,,,,,,,,,,,,,,,,,,,,,,,,Schwannoma,,,,,
009_swn_patient_1_tumor_10_ACCVHRANXX_GCCACATA-TCTTTCCC_L005.R2.fastq.gz,009_swn_patient_1_tumor_10_ACCVHRANXX_GCCACATA-TCTTTCCC_L005.R2.fastq.gz,raw,,genomicVariants,,fastq,,swn_patient_1,,experimentalData,,swn_patient_1_tumor_10,,syn9727752,,schwannoma,,pairedEnd,PairedEnd,3342573,,Schwannomatosis,,125,,Synodos Schwannomatosis,,Illumina HiSeq 2500,Illumina HiSeqX,PRIVATE,,Agilent SureSelect Human All Exon V5+UTR,,whole exome sequencing,Whole genome sequencing,Homo sapiens,,CTF,,Male,,Synodos,,nerves,,primary tumor,,2,,False,,bulk cell,,,,,,,,,,,,,,,,,,,,,,,,,,,,,,,,,,,,,,,,,,,,,,,,,,,,,,,,,,,,Patient 1,,,,,,,,,,,,,,,,,,,,,,,,,,,,,,,,,,,,Schwannoma,,,,,
009_swn_patient_1_tumor_11_ACC8LEANXX_TCTTCACA-TCTTTCCC_L002.R1.fastq.gz,009_swn_patient_1_tumor_11_ACC8LEANXX_TCTTCACA-TCTTTCCC_L002.R1.fastq.gz,raw,,genomicVariants,,fastq,,swn_patient_1,,experimentalData,,swn_patient_1_tumor_11,,syn9727752,,schwannoma,,pairedEnd,PairedEnd,3342573,,Schwannomatosis,,125,,Synodos Schwannomatosis,,Illumina HiSeq 2500,Illumina HiSeqX,PRIVATE,,Agilent SureSelect Human All Exon V5+UTR,,whole exome sequencing,Whole genome sequencing,Homo sapiens,,CTF,,Male,,Synodos,,nerves,,primary tumor,,1,,False,,bulk cell,,,,,,,,,,,,,,,,,,,,,,,,,,,,,,,,,,,,,,,,,,,,,,,,,,,,,,,,,,,,Patient 1,,,,,,,,,,,,,,,,,,,,,,,,,,,,,,,,,,,,Schwannoma,,,,,
009_swn_patient_1_tumor_11_ACC8LEANXX_TCTTCACA-TCTTTCCC_L002.R2.fastq.gz,009_swn_patient_1_tumor_11_ACC8LEANXX_TCTTCACA-TCTTTCCC_L002.R2.fastq.gz,raw,,genomicVariants,,fastq,,swn_patient_1,,experimentalData,,swn_patient_1_tumor_11,,syn9727752,,schwannoma,,pairedEnd,PairedEnd,3342573,,Schwannomatosis,,125,,Synodos Schwannomatosis,,Illumina HiSeq 2500,Illumina HiSeqX,PRIVATE,,Agilent SureSelect Human All Exon V5+UTR,,whole exome sequencing,Whole genome sequencing,Homo sapiens,,CTF,,Male,,Synodos,,nerves,,primary tumor,,2,,False,,bulk cell,,,,,,,,,,,,,,,,,,,,,,,,,,,,,,,,,,,,,,,,,,,,,,,,,,,,,,,,,,,,Patient 1,,,,,,,,,,,,,,,,,,,,,,,,,,,,,,,,,,,,Schwannoma,,,,,
009_swn_patient_1_tumor_8_BCCF9HANXX_AACGCTTA-TCTTTCCC_L006.R1.fastq.gz,009_swn_patient_1_tumor_8_BCCF9HANXX_AACGCTTA-TCTTTCCC_L006.R1.fastq.gz,raw,,genomicVariants,,fastq,,swn_patient_1,,experimentalData,,swn_patient_1_tumor_8,,syn9727752,,schwannoma,,pairedEnd,PairedEnd,3342573,,Schwannomatosis,,125,,Synodos Schwannomatosis,,Illumina HiSeq 2500,Illumina HiSeqX,PRIVATE,,Agilent SureSelect Human All Exon V5+UTR,,whole exome sequencing,Whole genome sequencing,Homo sapiens,,CTF,,Male,,Synodos,,nerves,,primary tumor,,1,,False,,bulk cell,,,,,,,,,,,,,,,,,,,,,,,,,,,,,,,,,,,,,,,,,,,,,,,,,,,,,,,,,,,,Patient 1,,,,,,,,,,,,,,,,,,,,,,,,,,,,,,,,,,,,Schwannoma,,,,,
009_swn_patient_1_tumor_8_BCCF9HANXX_AACGCTTA-TCTTTCCC_L006.R2.fastq.gz,009_swn_patient_1_tumor_8_BCCF9HANXX_AACGCTTA-TCTTTCCC_L006.R2.fastq.gz,raw,,genomicVariants,,fastq,,swn_patient_1,,experimentalData,,swn_patient_1_tumor_8,,syn9727752,,schwannoma,,pairedEnd,PairedEnd,3342573,,Schwannomatosis,,125,,Synodos Schwannomatosis,,Illumina HiSeq 2500,Illumina HiSeqX,PRIVATE,,Agilent SureSelect Human All Exon V5+UTR,,whole exome sequencing,Whole genome sequencing,Homo sapiens,,CTF,,Male,,Synodos,,nerves,,primary tumor,,2,,False,,bulk cell,,,,,,,,,,,,,,,,,,,,,,,,,,,,,,,,,,,,,,,,,,,,,,,,,,,,,,,,,,,,Patient 1,,,,,,,,,,,,,,,,,,,,,,,,,,,,,,,,,,,,Schwannoma,,,,,
009_swn_patient_1_tumor_9_ACCVHRANXX_ATCATTCC-TCTTTCCC_L005.R1.fastq.gz,009_swn_patient_1_tumor_9_ACCVHRANXX_ATCATTCC-TCTTTCCC_L005.R1.fastq.gz,raw,,genomicVariants,,fastq,,swn_patient_1,,experimentalData,,swn_patient_1_tumor_9,,syn9727752,,schwannoma,,pairedEnd,PairedEnd,3342573,,Schwannomatosis,,125,,Synodos Schwannomatosis,,Illumina HiSeq 2500,Illumina HiSeqX,PRIVATE,,Agilent SureSelect Human All Exon V5+UTR,,whole exome sequencing,Whole genome sequencing,Homo sapiens,,CTF,,Male,,Synodos,,nerves,,primary tumor,,1,,False,,bulk cell,,,,,,,,,,,,,,,,,,,,,,,,,,,,,,,,,,,,,,,,,,,,,,,,,,,,,,,,,,,,Patient 1,,,,,,,,,,,,,,,,,,,,,,,,,,,,,,,,,,,,Schwannoma,,,,,
009_swn_patient_1_tumor_9_ACCVHRANXX_ATCATTCC-TCTTTCCC_L005.R2.fastq.gz,009_swn_patient_1_tumor_9_ACCVHRANXX_ATCATTCC-TCTTTCCC_L005.R2.fastq.gz,raw,,genomicVariants,,fastq,,swn_patient_1,,experimentalData,,swn_patient_1_tumor_9,,syn9727752,,schwannoma,,pairedEnd,PairedEnd,3342573,,Schwannomatosis,,125,,Synodos Schwannomatosis,,Illumina HiSeq 2500,Illumina HiSeqX,PRIVATE,,Agilent SureSelect Human All Exon V5+UTR,,whole exome sequencing,Whole genome sequencing,Homo sapiens,,CTF,,Male,,Synodos,,nerves,,primary tumor,,2,,False,,bulk cell,,,,,,,,,,,,,,,,,,,,,,,,,,,,,,,,,,,,,,,,,,,,,,,,,,,,,,,,,,,,Patient 1,,,,,,,,,,,,,,,,,,,,,,,,,,,,,,,,,,,,Schwannoma,,,,,
010_swn_patient_2_blood_ACC8LEANXX_AAGGTACA-TCTTTCCC_L007.R1.fastq.gz,010_swn_patient_2_blood_ACC8LEANXX_AAGGTACA-TCTTTCCC_L007.R1.fastq.gz,raw,,genomicVariants,,fastq,,swn_patient_2,,experimentalData,,swn_patient_2_blood,,syn9727752,,,,pairedEnd,PairedEnd,3342573,,Schwannomatosis,,125,,Synodos Schwannomatosis,,Illumina HiSeq 2500,Illumina HiSeqX,PRIVATE,,Agilent SureSelect Human All Exon V5+UTR,,whole exome sequencing,Whole genome sequencing,Homo sapiens,,CTF,,Female,,Synodos,,blood,,blood,,1,,False,,bulk cell,,,,,,,,,,,,,,,,,,,,,,,,,,,,,,,,,,,,,,,,,,,,,,,,,,,,,,,,,,,,Patient 2,,,,,,,,,,,,,,,,,,,,,,,,,,,,,,,,,,,,,,,,,
010_swn_patient_2_blood_ACC8LEANXX_AAGGTACA-TCTTTCCC_L007.R2.fastq.gz,010_swn_patient_2_blood_ACC8LEANXX_AAGGTACA-TCTTTCCC_L007.R2.fastq.gz,raw,,genomicVariants,,fastq,,swn_patient_2,,experimentalData,,swn_patient_2_blood,,syn9727752,,,,pairedEnd,PairedEnd,3342573,,Schwannomatosis,,125,,Synodos Schwannomatosis,,Illumina HiSeq 2500,Illumina HiSeqX,PRIVATE,,Agilent SureSelect Human All Exon V5+UTR,,whole exome sequencing,Whole genome sequencing,Homo sapiens,,CTF,,Female,,Synodos,,blood,,blood,,2,,False,,bulk cell,,,,,,,,,,,,,,,,,,,,,,,,,,,,,,,,,,,,,,,,,,,,,,,,,,,,,,,,,,,,Patient 2,,,,,,,,,,,,,,,,,,,,,,,,,,,,,,,,,,,,,,,,,
010_swn_patient_2_tumor_12_BCD0UFANXX_CTGTAGCC_L002.R1.fastq.gz,010_swn_patient_2_tumor_12_BCD0UFANXX_CTGTAGCC_L002.R1.fastq.gz,raw,,genomicVariants,,fastq,,swn_patient_2,,experimentalData,,swn_patient_2_tumor_12,,syn9727752,,schwannoma,,pairedEnd,PairedEnd,3342573,,Schwannomatosis,,125,,Synodos Schwannomatosis,,Illumina HiSeq 2500,Illumina HiSeqX,PRIVATE,,Agilent SureSelect Human All Exon V5+UTR,,whole exome sequencing,Whole genome sequencing,Homo sapiens,,CTF,,Female,,Synodos,,nerves,,primary tumor,,1,,False,,bulk cell,,,,,,,,,,,,,,,,,,,,,,,,,,,,,,,,,,,,,,,,,,,,,,,,,,,,,,,,,,,,Patient 2,,,,,,,,,,,,,,,,,,,,,,,,,,,,,,,,,,,,Schwannoma,,,,,
010_swn_patient_2_tumor_12_BCD0UFANXX_CTGTAGCC_L002.R2.fastq.gz,010_swn_patient_2_tumor_12_BCD0UFANXX_CTGTAGCC_L002.R2.fastq.gz,raw,,genomicVariants,,fastq,,swn_patient_2,,experimentalData,,swn_patient_2_tumor_12,,syn9727752,,schwannoma,,pairedEnd,PairedEnd,3342573,,Schwannomatosis,,125,,Synodos Schwannomatosis,,Illumina HiSeq 2500,Illumina HiSeqX,PRIVATE,,Agilent SureSelect Human All Exon V5+UTR,,whole exome sequencing,Whole genome sequencing,Homo sapiens,,CTF,,Female,,Synodos,,nerves,,primary tumor,,2,,False,,bulk cell,,,,,,,,,,,,,,,,,,,,,,,,,,,,,,,,,,,,,,,,,,,,,,,,,,,,,,,,,,,,Patient 2,,,,,,,,,,,,,,,,,,,,,,,,,,,,,,,,,,,,Schwannoma,,,,,
010_swn_patient_2_tumor_13_ACC8LEANXX_CCGAAGTA-TCTTTCCC_L003.R1.fastq.gz,010_swn_patient_2_tumor_13_ACC8LEANXX_CCGAAGTA-TCTTTCCC_L003.R1.fastq.gz,raw,,genomicVariants,,fastq,,swn_patient_2,,experimentalData,,swn_patient_2_tumor_13,,syn9727752,,schwannoma,,pairedEnd,PairedEnd,3342573,,Schwannomatosis,,125,,Synodos Schwannomatosis,,Illumina HiSeq 2500,Illumina HiSeqX,PRIVATE,,Agilent SureSelect Human All Exon V5+UTR,,whole exome sequencing,Whole genome sequencing,Homo sapiens,,CTF,,Female,,Synodos,,nerves,,primary tumor,,1,,False,,bulk cell,,,,,,,,,,,,,,,,,,,,,,,,,,,,,,,,,,,,,,,,,,,,,,,,,,,,,,,,,,,,Patient 2,,,,,,,,,,,,,,,,,,,,,,,,,,,,,,,,,,,,Schwannoma,,,,,
010_swn_patient_2_tumor_13_ACC8LEANXX_CCGAAGTA-TCTTTCCC_L003.R2.fastq.gz,010_swn_patient_2_tumor_13_ACC8LEANXX_CCGAAGTA-TCTTTCCC_L003.R2.fastq.gz,raw,,genomicVariants,,fastq,,swn_patient_2,,experimentalData,,swn_patient_2_tumor_13,,syn9727752,,schwannoma,,pairedEnd,PairedEnd,3342573,,Schwannomatosis,,125,,Synodos Schwannomatosis,,Illumina HiSeq 2500,Illumina HiSeqX,PRIVATE,,Agilent SureSelect Human All Exon V5+UTR,,whole exome sequencing,Whole genome sequencing,Homo sapiens,,CTF,,Female,,Synodos,,nerves,,primary tumor,,2,,False,,bulk cell,,,,,,,,,,,,,,,,,,,,,,,,,,,,,,,,,,,,,,,,,,,,,,,,,,,,,,,,,,,,Patient 2,,,,,,,,,,,,,,,,,,,,,,,,,,,,,,,,,,,,Schwannoma,,,,,
011_swn_patient_10_blood_ACC8LEANXX_CCTAATCC-TCTTTCCC_L007.R1.fastq.gz,011_swn_patient_10_blood_ACC8LEANXX_CCTAATCC-TCTTTCCC_L007.R1.fastq.gz,raw,,genomicVariants,,fastq,,swn_patient_10,,experimentalData,,swn_patient_10_blood,,syn9727752,,,,pairedEnd,PairedEnd,3342573,,Schwannomatosis,,125,,Synodos Schwannomatosis,,Illumina HiSeq 2500,Illumina HiSeqX,PRIVATE,,Agilent SureSelect Human All Exon V5+UTR,,whole exome sequencing,Whole genome sequencing,Homo sapiens,,CTF,,Female,,Synodos,,blood,,blood,,1,,False,,bulk cell,,,,,,,,,,,,,,,,,,,,,,,,,,,,,,,,,,,,,,,,,,,,,,,,,,,,,,,,,,,,Patient 10,,,,,,,,,,,,,,,,,,,,,,,,,,,,,,,,,,,,,,,,,
011_swn_patient_10_blood_ACC8LEANXX_CCTAATCC-TCTTTCCC_L007.R2.fastq.gz,011_swn_patient_10_blood_ACC8LEANXX_CCTAATCC-TCTTTCCC_L007.R2.fastq.gz,raw,,genomicVariants,,fastq,,swn_patient_10,,experimentalData,,swn_patient_10_blood,,syn9727752,,,,pairedEnd,PairedEnd,3342573,,Schwannomatosis,,125,,Synodos Schwannomatosis,,Illumina HiSeq 2500,Illumina HiSeqX,PRIVATE,,Agilent SureSelect Human All Exon V5+UTR,,whole exome sequencing,Whole genome sequencing,Homo sapiens,,CTF,,Female,,Synodos,,blood,,blood,,2,,False,,bulk cell,,,,,,,,,,,,,,,,,,,,,,,,,,,,,,,,,,,,,,,,,,,,,,,,,,,,,,,,,,,,Patient 10,,,,,,,,,,,,,,,,,,,,,,,,,,,,,,,,,,,,,,,,,
011_swn_patient_10_tumor_108_ACC8LEANXX_CGCATACA-TCTTTCCC_L003.R1.fastq.gz,011_swn_patient_10_tumor_108_ACC8LEANXX_CGCATACA-TCTTTCCC_L003.R1.fastq.gz,raw,,genomicVariants,,fastq,,swn_patient_10,,experimentalData,,swn_patient_10_tumor_108,,syn9727752,,schwannoma,,pairedEnd,PairedEnd,3342573,,Schwannomatosis,,125,,Synodos Schwannomatosis,,Illumina HiSeq 2500,Illumina HiSeqX,PRIVATE,,Agilent SureSelect Human All Exon V5+UTR,,whole exome sequencing,Whole genome sequencing,Homo sapiens,,CTF,,Female,,Synodos,,nerves,,primary tumor,,1,,False,,bulk cell,,,,,,,,,,,,,,,,,,,,,,,,,,,,,,,,,,,,,,,,,,,,,,,,,,,,,,,,,,,,Patient 10,,,,,,,,,,,,,,,,,,,,,,,,,,,,,,,,,,,,Schwannoma,,,,,
011_swn_patient_10_tumor_108_ACC8LEANXX_CGCATACA-TCTTTCCC_L003.R2.fastq.gz,011_swn_patient_10_tumor_108_ACC8LEANXX_CGCATACA-TCTTTCCC_L003.R2.fastq.gz,raw,,genomicVariants,,fastq,,swn_patient_10,,experimentalData,,swn_patient_10_tumor_108,,syn9727752,,schwannoma,,pairedEnd,PairedEnd,3342573,,Schwannomatosis,,125,,Synodos Schwannomatosis,,Illumina HiSeq 2500,Illumina HiSeqX,PRIVATE,,Agilent SureSelect Human All Exon V5+UTR,,whole exome sequencing,Whole genome sequencing,Homo sapiens,,CTF,,Female,,Synodos,,nerves,,primary tumor,,2,,False,,bulk cell,,,,,,,,,,,,,,,,,,,,,,,,,,,,,,,,,,,,,,,,,,,,,,,,,,,,,,,,,,,,Patient 10,,,,,,,,,,,,,,,,,,,,,,,,,,,,,,,,,,,,Schwannoma,,,,,
011_swn_patient_10_tumor_109_ACCVHRANXX_CTGGCATA-TCTTTCCC_L005.R1.fastq.gz,011_swn_patient_10_tumor_109_ACCVHRANXX_CTGGCATA-TCTTTCCC_L005.R1.fastq.gz,raw,,genomicVariants,,fastq,,swn_patient_10,,experimentalData,,swn_patient_10_tumor_109,,syn9727752,,schwannoma,,pairedEnd,PairedEnd,3342573,,Schwannomatosis,,125,,Synodos Schwannomatosis,,Illumina HiSeq 2500,Illumina HiSeqX,PRIVATE,,Agilent SureSelect Human All Exon V5+UTR,,whole exome sequencing,Whole genome sequencing,Homo sapiens,,CTF,,Female,,Synodos,,nerves,,primary tumor,,1,,False,,bulk cell,,,,,,,,,,,,,,,,,,,,,,,,,,,,,,,,,,,,,,,,,,,,,,,,,,,,,,,,,,,,Patient 10,,,,,,,,,,,,,,,,,,,,,,,,,,,,,,,,,,,,Schwannoma,,,,,
011_swn_patient_10_tumor_109_ACCVHRANXX_CTGGCATA-TCTTTCCC_L005.R2.fastq.gz,011_swn_patient_10_tumor_109_ACCVHRANXX_CTGGCATA-TCTTTCCC_L005.R2.fastq.gz,raw,,genomicVariants,,fastq,,swn_patient_10,,experimentalData,,swn_patient_10_tumor_109,,syn9727752,,schwannoma,,pairedEnd,PairedEnd,3342573,,Schwannomatosis,,125,,Synodos Schwannomatosis,,Illumina HiSeq 2500,Illumina HiSeqX,PRIVATE,,Agilent SureSelect Human All Exon V5+UTR,,whole exome sequencing,Whole genome sequencing,Homo sapiens,,CTF,,Female,,Synodos,,nerves,,primary tumor,,2,,False,,bulk cell,,,,,,,,,,,,,,,,,,,,,,,,,,,,,,,,,,,,,,,,,,,,,,,,,,,,,,,,,,,,Patient 10,,,,,,,,,,,,,,,,,,,,,,,,,,,,,,,,,,,,Schwannoma,,,,,
011_swn_patient_10_tumor_110_ACC8LEANXX_AATGTTGC-TCTTTCCC_L003.R1.fastq.gz,011_swn_patient_10_tumor_110_ACC8LEANXX_AATGTTGC-TCTTTCCC_L003.R1.fastq.gz,raw,,genomicVariants,,fastq,,swn_patient_10,,experimentalData,,swn_patient_10_tumor_110,,syn9727752,,schwannoma,,pairedEnd,PairedEnd,3342573,,Schwannomatosis,,125,,Synodos Schwannomatosis,,Illumina HiSeq 2500,Illumina HiSeqX,PRIVATE,,Agilent SureSelect Human All Exon V5+UTR,,whole exome sequencing,Whole genome sequencing,Homo sapiens,,CTF,,Female,,Synodos,,nerves,,primary tumor,,1,,False,,bulk cell,,,,,,,,,,,,,,,,,,,,,,,,,,,,,,,,,,,,,,,,,,,,,,,,,,,,,,,,,,,,Patient 10,,,,,,,,,,,,,,,,,,,,,,,,,,,,,,,,,,,,Schwannoma,,,,,
011_swn_patient_10_tumor_110_ACC8LEANXX_AATGTTGC-TCTTTCCC_L003.R2.fastq.gz,011_swn_patient_10_tumor_110_ACC8LEANXX_AATGTTGC-TCTTTCCC_L003.R2.fastq.gz,raw,,genomicVariants,,fastq,,swn_patient_10,,experimentalData,,swn_patient_10_tumor_110,,syn9727752,,schwannoma,,pairedEnd,PairedEnd,3342573,,Schwannomatosis,,125,,Synodos Schwannomatosis,,Illumina HiSeq 2500,Illumina HiSeqX,PRIVATE,,Agilent SureSelect Human All Exon V5+UTR,,whole exome sequencing,Whole genome sequencing,Homo sapiens,,CTF,,Female,,Synodos,,nerves,,primary tumor,,2,,False,,bulk cell,,,,,,,,,,,,,,,,,,,,,,,,,,,,,,,,,,,,,,,,,,,,,,,,,,,,,,,,,,,,Patient 10,,,,,,,,,,,,,,,,,,,,,,,,,,,,,,,,,,,,Schwannoma,,,,,
011_swn_patient_10_tumor_111_ACCVHRANXX_ACCTCCAA-TCTTTCCC_L006.R1.fastq.gz,011_swn_patient_10_tumor_111_ACCVHRANXX_ACCTCCAA-TCTTTCCC_L006.R1.fastq.gz,raw,,genomicVariants,,fastq,,swn_patient_10,,experimentalData,,swn_patient_10_tumor_111,,syn9727752,,schwannoma,,pairedEnd,PairedEnd,3342573,,Schwannomatosis,,125,,Synodos Schwannomatosis,,Illumina HiSeq 2500,Illumina HiSeqX,PRIVATE,,Agilent SureSelect Human All Exon V5+UTR,,whole exome sequencing,Whole genome sequencing,Homo sapiens,,CTF,,Female,,Synodos,,nerves,,primary tumor,,1,,False,,bulk cell,,,,,,,,,,,,,,,,,,,,,,,,,,,,,,,,,,,,,,,,,,,,,,,,,,,,,,,,,,,,Patient 10,,,,,,,,,,,,,,,,,,,,,,,,,,,,,,,,,,,,Schwannoma,,,,,
011_swn_patient_10_tumor_111_ACCVHRANXX_ACCTCCAA-TCTTTCCC_L006.R2.fastq.gz,011_swn_patient_10_tumor_111_ACCVHRANXX_ACCTCCAA-TCTTTCCC_L006.R2.fastq.gz,raw,,genomicVariants,,fastq,,swn_patient_10,,experimentalData,,swn_patient_10_tumor_111,,syn9727752,,schwannoma,,pairedEnd,PairedEnd,3342573,,Schwannomatosis,,125,,Synodos Schwannomatosis,,Illumina HiSeq 2500,Illumina HiSeqX,PRIVATE,,Agilent SureSelect Human All Exon V5+UTR,,whole exome sequencing,Whole genome sequencing,Homo sapiens,,CTF,,Female,,Synodos,,nerves,,primary tumor,,2,,False,,bulk cell,,,,,,,,,,,,,,,,,,,,,,,,,,,,,,,,,,,,,,,,,,,,,,,,,,,,,,,,,,,,Patient 10,,,,,,,,,,,,,,,,,,,,,,,,,,,,,,,,,,,,Schwannoma,,,,,
011_swn_patient_10_tumor_112_ACCVHRANXX_GCGAGTAA-TCTTTCCC_L006.R1.fastq.gz,011_swn_patient_10_tumor_112_ACCVHRANXX_GCGAGTAA-TCTTTCCC_L006.R1.fastq.gz,raw,,genomicVariants,,fastq,,swn_patient_10,,experimentalData,,swn_patient_10_tumor_112,,syn9727752,,schwannoma,,pairedEnd,PairedEnd,3342573,,Schwannomatosis,,125,,Synodos Schwannomatosis,,Illumina HiSeq 2500,Illumina HiSeqX,PRIVATE,,Agilent SureSelect Human All Exon V5+UTR,,whole exome sequencing,Whole genome sequencing,Homo sapiens,,CTF,,Female,,Synodos,,nerves,,primary tumor,,1,,False,,bulk cell,,,,,,,,,,,,,,,,,,,,,,,,,,,,,,,,,,,,,,,,,,,,,,,,,,,,,,,,,,,,Patient 10,,,,,,,,,,,,,,,,,,,,,,,,,,,,,,,,,,,,Schwannoma,,,,,
011_swn_patient_10_tumor_112_ACCVHRANXX_GCGAGTAA-TCTTTCCC_L006.R2.fastq.gz,011_swn_patient_10_tumor_112_ACCVHRANXX_GCGAGTAA-TCTTTCCC_L006.R2.fastq.gz,raw,,genomicVariants,,fastq,,swn_patient_10,,experimentalData,,swn_patient_10_tumor_112,,syn9727752,,schwannoma,,pairedEnd,PairedEnd,3342573,,Schwannomatosis,,125,,Synodos Schwannomatosis,,Illumina HiSeq 2500,Illumina HiSeqX,PRIVATE,,Agilent SureSelect Human All Exon V5+UTR,,whole exome sequencing,Whole genome sequencing,Homo sapiens,,CTF,,Female,,Synodos,,nerves,,primary tumor,,2,,False,,bulk cell,,,,,,,,,,,,,,,,,,,,,,,,,,,,,,,,,,,,,,,,,,,,,,,,,,,,,,,,,,,,Patient 10,,,,,,,,,,,,,,,,,,,,,,,,,,,,,,,,,,,,Schwannoma,,,,,
012_swn_patient_38_blood_ACC8LEANXX_TAGGATGA-TCTTTCCC_L008.R1.fastq.gz,012_swn_patient_38_blood_ACC8LEANXX_TAGGATGA-TCTTTCCC_L008.R1.fastq.gz,raw,,genomicVariants,,fastq,,swn_patient_38,,experimentalData,,swn_patient_38_blood,,syn9727752,,,,pairedEnd,PairedEnd,3342573,,Schwannomatosis,,125,,Synodos Schwannomatosis,,Illumina HiSeq 2500,Illumina HiSeqX,PRIVATE,,Agilent SureSelect Human All Exon V5+UTR,,whole exome sequencing,Whole genome sequencing,Homo sapiens,,CTF,,Male,,Synodos,,blood,,blood,,1,,False,,bulk cell,,,,,,,,,,,,,,,,,,,,,,,,,,,,,,,,,,,,,,,,,,,,,,,,,,,,,,,,,,,,Patient 38,,,,,,,,,,,,,,,,,,,,,,,,,,,,,,,,,,,,,,,,,
012_swn_patient_38_blood_ACC8LEANXX_TAGGATGA-TCTTTCCC_L008.R2.fastq.gz,012_swn_patient_38_blood_ACC8LEANXX_TAGGATGA-TCTTTCCC_L008.R2.fastq.gz,raw,,genomicVariants,,fastq,,swn_patient_38,,experimentalData,,swn_patient_38_blood,,syn9727752,,,,pairedEnd,PairedEnd,3342573,,Schwannomatosis,,125,,Synodos Schwannomatosis,,Illumina HiSeq 2500,Illumina HiSeqX,PRIVATE,,Agilent SureSelect Human All Exon V5+UTR,,whole exome sequencing,Whole genome sequencing,Homo sapiens,,CTF,,Male,,Synodos,,blood,,blood,,2,,False,,bulk cell,,,,,,,,,,,,,,,,,,,,,,,,,,,,,,,,,,,,,,,,,,,,,,,,,,,,,,,,,,,,Patient 38,,,,,,,,,,,,,,,,,,,,,,,,,,,,,,,,,,,,,,,,,
012_swn_patient_38_tumor_89_ACCVHRANXX_ACCACTGT-TCTTTCCC_L006.R1.fastq.gz,012_swn_patient_38_tumor_89_ACCVHRANXX_ACCACTGT-TCTTTCCC_L006.R1.fastq.gz,raw,,genomicVariants,,fastq,,swn_patient_38,,experimentalData,,swn_patient_38_tumor_89,,syn9727752,,schwannoma,,pairedEnd,PairedEnd,3342573,,Schwannomatosis,,125,,Synodos Schwannomatosis,,Illumina HiSeq 2500,Illumina HiSeqX,PRIVATE,,Agilent SureSelect Human All Exon V5+UTR,,whole exome sequencing,Whole genome sequencing,Homo sapiens,,CTF,,Male,,Synodos,,nerves,,primary tumor,,1,,False,,bulk cell,,,,,,,,,,,,,,,,,,,,,,,,,,,,,,,,,,,,,,,,,,,,,,,,,,,,,,,,,,,,Patient 38,,,,,,,,,,,,,,,,,,,,,,,,,,,,,,,,,,,,Schwannoma,,,,,
012_swn_patient_38_tumor_89_ACCVHRANXX_ACCACTGT-TCTTTCCC_L006.R2.fastq.gz,012_swn_patient_38_tumor_89_ACCVHRANXX_ACCACTGT-TCTTTCCC_L006.R2.fastq.gz,raw,,genomicVariants,,fastq,,swn_patient_38,,experimentalData,,swn_patient_38_tumor_89,,syn9727752,,schwannoma,,pairedEnd,PairedEnd,3342573,,Schwannomatosis,,125,,Synodos Schwannomatosis,,Illumina HiSeq 2500,Illumina HiSeqX,PRIVATE,,Agilent SureSelect Human All Exon V5+UTR,,whole exome sequencing,Whole genome sequencing,Homo sapiens,,CTF,,Male,,Synodos,,nerves,,primary tumor,,2,,False,,bulk cell,,,,,,,,,,,,,,,,,,,,,,,,,,,,,,,,,,,,,,,,,,,,,,,,,,,,,,,,,,,,Patient 38,,,,,,,,,,,,,,,,,,,,,,,,,,,,,,,,,,,,Schwannoma,,,,,
012_swn_patient_38_tumor_90_ACC8LEANXX_TGAAGAGA-TCTTTCCC_L004.R1.fastq.gz,012_swn_patient_38_tumor_90_ACC8LEANXX_TGAAGAGA-TCTTTCCC_L004.R1.fastq.gz,raw,,genomicVariants,,fastq,,swn_patient_38,,experimentalData,,swn_patient_38_tumor_90,,syn9727752,,schwannoma,,pairedEnd,PairedEnd,3342573,,Schwannomatosis,,125,,Synodos Schwannomatosis,,Illumina HiSeq 2500,Illumina HiSeqX,PRIVATE,,Agilent SureSelect Human All Exon V5+UTR,,whole exome sequencing,Whole genome sequencing,Homo sapiens,,CTF,,Male,,Synodos,,nerves,,primary tumor,,1,,False,,bulk cell,,,,,,,,,,,,,,,,,,,,,,,,,,,,,,,,,,,,,,,,,,,,,,,,,,,,,,,,,,,,Patient 38,,,,,,,,,,,,,,,,,,,,,,,,,,,,,,,,,,,,Schwannoma,,,,,
012_swn_patient_38_tumor_90_ACC8LEANXX_TGAAGAGA-TCTTTCCC_L004.R2.fastq.gz,012_swn_patient_38_tumor_90_ACC8LEANXX_TGAAGAGA-TCTTTCCC_L004.R2.fastq.gz,raw,,genomicVariants,,fastq,,swn_patient_38,,experimentalData,,swn_patient_38_tumor_90,,syn9727752,,schwannoma,,pairedEnd,PairedEnd,3342573,,Schwannomatosis,,125,,Synodos Schwannomatosis,,Illumina HiSeq 2500,Illumina HiSeqX,PRIVATE,,Agilent SureSelect Human All Exon V5+UTR,,whole exome sequencing,Whole genome sequencing,Homo sapiens,,CTF,,Male,,Synodos,,nerves,,primary tumor,,2,,False,,bulk cell,,,,,,,,,,,,,,,,,,,,,,,,,,,,,,,,,,,,,,,,,,,,,,,,,,,,,,,,,,,,Patient 38,,,,,,,,,,,,,,,,,,,,,,,,,,,,,,,,,,,,Schwannoma,,,,,
013_swn_patient_39_blood_ACC8LEANXX_AGTGGTCA-TCTTTCCC_L008.R1.fastq.gz,013_swn_patient_39_blood_ACC8LEANXX_AGTGGTCA-TCTTTCCC_L008.R1.fastq.gz,raw,,genomicVariants,,fastq,,swn_patient_39,,experimentalData,,swn_patient_39_blood,,syn9727752,,,,pairedEnd,PairedEnd,3342573,,Schwannomatosis,,125,,Synodos Schwannomatosis,,Illumina HiSeq 2500,Illumina HiSeqX,PRIVATE,,Agilent SureSelect Human All Exon V5+UTR,,whole exome sequencing,Whole genome sequencing,Homo sapiens,,CTF,,Male,,Synodos,,blood,,blood,,1,,False,,bulk cell,,,,,,,,,,,,,,,,,,,,,,,,,,,,,,,,,,,,,,,,,,,,,,,,,,,,,,,,,,,,Patient 39,,,,,,,,,,,,,,,,,,,,,,,,,,,,,,,,,,,,,,,,,
013_swn_patient_39_blood_ACC8LEANXX_AGTGGTCA-TCTTTCCC_L008.R2.fastq.gz,013_swn_patient_39_blood_ACC8LEANXX_AGTGGTCA-TCTTTCCC_L008.R2.fastq.gz,raw,,genomicVariants,,fastq,,swn_patient_39,,experimentalData,,swn_patient_39_blood,,syn9727752,,,,pairedEnd,PairedEnd,3342573,,Schwannomatosis,,125,,Synodos Schwannomatosis,,Illumina HiSeq 2500,Illumina HiSeqX,PRIVATE,,Agilent SureSelect Human All Exon V5+UTR,,whole exome sequencing,Whole genome sequencing,Homo sapiens,,CTF,,Male,,Synodos,,blood,,blood,,2,,False,,bulk cell,,,,,,,,,,,,,,,,,,,,,,,,,,,,,,,,,,,,,,,,,,,,,,,,,,,,,,,,,,,,Patient 39,,,,,,,,,,,,,,,,,,,,,,,,,,,,,,,,,,,,,,,,,
013_swn_patient_39_tumor_6_BCCF9HANXX_GGAGAACA-TCTTTCCC_L006.R1.fastq.gz,013_swn_patient_39_tumor_6_BCCF9HANXX_GGAGAACA-TCTTTCCC_L006.R1.fastq.gz,raw,,genomicVariants,,fastq,,swn_patient_39,,experimentalData,,swn_patient_39_tumor_6,,syn9727752,,schwannoma,,pairedEnd,PairedEnd,3342573,,Schwannomatosis,,125,,Synodos Schwannomatosis,,Illumina HiSeq 2500,Illumina HiSeqX,PRIVATE,,Agilent SureSelect Human All Exon V5+UTR,,whole exome sequencing,Whole genome sequencing,Homo sapiens,,CTF,,Male,,Synodos,,nerves,,primary tumor,,1,,False,,bulk cell,,,,,,,,,,,,,,,,,,,,,,,,,,,,,,,,,,,,,,,,,,,,,,,,,,,,,,,,,,,,Patient 39,,,,,,,,,,,,,,,,,,,,,,,,,,,,,,,,,,,,Schwannoma,,,,,
013_swn_patient_39_tumor_6_BCCF9HANXX_GGAGAACA-TCTTTCCC_L006.R2.fastq.gz,013_swn_patient_39_tumor_6_BCCF9HANXX_GGAGAACA-TCTTTCCC_L006.R2.fastq.gz,raw,,genomicVariants,,fastq,,swn_patient_39,,experimentalData,,swn_patient_39_tumor_6,,syn9727752,,schwannoma,,pairedEnd,PairedEnd,3342573,,Schwannomatosis,,125,,Synodos Schwannomatosis,,Illumina HiSeq 2500,Illumina HiSeqX,PRIVATE,,Agilent SureSelect Human All Exon V5+UTR,,whole exome sequencing,Whole genome sequencing,Homo sapiens,,CTF,,Male,,Synodos,,nerves,,primary tumor,,2,,False,,bulk cell,,,,,,,,,,,,,,,,,,,,,,,,,,,,,,,,,,,,,,,,,,,,,,,,,,,,,,,,,,,,Patient 39,,,,,,,,,,,,,,,,,,,,,,,,,,,,,,,,,,,,Schwannoma,,,,,
013_swn_patient_39_tumor_95_ACC8LEANXX_AGATCGCA-TCTTTCCC_L004.R1.fastq.gz,013_swn_patient_39_tumor_95_ACC8LEANXX_AGATCGCA-TCTTTCCC_L004.R1.fastq.gz,raw,,genomicVariants,,fastq,,swn_patient_39,,experimentalData,,swn_patient_39_tumor_95,,syn9727752,,schwannoma,,pairedEnd,PairedEnd,3342573,,Schwannomatosis,,125,,Synodos Schwannomatosis,,Illumina HiSeq 2500,Illumina HiSeqX,PRIVATE,,Agilent SureSelect Human All Exon V5+UTR,,whole exome sequencing,Whole genome sequencing,Homo sapiens,,CTF,,Male,,Synodos,,nerves,,primary tumor,,1,,False,,bulk cell,,,,,,,,,,,,,,,,,,,,,,,,,,,,,,,,,,,,,,,,,,,,,,,,,,,,,,,,,,,,Patient 39,,,,,,,,,,,,,,,,,,,,,,,,,,,,,,,,,,,,Schwannoma,,,,,
013_swn_patient_39_tumor_95_ACC8LEANXX_AGATCGCA-TCTTTCCC_L004.R2.fastq.gz,013_swn_patient_39_tumor_95_ACC8LEANXX_AGATCGCA-TCTTTCCC_L004.R2.fastq.gz,raw,,genomicVariants,,fastq,,swn_patient_39,,experimentalData,,swn_patient_39_tumor_95,,syn9727752,,schwannoma,,pairedEnd,PairedEnd,3342573,,Schwannomatosis,,125,,Synodos Schwannomatosis,,Illumina HiSeq 2500,Illumina HiSeqX,PRIVATE,,Agilent SureSelect Human All Exon V5+UTR,,whole exome sequencing,Whole genome sequencing,Homo sapiens,,CTF,,Male,,Synodos,,nerves,,primary tumor,,2,,False,,bulk cell,,,,,,,,,,,,,,,,,,,,,,,,,,,,,,,,,,,,,,,,,,,,,,,,,,,,,,,,,,,,Patient 39,,,,,,,,,,,,,,,,,,,,,,,,,,,,,,,,,,,,Schwannoma,,,,,
014_swn_patient_54_blood_ACCVHRANXX_TATCAGCA-TCTTTCCC_L008.R1.fastq.gz,014_swn_patient_54_blood_ACCVHRANXX_TATCAGCA-TCTTTCCC_L008.R1.fastq.gz,raw,,genomicVariants,,fastq,,swn_patient_54,,experimentalData,,swn_patient_54_blood,,syn9727752,,schwannoma,,pairedEnd,,3342573,,Schwannomatosis,,125,,Synodos Schwannomatosis,,Illumina HiSeq 2500,,PRIVATE,,Agilent SureSelect Human All Exon V5+UTR,,whole exome sequencing,,Homo sapiens,,CTF,,Male,,Synodos,,blood,,blood,,1,,False,,bulk cell,,,,,,,,,,,,,,,,,,,,,,,,,,,,,,,,,,,,,,,,,,,,,,,,,,,,,,,,,,,,,,,,,,,,,,,,,,,,,,,,,,,,,,,,,,,,,,,,,,,,,
014_swn_patient_54_blood_ACCVHRANXX_TATCAGCA-TCTTTCCC_L008.R2.fastq.gz,014_swn_patient_54_blood_ACCVHRANXX_TATCAGCA-TCTTTCCC_L008.R2.fastq.gz,raw,,genomicVariants,,fastq,,swn_patient_54,,experimentalData,,swn_patient_54_blood,,syn9727752,,schwannoma,,pairedEnd,,3342573,,Schwannomatosis,,125,,Synodos Schwannomatosis,,Illumina HiSeq 2500,,PRIVATE,,Agilent SureSelect Human All Exon V5+UTR,,whole exome sequencing,,Homo sapiens,,CTF,,Male,,Synodos,,blood,,blood,,2,,False,,bulk cell,,,,,,,,,,,,,,,,,,,,,,,,,,,,,,,,,,,,,,,,,,,,,,,,,,,,,,,,,,,,,,,,,,,,,,,,,,,,,,,,,,,,,,,,,,,,,,,,,,,,,
014_swn_patient_54_tumor_135_ACC8LEANXX_CAGATCTG-TCTTTCCC_L006.R1.fastq.gz,014_swn_patient_54_tumor_135_ACC8LEANXX_CAGATCTG-TCTTTCCC_L006.R1.fastq.gz,raw,,genomicVariants,,fastq,,swn_patient_54,,experimentalData,,swn_patient_54_tumor_135,,syn9727752,,,,pairedEnd,,3342573,,Schwannomatosis,,125,,Synodos Schwannomatosis,,Illumina HiSeq 2500,,PRIVATE,,Agilent SureSelect Human All Exon V5+UTR,,whole exome sequencing,,Homo sapiens,,CTF,,Male,,Synodos,,nerves,,primary tumor,,1,,False,,bulk cell,,,,,,,,,,,,,,,,,,,,,,,,,,,,,,,,,,,,,,,,,,,,,,,,,,,,,,,,,,,,,,,,,,,,,,,,,,,,,,,,,,,,,,,,,,,,,,,,,,,,,
014_swn_patient_54_tumor_135_ACC8LEANXX_CAGATCTG-TCTTTCCC_L006.R2.fastq.gz,014_swn_patient_54_tumor_135_ACC8LEANXX_CAGATCTG-TCTTTCCC_L006.R2.fastq.gz,raw,,genomicVariants,,fastq,,swn_patient_54,,experimentalData,,swn_patient_54_tumor_135,,syn9727752,,,,pairedEnd,,3342573,,Schwannomatosis,,125,,Synodos Schwannomatosis,,Illumina HiSeq 2500,,PRIVATE,,Agilent SureSelect Human All Exon V5+UTR,,whole exome sequencing,,Homo sapiens,,CTF,,Male,,Synodos,,nerves,,primary tumor,,2,,False,,bulk cell,,,,,,,,,,,,,,,,,,,,,,,,,,,,,,,,,,,,,,,,,,,,,,,,,,,,,,,,,,,,,,,,,,,,,,,,,,,,,,,,,,,,,,,,,,,,,,,,,,,,,
015_swn_patient_59_blood_ACCVHRANXX_ATAGCGAC-TCTTTCCC_L008.R1.fastq.gz,015_swn_patient_59_blood_ACCVHRANXX_ATAGCGAC-TCTTTCCC_L008.R1.fastq.gz,raw,,genomicVariants,,fastq,,swn_patient_59,,experimentalData,,swn_patient_59_blood,,syn9727752,,schwannoma,,pairedEnd,,3342573,,Schwannomatosis,,125,,Synodos Schwannomatosis,,Illumina HiSeq 2500,,PRIVATE,,Agilent SureSelect Human All Exon V5+UTR,,whole exome sequencing,,Homo sapiens,,CTF,,Male,,Synodos,,blood,,blood,,1,,False,,bulk cell,,,,,,,,,,,,,,,,,,,,,,,,,,,,,,,,,,,,,,,,,,,,,,,,,,,,,,,,,,,,,,,,,,,,,,,,,,,,,,,,,,,,,,,,,,,,,,,,,,,,,
015_swn_patient_59_blood_ACCVHRANXX_ATAGCGAC-TCTTTCCC_L008.R2.fastq.gz,015_swn_patient_59_blood_ACCVHRANXX_ATAGCGAC-TCTTTCCC_L008.R2.fastq.gz,raw,,genomicVariants,,fastq,,swn_patient_59,,experimentalData,,swn_patient_59_blood,,syn9727752,,schwannoma,,pairedEnd,,3342573,,Schwannomatosis,,125,,Synodos Schwannomatosis,,Illumina HiSeq 2500,,PRIVATE,,Agilent SureSelect Human All Exon V5+UTR,,whole exome sequencing,,Homo sapiens,,CTF,,Male,,Synodos,,blood,,blood,,2,,False,,bulk cell,,,,,,,,,,,,,,,,,,,,,,,,,,,,,,,,,,,,,,,,,,,,,,,,,,,,,,,,,,,,,,,,,,,,,,,,,,,,,,,,,,,,,,,,,,,,,,,,,,,,,
015_swn_patient_59_tumor_136_ACC8LEANXX_ATCCTGTA-TCTTTCCC_L006.R1.fastq.gz,015_swn_patient_59_tumor_136_ACC8LEANXX_ATCCTGTA-TCTTTCCC_L006.R1.fastq.gz,raw,,genomicVariants,,fastq,,swn_patient_59,,experimentalData,,swn_patient_59_tumor_136,,syn9727752,,,,pairedEnd,,3342573,,Schwannomatosis,,125,,Synodos Schwannomatosis,,Illumina HiSeq 2500,,PRIVATE,,Agilent SureSelect Human All Exon V5+UTR,,whole exome sequencing,,Homo sapiens,,CTF,,Male,,Synodos,,nerves,,primary tumor,,1,,False,,bulk cell,,,,,,,,,,,,,,,,,,,,,,,,,,,,,,,,,,,,,,,,,,,,,,,,,,,,,,,,,,,,,,,,,,,,,,,,,,,,,,,,,,,,,,,,,,,,,,,,,,,,,
015_swn_patient_59_tumor_136_ACC8LEANXX_ATCCTGTA-TCTTTCCC_L006.R2.fastq.gz,015_swn_patient_59_tumor_136_ACC8LEANXX_ATCCTGTA-TCTTTCCC_L006.R2.fastq.gz,raw,,genomicVariants,,fastq,,swn_patient_59,,experimentalData,,swn_patient_59_tumor_136,,syn9727752,,,,pairedEnd,,3342573,,Schwannomatosis,,125,,Synodos Schwannomatosis,,Illumina HiSeq 2500,,PRIVATE,,Agilent SureSelect Human All Exon V5+UTR,,whole exome sequencing,,Homo sapiens,,CTF,,Male,,Synodos,,nerves,,primary tumor,,2,,False,,bulk cell,,,,,,,,,,,,,,,,,,,,,,,,,,,,,,,,,,,,,,,,,,,,,,,,,,,,,,,,,,,,,,,,,,,,,,,,,,,,,,,,,,,,,,,,,,,,,,,,,,,,,
016_swn_patient_21_blood_ACC8LEANXX_AGCCATGC-TCTTTCCC_L007.R1.fastq.gz,016_swn_patient_21_blood_ACC8LEANXX_AGCCATGC-TCTTTCCC_L007.R1.fastq.gz,raw,,genomicVariants,,fastq,,swn_patient_21,,experimentalData,,swn_patient_21_blood,,syn9727752,,,,pairedEnd,,3342573,,Schwannomatosis,,125,,Synodos Schwannomatosis,,Illumina HiSeq 2500,,PRIVATE,,Agilent SureSelect Human All Exon V5+UTR,,whole exome sequencing,,Homo sapiens,,CTF,,Male,,Synodos,,blood,,blood,,1,,False,,bulk cell,,,,,,,,,,,,,,,,,,,,,,,,,,,,,,,,,,,,,,,,,,,,,,,,,,,,,,,,,,,,,,,,,,,,,,,,,,,,,,,,,,,,,,,,,,,,,,,,,,,,,
016_swn_patient_21_blood_ACC8LEANXX_AGCCATGC-TCTTTCCC_L007.R2.fastq.gz,016_swn_patient_21_blood_ACC8LEANXX_AGCCATGC-TCTTTCCC_L007.R2.fastq.gz,raw,,genomicVariants,,fastq,,swn_patient_21,,experimentalData,,swn_patient_21_blood,,syn9727752,,,,pairedEnd,,3342573,,Schwannomatosis,,125,,Synodos Schwannomatosis,,Illumina HiSeq 2500,,PRIVATE,,Agilent SureSelect Human All Exon V5+UTR,,whole exome sequencing,,Homo sapiens,,CTF,,Male,,Synodos,,blood,,blood,,2,,False,,bulk cell,,,,,,,,,,,,,,,,,,,,,,,,,,,,,,,,,,,,,,,,,,,,,,,,,,,,,,,,,,,,,,,,,,,,,,,,,,,,,,,,,,,,,,,,,,,,,,,,,,,,,
016_swn_patient_21_tumor_53_ACC8LEANXX_GCGAGTAA-TCTTTCCC_L004.R1.fastq.gz,016_swn_patient_21_tumor_53_ACC8LEANXX_GCGAGTAA-TCTTTCCC_L004.R1.fastq.gz,raw,,genomicVariants,,fastq,,swn_patient_21,,experimentalData,,swn_patient_21_tumor_53,,syn9727752,,schwannoma,,pairedEnd,,3342573,,Schwannomatosis,,125,,Synodos Schwannomatosis,,Illumina HiSeq 2500,,PRIVATE,,Agilent SureSelect Human All Exon V5+UTR,,whole exome sequencing,,Homo sapiens,,CTF,,Male,,Synodos,,nerves,,primary tumor,,1,,False,,bulk cell,,,,,,,,,,,,,,,,,,,,,,,,,,,,,,,,,,,,,,,,,,,,,,,,,,,,,,,,,,,,,,,,,,,,,,,,,,,,,,,,,,,,,,,,,,,,,,,,,,,,,
016_swn_patient_21_tumor_53_ACC8LEANXX_GCGAGTAA-TCTTTCCC_L004.R2.fastq.gz,016_swn_patient_21_tumor_53_ACC8LEANXX_GCGAGTAA-TCTTTCCC_L004.R2.fastq.gz,raw,,genomicVariants,,fastq,,swn_patient_21,,experimentalData,,swn_patient_21_tumor_53,,syn9727752,,schwannoma,,pairedEnd,,3342573,,Schwannomatosis,,125,,Synodos Schwannomatosis,,Illumina HiSeq 2500,,PRIVATE,,Agilent SureSelect Human All Exon V5+UTR,,whole exome sequencing,,Homo sapiens,,CTF,,Male,,Synodos,,nerves,,primary tumor,,2,,False,,bulk cell,,,,,,,,,,,,,,,,,,,,,,,,,,,,,,,,,,,,,,,,,,,,,,,,,,,,,,,,,,,,,,,,,,,,,,,,,,,,,,,,,,,,,,,,,,,,,,,,,,,,,
017_swn_patient_28_blood_ACC8LEANXX_ATTGAGGA-TCTTTCCC_L008.R1.fastq.gz,017_swn_patient_28_blood_ACC8LEANXX_ATTGAGGA-TCTTTCCC_L008.R1.fastq.gz,raw,,genomicVariants,,fastq,,swn_patient_28,,experimentalData,,swn_patient_28_blood,,syn9727752,,,,pairedEnd,,3342573,,Schwannomatosis,,125,,Synodos Schwannomatosis,,Illumina HiSeq 2500,,PRIVATE,,Agilent SureSelect Human All Exon V5+UTR,,whole exome sequencing,,Homo sapiens,,CTF,,Female,,Synodos,,blood,,blood,,1,,False,,bulk cell,,,,,,,,,,,,,,,,,,,,,,,,,,,,,,,,,,,,,,,,,,,,,,,,,,,,,,,,,,,,,,,,,,,,,,,,,,,,,,,,,,,,,,,,,,,,,,,,,,,,,
017_swn_patient_28_blood_ACC8LEANXX_ATTGAGGA-TCTTTCCC_L008.R2.fastq.gz,017_swn_patient_28_blood_ACC8LEANXX_ATTGAGGA-TCTTTCCC_L008.R2.fastq.gz,raw,,genomicVariants,,fastq,,swn_patient_28,,experimentalData,,swn_patient_28_blood,,syn9727752,,,,pairedEnd,,3342573,,Schwannomatosis,,125,,Synodos Schwannomatosis,,Illumina HiSeq 2500,,PRIVATE,,Agilent SureSelect Human All Exon V5+UTR,,whole exome sequencing,,Homo sapiens,,CTF,,Female,,Synodos,,blood,,blood,,2,,False,,bulk cell,,,,,,,,,,,,,,,,,,,,,,,,,,,,,,,,,,,,,,,,,,,,,,,,,,,,,,,,,,,,,,,,,,,,,,,,,,,,,,,,,,,,,,,,,,,,,,,,,,,,,
018_swn_patient_36_blood_ACC8LEANXX_CAGCGTTA-TCTTTCCC_L008.R1.fastq.gz,018_swn_patient_36_blood_ACC8LEANXX_CAGCGTTA-TCTTTCCC_L008.R1.fastq.gz,raw,,genomicVariants,,fastq,,swn_patient_36,,experimentalData,,swn_patient_36_blood,,syn9727752,,,,pairedEnd,,3342573,,Schwannomatosis,,125,,Synodos Schwannomatosis,,Illumina HiSeq 2500,,PRIVATE,,Agilent SureSelect Human All Exon V5+UTR,,whole exome sequencing,,Homo sapiens,,CTF,,Male,,Synodos,,blood,,blood,,1,,False,,bulk cell,,,,,,,,,,,,,,,,,,,,,,,,,,,,,,,,,,,,,,,,,,,,,,,,,,,,,,,,,,,,,,,,,,,,,,,,,,,,,,,,,,,,,,,,,,,,,,,,,,,,,
018_swn_patient_36_blood_ACC8LEANXX_CAGCGTTA-TCTTTCCC_L008.R2.fastq.gz,018_swn_patient_36_blood_ACC8LEANXX_CAGCGTTA-TCTTTCCC_L008.R2.fastq.gz,raw,,genomicVariants,,fastq,,swn_patient_36,,experimentalData,,swn_patient_36_blood,,syn9727752,,,,pairedEnd,,3342573,,Schwannomatosis,,125,,Synodos Schwannomatosis,,Illumina HiSeq 2500,,PRIVATE,,Agilent SureSelect Human All Exon V5+UTR,,whole exome sequencing,,Homo sapiens,,CTF,,Male,,Synodos,,blood,,blood,,2,,False,,bulk cell,,,,,,,,,,,,,,,,,,,,,,,,,,,,,,,,,,,,,,,,,,,,,,,,,,,,,,,,,,,,,,,,,,,,,,,,,,,,,,,,,,,,,,,,,,,,,,,,,,,,,
019_swn_patient_40_blood_ACC8LEANXX_ACAGCAGA-TCTTTCCC_L008.R1.fastq.gz,019_swn_patient_40_blood_ACC8LEANXX_ACAGCAGA-TCTTTCCC_L008.R1.fastq.gz,raw,,genomicVariants,,fastq,,swn_patient_40,,experimentalData,,swn_patient_40_blood,,syn9727752,,,,pairedEnd,,3342573,,Schwannomatosis,,125,,Synodos Schwannomatosis,,Illumina HiSeq 2500,,PRIVATE,,Agilent SureSelect Human All Exon V5+UTR,,whole exome sequencing,,Homo sapiens,,CTF,,Male,,Synodos,,blood,,blood,,1,,False,,bulk cell,,,,,,,,,,,,,,,,,,,,,,,,,,,,,,,,,,,,,,,,,,,,,,,,,,,,,,,,,,,,,,,,,,,,,,,,,,,,,,,,,,,,,,,,,,,,,,,,,,,,,
019_swn_patient_40_blood_ACC8LEANXX_ACAGCAGA-TCTTTCCC_L008.R2.fastq.gz,019_swn_patient_40_blood_ACC8LEANXX_ACAGCAGA-TCTTTCCC_L008.R2.fastq.gz,raw,,genomicVariants,,fastq,,swn_patient_40,,experimentalData,,swn_patient_40_blood,,syn9727752,,,,pairedEnd,,3342573,,Schwannomatosis,,125,,Synodos Schwannomatosis,,Illumina HiSeq 2500,,PRIVATE,,Agilent SureSelect Human All Exon V5+UTR,,whole exome sequencing,,Homo sapiens,,CTF,,Male,,Synodos,,blood,,blood,,2,,False,,bulk cell,,,,,,,,,,,,,,,,,,,,,,,,,,,,,,,,,,,,,,,,,,,,,,,,,,,,,,,,,,,,,,,,,,,,,,,,,,,,,,,,,,,,,,,,,,,,,,,,,,,,,
021_swn_patient_33_blood_ACC8LEANXX_CCGACAAC-TCTTTCCC_L008.R1.fastq.gz,021_swn_patient_33_blood_ACC8LEANXX_CCGACAAC-TCTTTCCC_L008.R1.fastq.gz,raw,,genomicVariants,,fastq,,swn_patient_33,,experimentalData,,swn_patient_33_blood,,syn9727752,,,,pairedEnd,,3342573,,Schwannomatosis,,125,,Synodos Schwannomatosis,,Illumina HiSeq 2500,,PRIVATE,,Agilent SureSelect Human All Exon V5+UTR,,whole exome sequencing,,Homo sapiens,,CTF,,Male,,Synodos,,blood,,blood,,1,,False,,bulk cell,,,,,,,,,,,,,,,,,,,,,,,,,,,,,,,,,,,,,,,,,,,,,,,,,,,,,,,,,,,,,,,,,,,,,,,,,,,,,,,,,,,,,,,,,,,,,,,,,,,,,
021_swn_patient_33_blood_ACC8LEANXX_CCGACAAC-TCTTTCCC_L008.R2.fastq.gz,021_swn_patient_33_blood_ACC8LEANXX_CCGACAAC-TCTTTCCC_L008.R2.fastq.gz,raw,,genomicVariants,,fastq,,swn_patient_33,,experimentalData,,swn_patient_33_blood,,syn9727752,,,,pairedEnd,,3342573,,Schwannomatosis,,125,,Synodos Schwannomatosis,,Illumina HiSeq 2500,,PRIVATE,,Agilent SureSelect Human All Exon V5+UTR,,whole exome sequencing,,Homo sapiens,,CTF,,Male,,Synodos,,blood,,blood,,2,,False,,bulk cell,,,,,,,,,,,,,,,,,,,,,,,,,,,,,,,,,,,,,,,,,,,,,,,,,,,,,,,,,,,,,,,,,,,,,,,,,,,,,,,,,,,,,,,,,,,,,,,,,,,,,
021_swn_patient_33_tumor_94_ACC8LEANXX_ACTATGCA-TCTTTCCC_L005.R1.fastq.gz,021_swn_patient_33_tumor_94_ACC8LEANXX_ACTATGCA-TCTTTCCC_L005.R1.fastq.gz,raw,,genomicVariants,,fastq,,swn_patient_33,,experimentalData,,swn_patient_33_tumor_94,,syn9727752,,schwannoma,,pairedEnd,,3342573,,Schwannomatosis,,125,,Synodos Schwannomatosis,,Illumina HiSeq 2500,,PRIVATE,,Agilent SureSelect Human All Exon V5+UTR,,whole exome sequencing,,Homo sapiens,,CTF,,Male,,Synodos,,nerves,,primary tumor,,1,,False,,bulk cell,,,,,,,,,,,,,,,,,,,,,,,,,,,,,,,,,,,,,,,,,,,,,,,,,,,,,,,,,,,,,,,,,,,,,,,,,,,,,,,,,,,,,,,,,,,,,,,,,,,,,
021_swn_patient_33_tumor_94_ACC8LEANXX_ACTATGCA-TCTTTCCC_L005.R2.fastq.gz,021_swn_patient_33_tumor_94_ACC8LEANXX_ACTATGCA-TCTTTCCC_L005.R2.fastq.gz,raw,,genomicVariants,,fastq,,swn_patient_33,,experimentalData,,swn_patient_33_tumor_94,,syn9727752,,schwannoma,,pairedEnd,,3342573,,Schwannomatosis,,125,,Synodos Schwannomatosis,,Illumina HiSeq 2500,,PRIVATE,,Agilent SureSelect Human All Exon V5+UTR,,whole exome sequencing,,Homo sapiens,,CTF,,Male,,Synodos,,nerves,,primary tumor,,2,,False,,bulk cell,,,,,,,,,,,,,,,,,,,,,,,,,,,,,,,,,,,,,,,,,,,,,,,,,,,,,,,,,,,,,,,,,,,,,,,,,,,,,,,,,,,,,,,,,,,,,,,,,,,,,
022_swn_patient_47_blood_ACCTBUANXX_CATACCAA-TCTTTCCC_L008.R1.fastq.gz,022_swn_patient_47_blood_ACCTBUANXX_CATACCAA-TCTTTCCC_L008.R1.fastq.gz,raw,,genomicVariants,,fastq,,swn_patient_47,,experimentalData,,swn_patient_47_blood,,syn9727752,,,,pairedEnd,,3342573,,Schwannomatosis,,125,,Synodos Schwannomatosis,,Illumina HiSeq 2500,,PRIVATE,,Agilent SureSelect Human All Exon V5+UTR,,whole exome sequencing,,Homo sapiens,,CTF,,Female,,Synodos,,blood,,blood,,1,,False,,bulk cell,,,,,,,,,,,,,,,,,,,,,,,,,,,,,,,,,,,,,,,,,,,,,,,,,,,,,,,,,,,,,,,,,,,,,,,,,,,,,,,,,,,,,,,,,,,,,,,,,,,,,
022_swn_patient_47_blood_ACCTBUANXX_CATACCAA-TCTTTCCC_L008.R2.fastq.gz,022_swn_patient_47_blood_ACCTBUANXX_CATACCAA-TCTTTCCC_L008.R2.fastq.gz,raw,,genomicVariants,,fastq,,swn_patient_47,,experimentalData,,swn_patient_47_blood,,syn9727752,,,,pairedEnd,,3342573,,Schwannomatosis,,125,,Synodos Schwannomatosis,,Illumina HiSeq 2500,,PRIVATE,,Agilent SureSelect Human All Exon V5+UTR,,whole exome sequencing,,Homo sapiens,,CTF,,Female,,Synodos,,blood,,blood,,2,,False,,bulk cell,,,,,,,,,,,,,,,,,,,,,,,,,,,,,,,,,,,,,,,,,,,,,,,,,,,,,,,,,,,,,,,,,,,,,,,,,,,,,,,,,,,,,,,,,,,,,,,,,,,,,
022_swn_patient_47_tumor_7_BCCF9HANXX_AGTCACTA-TCTTTCCC_L005.R1.fastq.gz,022_swn_patient_47_tumor_7_BCCF9HANXX_AGTCACTA-TCTTTCCC_L005.R1.fastq.gz,raw,,genomicVariants,,fastq,,swn_patient_47,,experimentalData,,swn_patient_47_tumor_7,,syn9727752,,schwannoma,,pairedEnd,,3342573,,Schwannomatosis,,125,,Synodos Schwannomatosis,,Illumina HiSeq 2500,,PRIVATE,,Agilent SureSelect Human All Exon V5+UTR,,whole exome sequencing,,Homo sapiens,,CTF,,Female,,Synodos,,nerves,,primary tumor,,1,,False,,bulk cell,,,,,,,,,,,,,,,,,,,,,,,,,,,,,,,,,,,,,,,,,,,,,,,,,,,,,,,,,,,,,,,,,,,,,,,,,,,,,,,,,,,,,,,,,,,,,,,,,,,,,
022_swn_patient_47_tumor_7_BCCF9HANXX_AGTCACTA-TCTTTCCC_L005.R2.fastq.gz,022_swn_patient_47_tumor_7_BCCF9HANXX_AGTCACTA-TCTTTCCC_L005.R2.fastq.gz,raw,,genomicVariants,,fastq,,swn_patient_47,,experimentalData,,swn_patient_47_tumor_7,,syn9727752,,schwannoma,,pairedEnd,,3342573,,Schwannomatosis,,125,,Synodos Schwannomatosis,,Illumina HiSeq 2500,,PRIVATE,,Agilent SureSelect Human All Exon V5+UTR,,whole exome sequencing,,Homo sapiens,,CTF,,Female,,Synodos,,nerves,,primary tumor,,2,,False,,bulk cell,,,,,,,,,,,,,,,,,,,,,,,,,,,,,,,,,,,,,,,,,,,,,,,,,,,,,,,,,,,,,,,,,,,,,,,,,,,,,,,,,,,,,,,,,,,,,,,,,,,,,
023_swn_patient_64_blood_ACCVHRANXX_CTCAATGA-TCTTTCCC_L008.R1.fastq.gz,023_swn_patient_64_blood_ACCVHRANXX_CTCAATGA-TCTTTCCC_L008.R1.fastq.gz,raw,,genomicVariants,,fastq,,swn_patient_64,,experimentalData,,swn_patient_64_blood,,syn9727752,,schwannoma,,pairedEnd,,3342573,,,,125,,Synodos Schwannomatosis,,Illumina HiSeq 2500,,PRIVATE,,Agilent SureSelect Human All Exon V5+UTR,,whole exome sequencing,,Homo sapiens,,CTF,,,,Synodos,,blood,,blood,,1,,False,,bulk cell,,,,,,,,,,,,,,,,,,,,,,,,,,,,,,,,,,,,,,,,,,,,,,,,,,,,,,,,,,,,,,,,,,,,,,,,,,,,,,,,,,,,,,,,,,,,,,,,,,,,,
023_swn_patient_64_blood_ACCVHRANXX_CTCAATGA-TCTTTCCC_L008.R2.fastq.gz,023_swn_patient_64_blood_ACCVHRANXX_CTCAATGA-TCTTTCCC_L008.R2.fastq.gz,raw,,genomicVariants,,fastq,,swn_patient_64,,experimentalData,,swn_patient_64_blood,,syn9727752,,schwannoma,,pairedEnd,,3342573,,,,125,,Synodos Schwannomatosis,,Illumina HiSeq 2500,,PRIVATE,,Agilent SureSelect Human All Exon V5+UTR,,whole exome sequencing,,Homo sapiens,,CTF,,,,Synodos,,blood,,blood,,2,,False,,bulk cell,,,,,,,,,,,,,,,,,,,,,,,,,,,,,,,,,,,,,,,,,,,,,,,,,,,,,,,,,,,,,,,,,,,,,,,,,,,,,,,,,,,,,,,,,,,,,,,,,,,,,
023_swn_patient_64_tumor_121_BCCF9HANXX_GCTCGGTA-TCTTTCCC_L005.R1.fastq.gz,023_swn_patient_64_tumor_121_BCCF9HANXX_GCTCGGTA-TCTTTCCC_L005.R1.fastq.gz,raw,,genomicVariants,,fastq,,swn_patient_64,,experimentalData,,swn_patient_64_tumor_121,,syn9727752,,,,pairedEnd,,3342573,,Schwannomatosis,,125,,Synodos Schwannomatosis,,Illumina HiSeq 2500,,PRIVATE,,Agilent SureSelect Human All Exon V5+UTR,,whole exome sequencing,,Homo sapiens,,CTF,,Male,,Synodos,,nerves,,primary tumor,,1,,False,,bulk cell,,,,,,,,,,,,,,,,,,,,,,,,,,,,,,,,,,,,,,,,,,,,,,,,,,,,,,,,,,,,,,,,,,,,,,,,,,,,,,,,,,,,,,,,,,,,,,,,,,,,,
023_swn_patient_64_tumor_121_BCCF9HANXX_GCTCGGTA-TCTTTCCC_L005.R2.fastq.gz,023_swn_patient_64_tumor_121_BCCF9HANXX_GCTCGGTA-TCTTTCCC_L005.R2.fastq.gz,raw,,genomicVariants,,fastq,,swn_patient_64,,experimentalData,,swn_patient_64_tumor_121,,syn9727752,,,,pairedEnd,,3342573,,Schwannomatosis,,125,,Synodos Schwannomatosis,,Illumina HiSeq 2500,,PRIVATE,,Agilent SureSelect Human All Exon V5+UTR,,whole exome sequencing,,Homo sapiens,,CTF,,Male,,Synodos,,nerves,,primary tumor,,2,,False,,bulk cell,,,,,,,,,,,,,,,,,,,,,,,,,,,,,,,,,,,,,,,,,,,,,,,,,,,,,,,,,,,,,,,,,,,,,,,,,,,,,,,,,,,,,,,,,,,,,,,,,,,,,
023_swn_patient_64_tumor_125_BCCF9HANXX_ACACGACC-TCTTTCCC_L005.R1.fastq.gz,023_swn_patient_64_tumor_125_BCCF9HANXX_ACACGACC-TCTTTCCC_L005.R1.fastq.gz,raw,,genomicVariants,,fastq,,swn_patient_64,,experimentalData,,swn_patient_64_tumor_125,,syn9727752,,,,pairedEnd,,3342573,,Schwannomatosis,,125,,Synodos Schwannomatosis,,Illumina HiSeq 2500,,PRIVATE,,Agilent SureSelect Human All Exon V5+UTR,,whole exome sequencing,,Homo sapiens,,CTF,,Male,,Synodos,,nerves,,primary tumor,,1,,False,,bulk cell,,,,,,,,,,,,,,,,,,,,,,,,,,,,,,,,,,,,,,,,,,,,,,,,,,,,,,,,,,,,,,,,,,,,,,,,,,,,,,,,,,,,,,,,,,,,,,,,,,,,,
023_swn_patient_64_tumor_125_BCCF9HANXX_ACACGACC-TCTTTCCC_L005.R2.fastq.gz,023_swn_patient_64_tumor_125_BCCF9HANXX_ACACGACC-TCTTTCCC_L005.R2.fastq.gz,raw,,genomicVariants,,fastq,,swn_patient_64,,experimentalData,,swn_patient_64_tumor_125,,syn9727752,,,,pairedEnd,,3342573,,Schwannomatosis,,125,,Synodos Schwannomatosis,,Illumina HiSeq 2500,,PRIVATE,,Agilent SureSelect Human All Exon V5+UTR,,whole exome sequencing,,Homo sapiens,,CTF,,Male,,Synodos,,nerves,,primary tumor,,2,,False,,bulk cell,,,,,,,,,,,,,,,,,,,,,,,,,,,,,,,,,,,,,,,,,,,,,,,,,,,,,,,,,,,,,,,,,,,,,,,,,,,,,,,,,,,,,,,,,,,,,,,,,,,,,
024_swn_patient_63_blood_ACCVHRANXX_ACGCTCGA-TCTTTCCC_L008.R1.fastq.gz,024_swn_patient_63_blood_ACCVHRANXX_ACGCTCGA-TCTTTCCC_L008.R1.fastq.gz,raw,,genomicVariants,,fastq,,swn_patient_63,,experimentalData,,swn_patient_63_blood,,syn9727752,,schwannoma,,pairedEnd,,3342573,,Schwannomatosis,,125,,Synodos Schwannomatosis,,Illumina HiSeq 2500,,PRIVATE,,Agilent SureSelect Human All Exon V5+UTR,,whole exome sequencing,,Homo sapiens,,CTF,,Male,,Synodos,,blood,,blood,,1,,False,,bulk cell,,,,,,,,,,,,,,,,,,,,,,,,,,,,,,,,,,,,,,,,,,,,,,,,,,,,,,,,,,,,,,,,,,,,,,,,,,,,,,,,,,,,,,,,,,,,,,,,,,,,,
024_swn_patient_63_blood_ACCVHRANXX_ACGCTCGA-TCTTTCCC_L008.R2.fastq.gz,024_swn_patient_63_blood_ACCVHRANXX_ACGCTCGA-TCTTTCCC_L008.R2.fastq.gz,raw,,genomicVariants,,fastq,,swn_patient_63,,experimentalData,,swn_patient_63_blood,,syn9727752,,schwannoma,,pairedEnd,,3342573,,Schwannomatosis,,125,,Synodos Schwannomatosis,,Illumina HiSeq 2500,,PRIVATE,,Agilent SureSelect Human All Exon V5+UTR,,whole exome sequencing,,Homo sapiens,,CTF,,Male,,Synodos,,blood,,blood,,2,,False,,bulk cell,,,,,,,,,,,,,,,,,,,,,,,,,,,,,,,,,,,,,,,,,,,,,,,,,,,,,,,,,,,,,,,,,,,,,,,,,,,,,,,,,,,,,,,,,,,,,,,,,,,,,
024_swn_patient_63_tumor_123_ACC8LEANXX_CTGTAGCC-TCTTTCCC_L006.R1.fastq.gz,024_swn_patient_63_tumor_123_ACC8LEANXX_CTGTAGCC-TCTTTCCC_L006.R1.fastq.gz,raw,,genomicVariants,,fastq,,swn_patient_63,,experimentalData,,swn_patient_63_tumor_123,,syn9727752,,,,pairedEnd,,3342573,,Schwannomatosis,,125,,Synodos Schwannomatosis,,Illumina HiSeq 2500,,PRIVATE,,Agilent SureSelect Human All Exon V5+UTR,,whole exome sequencing,,Homo sapiens,,CTF,,Male,,Synodos,,nerves,,primary tumor,,1,,False,,bulk cell,,,,,,,,,,,,,,,,,,,,,,,,,,,,,,,,,,,,,,,,,,,,,,,,,,,,,,,,,,,,,,,,,,,,,,,,,,,,,,,,,,,,,,,,,,,,,,,,,,,,,
024_swn_patient_63_tumor_123_ACC8LEANXX_CTGTAGCC-TCTTTCCC_L006.R2.fastq.gz,024_swn_patient_63_tumor_123_ACC8LEANXX_CTGTAGCC-TCTTTCCC_L006.R2.fastq.gz,raw,,genomicVariants,,fastq,,swn_patient_63,,experimentalData,,swn_patient_63_tumor_123,,syn9727752,,,,pairedEnd,,3342573,,Schwannomatosis,,125,,Synodos Schwannomatosis,,Illumina HiSeq 2500,,PRIVATE,,Agilent SureSelect Human All Exon V5+UTR,,whole exome sequencing,,Homo sapiens,,CTF,,Male,,Synodos,,nerves,,primary tumor,,2,,False,,bulk cell,,,,,,,,,,,,,,,,,,,,,,,,,,,,,,,,,,,,,,,,,,,,,,,,,,,,,,,,,,,,,,,,,,,,,,,,,,,,,,,,,,,,,,,,,,,,,,,,,,,,,
025_swn_patient_51_tumor_1_BCD0UFANXX_AACTCACC_L001.R1.fastq.gz,025_swn_patient_51_tumor_1_BCD0UFANXX_AACTCACC_L001.R1.fastq.gz,raw,,genomicVariants,,fastq,,swn_patient_51,,experimentalData,,swn_patient_51_tumor_1,,syn9727752,,schwannoma,,pairedEnd,,3342573,,Schwannomatosis,,125,,Synodos Schwannomatosis,,Illumina HiSeq 2500,,PRIVATE,,Agilent SureSelect Human All Exon V5+UTR,,whole exome sequencing,,Homo sapiens,,CTF,,Female,,Synodos,,nerves,,primary tumor,,1,,False,,bulk cell,,,,,,,,,,,,,,,,,,,,,,,,,,,,,,,,,,,,,,,,,,,,,,,,,,,,,,,,,,,,,,,,,,,,,,,,,,,,,,,,,,,,,,,,,,,,,,,,,,,,,
025_swn_patient_51_tumor_1_BCD0UFANXX_AACTCACC_L001.R2.fastq.gz,025_swn_patient_51_tumor_1_BCD0UFANXX_AACTCACC_L001.R2.fastq.gz,raw,,genomicVariants,,fastq,,swn_patient_51,,experimentalData,,swn_patient_51_tumor_1,,syn9727752,,schwannoma,,pairedEnd,,3342573,,Schwannomatosis,,125,,Synodos Schwannomatosis,,Illumina HiSeq 2500,,PRIVATE,,Agilent SureSelect Human All Exon V5+UTR,,whole exome sequencing,,Homo sapiens,,CTF,,Female,,Synodos,,nerves,,primary tumor,,2,,False,,bulk cell,,,,,,,,,,,,,,,,,,,,,,,,,,,,,,,,,,,,,,,,,,,,,,,,,,,,,,,,,,,,,,,,,,,,,,,,,,,,,,,,,,,,,,,,,,,,,,,,,,,,,
025_swn_patient_51_tumor_2_BCD0UFANXX_GCTAACGA_L001.R1.fastq.gz,025_swn_patient_51_tumor_2_BCD0UFANXX_GCTAACGA_L001.R1.fastq.gz,raw,,genomicVariants,,fastq,,swn_patient_51,,experimentalData,,swn_patient_51_tumor_2,,syn9727752,,schwannoma,,pairedEnd,,3342573,,Schwannomatosis,,125,,Synodos Schwannomatosis,,Illumina HiSeq 2500,,PRIVATE,,Agilent SureSelect Human All Exon V5+UTR,,whole exome sequencing,,Homo sapiens,,CTF,,Female,,Synodos,,nerves,,primary tumor,,1,,False,,bulk cell,,,,,,,,,,,,,,,,,,,,,,,,,,,,,,,,,,,,,,,,,,,,,,,,,,,,,,,,,,,,,,,,,,,,,,,,,,,,,,,,,,,,,,,,,,,,,,,,,,,,,
025_swn_patient_51_tumor_2_BCD0UFANXX_GCTAACGA_L001.R2.fastq.gz,025_swn_patient_51_tumor_2_BCD0UFANXX_GCTAACGA_L001.R2.fastq.gz,raw,,genomicVariants,,fastq,,swn_patient_51,,experimentalData,,swn_patient_51_tumor_2,,syn9727752,,schwannoma,,pairedEnd,,3342573,,Schwannomatosis,,125,,Synodos Schwannomatosis,,Illumina HiSeq 2500,,PRIVATE,,Agilent SureSelect Human All Exon V5+UTR,,whole exome sequencing,,Homo sapiens,,CTF,,Female,,Synodos,,nerves,,primary tumor,,2,,False,,bulk cell,,,,,,,,,,,,,,,,,,,,,,,,,,,,,,,,,,,,,,,,,,,,,,,,,,,,,,,,,,,,,,,,,,,,,,,,,,,,,,,,,,,,,,,,,,,,,,,,,,,,,
025_swn_patient_51_tumor_3_BCD0UFANXX_CAGATCTG_L001.R1.fastq.gz,025_swn_patient_51_tumor_3_BCD0UFANXX_CAGATCTG_L001.R1.fastq.gz,raw,,genomicVariants,,fastq,,swn_patient_51,,experimentalData,,swn_patient_51_tumor_3,,syn9727752,,schwannoma,,pairedEnd,,3342573,,Schwannomatosis,,125,,Synodos Schwannomatosis,,Illumina HiSeq 2500,,PRIVATE,,Agilent SureSelect Human All Exon V5+UTR,,whole exome sequencing,,Homo sapiens,,CTF,,Female,,Synodos,,nerves,,primary tumor,,1,,False,,bulk cell,,,,,,,,,,,,,,,,,,,,,,,,,,,,,,,,,,,,,,,,,,,,,,,,,,,,,,,,,,,,,,,,,,,,,,,,,,,,,,,,,,,,,,,,,,,,,,,,,,,,,
025_swn_patient_51_tumor_3_BCD0UFANXX_CAGATCTG_L001.R2.fastq.gz,025_swn_patient_51_tumor_3_BCD0UFANXX_CAGATCTG_L001.R2.fastq.gz,raw,,genomicVariants,,fastq,,swn_patient_51,,experimentalData,,swn_patient_51_tumor_3,,syn9727752,,schwannoma,,pairedEnd,,3342573,,Schwannomatosis,,125,,Synodos Schwannomatosis,,Illumina HiSeq 2500,,PRIVATE,,Agilent SureSelect Human All Exon V5+UTR,,whole exome sequencing,,Homo sapiens,,CTF,,Female,,Synodos,,nerves,,primary tumor,,2,,False,,bulk cell,,,,,,,,,,,,,,,,,,,,,,,,,,,,,,,,,,,,,,,,,,,,,,,,,,,,,,,,,,,,,,,,,,,,,,,,,,,,,,,,,,,,,,,,,,,,,,,,,,,,,
025_swn_patient_51_tumor_4_BCD0UFANXX_ATCCTGTA_L002.R1.fastq.gz,025_swn_patient_51_tumor_4_BCD0UFANXX_ATCCTGTA_L002.R1.fastq.gz,raw,,genomicVariants,,fastq,,swn_patient_51,,experimentalData,,swn_patient_51_tumor_4,,syn9727752,,schwannoma,,pairedEnd,,3342573,,Schwannomatosis,,125,,Synodos Schwannomatosis,,Illumina HiSeq 2500,,PRIVATE,,Agilent SureSelect Human All Exon V5+UTR,,whole exome sequencing,,Homo sapiens,,CTF,,Female,,Synodos,,nerves,,primary tumor,,1,,False,,bulk cell,,,,,,,,,,,,,,,,,,,,,,,,,,,,,,,,,,,,,,,,,,,,,,,,,,,,,,,,,,,,,,,,,,,,,,,,,,,,,,,,,,,,,,,,,,,,,,,,,,,,,
025_swn_patient_51_tumor_4_BCD0UFANXX_ATCCTGTA_L002.R2.fastq.gz,025_swn_patient_51_tumor_4_BCD0UFANXX_ATCCTGTA_L002.R2.fastq.gz,raw,,genomicVariants,,fastq,,swn_patient_51,,experimentalData,,swn_patient_51_tumor_4,,syn9727752,,schwannoma,,pairedEnd,,3342573,,Schwannomatosis,,125,,Synodos Schwannomatosis,,Illumina HiSeq 2500,,PRIVATE,,Agilent SureSelect Human All Exon V5+UTR,,whole exome sequencing,,Homo sapiens,,CTF,,Female,,Synodos,,nerves,,primary tumor,,2,,False,,bulk cell,,,,,,,,,,,,,,,,,,,,,,,,,,,,,,,,,,,,,,,,,,,,,,,,,,,,,,,,,,,,,,,,,,,,,,,,,,,,,,,,,,,,,,,,,,,,,,,,,,,,,
026_swn_patient_7_blood_BCD0UFANXX_ATTGAGGA-TCTTTCCC_L008.R1.fastq.gz,026_swn_patient_7_blood_BCD0UFANXX_ATTGAGGA-TCTTTCCC_L008.R1.fastq.gz,raw,,genomicVariants,,fastq,,swn_patient_7,,experimentalData,,swn_patient_7_blood,,syn9727752,,,,pairedEnd,,3342573,,Schwannomatosis,,125,,Synodos Schwannomatosis,,Illumina HiSeq 2500,,PRIVATE,,Agilent SureSelect Human All Exon V5+UTR,,whole exome sequencing,,Homo sapiens,,CTF,,Male,,Synodos,,blood,,blood,,1,,False,,bulk cell,,,,,,,,,,,,,,,,,,,,,,,,,,,,,,,,,,,,,,,,,,,,,,,,,,,,,,,,,,,,,,,,,,,,,,,,,,,,,,,,,,,,,,,,,,,,,,,,,,,,,
026_swn_patient_7_blood_BCD0UFANXX_ATTGAGGA-TCTTTCCC_L008.R2.fastq.gz,026_swn_patient_7_blood_BCD0UFANXX_ATTGAGGA-TCTTTCCC_L008.R2.fastq.gz,raw,,genomicVariants,,fastq,,swn_patient_7,,experimentalData,,swn_patient_7_blood,,syn9727752,,,,pairedEnd,,3342573,,Schwannomatosis,,125,,Synodos Schwannomatosis,,Illumina HiSeq 2500,,PRIVATE,,Agilent SureSelect Human All Exon V5+UTR,,whole exome sequencing,,Homo sapiens,,CTF,,Male,,Synodos,,blood,,blood,,2,,False,,bulk cell,,,,,,,,,,,,,,,,,,,,,,,,,,,,,,,,,,,,,,,,,,,,,,,,,,,,,,,,,,,,,,,,,,,,,,,,,,,,,,,,,,,,,,,,,,,,,,,,,,,,,
026_swn_patient_7_tumor_16_BCD0UFANXX_AGTCACTA_L003.R1.fastq.gz,026_swn_patient_7_tumor_16_BCD0UFANXX_AGTCACTA_L003.R1.fastq.gz,raw,,genomicVariants,,fastq,,swn_patient_7,,experimentalData,,swn_patient_7_tumor_16,,syn9727752,,schwannoma,,pairedEnd,,3342573,,Schwannomatosis,,125,,Synodos Schwannomatosis,,Illumina HiSeq 2500,,PRIVATE,,Agilent SureSelect Human All Exon V5+UTR,,whole exome sequencing,,Homo sapiens,,CTF,,Male,,Synodos,,nerves,,primary tumor,,1,,False,,bulk cell,,,,,,,,,,,,,,,,,,,,,,,,,,,,,,,,,,,,,,,,,,,,,,,,,,,,,,,,,,,,,,,,,,,,,,,,,,,,,,,,,,,,,,,,,,,,,,,,,,,,,
026_swn_patient_7_tumor_16_BCD0UFANXX_AGTCACTA_L003.R2.fastq.gz,026_swn_patient_7_tumor_16_BCD0UFANXX_AGTCACTA_L003.R2.fastq.gz,raw,,genomicVariants,,fastq,,swn_patient_7,,experimentalData,,swn_patient_7_tumor_16,,syn9727752,,schwannoma,,pairedEnd,,3342573,,Schwannomatosis,,125,,Synodos Schwannomatosis,,Illumina HiSeq 2500,,PRIVATE,,Agilent SureSelect Human All Exon V5+UTR,,whole exome sequencing,,Homo sapiens,,CTF,,Male,,Synodos,,nerves,,primary tumor,,2,,False,,bulk cell,,,,,,,,,,,,,,,,,,,,,,,,,,,,,,,,,,,,,,,,,,,,,,,,,,,,,,,,,,,,,,,,,,,,,,,,,,,,,,,,,,,,,,,,,,,,,,,,,,,,,
027_swn_patient_19_blood_BCD0UFANXX_GTCGTAGA-TCTTTCCC_L008.R1.fastq.gz,027_swn_patient_19_blood_BCD0UFANXX_GTCGTAGA-TCTTTCCC_L008.R1.fastq.gz,raw,,genomicVariants,,fastq,,swn_patient_19,,experimentalData,,swn_patient_19_blood,,syn9727752,,,,pairedEnd,,3342573,,Schwannomatosis,,125,,Synodos Schwannomatosis,,Illumina HiSeq 2500,,PRIVATE,,Agilent SureSelect Human All Exon V5+UTR,,whole exome sequencing,,Homo sapiens,,CTF,,Male,,Synodos,,blood,,blood,,1,,False,,bulk cell,,,,,,,,,,,,,,,,,,,,,,,,,,,,,,,,,,,,,,,,,,,,,,,,,,,,,,,,,,,,,,,,,,,,,,,,,,,,,,,,,,,,,,,,,,,,,,,,,,,,,
027_swn_patient_19_blood_BCD0UFANXX_GTCGTAGA-TCTTTCCC_L008.R2.fastq.gz,027_swn_patient_19_blood_BCD0UFANXX_GTCGTAGA-TCTTTCCC_L008.R2.fastq.gz,raw,,genomicVariants,,fastq,,swn_patient_19,,experimentalData,,swn_patient_19_blood,,syn9727752,,,,pairedEnd,,3342573,,Schwannomatosis,,125,,Synodos Schwannomatosis,,Illumina HiSeq 2500,,PRIVATE,,Agilent SureSelect Human All Exon V5+UTR,,whole exome sequencing,,Homo sapiens,,CTF,,Male,,Synodos,,blood,,blood,,2,,False,,bulk cell,,,,,,,,,,,,,,,,,,,,,,,,,,,,,,,,,,,,,,,,,,,,,,,,,,,,,,,,,,,,,,,,,,,,,,,,,,,,,,,,,,,,,,,,,,,,,,,,,,,,,
027_swn_patient_19_tumor_29_BCD0UFANXX_AACGCTTA_L003.R1.fastq.gz,027_swn_patient_19_tumor_29_BCD0UFANXX_AACGCTTA_L003.R1.fastq.gz,raw,,genomicVariants,,fastq,,swn_patient_19,,experimentalData,,swn_patient_19_tumor_29,,syn9727752,,schwannoma,,pairedEnd,,3342573,,Schwannomatosis,,125,,Synodos Schwannomatosis,,Illumina HiSeq 2500,,PRIVATE,,Agilent SureSelect Human All Exon V5+UTR,,whole exome sequencing,,Homo sapiens,,CTF,,Male,,Synodos,,nerves,,primary tumor,,1,,False,,bulk cell,,,,,,,,,,,,,,,,,,,,,,,,,,,,,,,,,,,,,,,,,,,,,,,,,,,,,,,,,,,,,,,,,,,,,,,,,,,,,,,,,,,,,,,,,,,,,,,,,,,,,
027_swn_patient_19_tumor_29_BCD0UFANXX_AACGCTTA_L003.R2.fastq.gz,027_swn_patient_19_tumor_29_BCD0UFANXX_AACGCTTA_L003.R2.fastq.gz,raw,,genomicVariants,,fastq,,swn_patient_19,,experimentalData,,swn_patient_19_tumor_29,,syn9727752,,schwannoma,,pairedEnd,,3342573,,Schwannomatosis,,125,,Synodos Schwannomatosis,,Illumina HiSeq 2500,,PRIVATE,,Agilent SureSelect Human All Exon V5+UTR,,whole exome sequencing,,Homo sapiens,,CTF,,Male,,Synodos,,nerves,,primary tumor,,2,,False,,bulk cell,,,,,,,,,,,,,,,,,,,,,,,,,,,,,,,,,,,,,,,,,,,,,,,,,,,,,,,,,,,,,,,,,,,,,,,,,,,,,,,,,,,,,,,,,,,,,,,,,,,,,
028_swn_patient_8_blood_BCD0UFANXX_AGAGTCAA-TCTTTCCC_L008.R1.fastq.gz,028_swn_patient_8_blood_BCD0UFANXX_AGAGTCAA-TCTTTCCC_L008.R1.fastq.gz,raw,,genomicVariants,,fastq,,swn_patient_8,,experimentalData,,swn_patient_8_blood,,syn9727752,,,,pairedEnd,,3342573,,Schwannomatosis,,125,,Synodos Schwannomatosis,,Illumina HiSeq 2500,,PRIVATE,,Agilent SureSelect Human All Exon V5+UTR,,whole exome sequencing,,Homo sapiens,,CTF,,Female,,Synodos,,blood,,blood,,1,,False,,bulk cell,,,,,,,,,,,,,,,,,,,,,,,,,,,,,,,,,,,,,,,,,,,,,,,,,,,,,,,,,,,,,,,,,,,,,,,,,,,,,,,,,,,,,,,,,,,,,,,,,,,,,
028_swn_patient_8_blood_BCD0UFANXX_AGAGTCAA-TCTTTCCC_L008.R2.fastq.gz,028_swn_patient_8_blood_BCD0UFANXX_AGAGTCAA-TCTTTCCC_L008.R2.fastq.gz,raw,,genomicVariants,,fastq,,swn_patient_8,,experimentalData,,swn_patient_8_blood,,syn9727752,,,,pairedEnd,,3342573,,Schwannomatosis,,125,,Synodos Schwannomatosis,,Illumina HiSeq 2500,,PRIVATE,,Agilent SureSelect Human All Exon V5+UTR,,whole exome sequencing,,Homo sapiens,,CTF,,Female,,Synodos,,blood,,blood,,2,,False,,bulk cell,,,,,,,,,,,,,,,,,,,,,,,,,,,,,,,,,,,,,,,,,,,,,,,,,,,,,,,,,,,,,,,,,,,,,,,,,,,,,,,,,,,,,,,,,,,,,,,,,,,,,
028_swn_patient_8_tumor_30_BCD0UFANXX_GGAGAACA_L004.R1.fastq.gz,028_swn_patient_8_tumor_30_BCD0UFANXX_GGAGAACA_L004.R1.fastq.gz,raw,,genomicVariants,,fastq,,swn_patient_8,,experimentalData,,swn_patient_8_tumor_30,,syn9727752,,schwannoma,,pairedEnd,,3342573,,Schwannomatosis,,125,,Synodos Schwannomatosis,,Illumina HiSeq 2500,,PRIVATE,,Agilent SureSelect Human All Exon V5+UTR,,whole exome sequencing,,Homo sapiens,,CTF,,Female,,Synodos,,nerves,,primary tumor,,1,,False,,bulk cell,,,,,,,,,,,,,,,,,,,,,,,,,,,,,,,,,,,,,,,,,,,,,,,,,,,,,,,,,,,,,,,,,,,,,,,,,,,,,,,,,,,,,,,,,,,,,,,,,,,,,
028_swn_patient_8_tumor_30_BCD0UFANXX_GGAGAACA_L004.R2.fastq.gz,028_swn_patient_8_tumor_30_BCD0UFANXX_GGAGAACA_L004.R2.fastq.gz,raw,,genomicVariants,,fastq,,swn_patient_8,,experimentalData,,swn_patient_8_tumor_30,,syn9727752,,schwannoma,,pairedEnd,,3342573,,Schwannomatosis,,125,,Synodos Schwannomatosis,,Illumina HiSeq 2500,,PRIVATE,,Agilent SureSelect Human All Exon V5+UTR,,whole exome sequencing,,Homo sapiens,,CTF,,Female,,Synodos,,nerves,,primary tumor,,2,,False,,bulk cell,,,,,,,,,,,,,,,,,,,,,,,,,,,,,,,,,,,,,,,,,,,,,,,,,,,,,,,,,,,,,,,,,,,,,,,,,,,,,,,,,,,,,,,,,,,,,,,,,,,,,
029_swn_patient_17_blood_BCD0UFANXX_AGCAGGAA-TCTTTCCC_L008.R1.fastq.gz,029_swn_patient_17_blood_BCD0UFANXX_AGCAGGAA-TCTTTCCC_L008.R1.fastq.gz,raw,,genomicVariants,,fastq,,swn_patient_17,,experimentalData,,swn_patient_17_blood,,syn9727752,,,,pairedEnd,,3342573,,Schwannomatosis,,125,,Synodos Schwannomatosis,,Illumina HiSeq 2500,,PRIVATE,,Agilent SureSelect Human All Exon V5+UTR,,whole exome sequencing,,Homo sapiens,,CTF,,Female,,Synodos,,blood,,blood,,1,,False,,bulk cell,,,,,,,,,,,,,,,,,,,,,,,,,,,,,,,,,,,,,,,,,,,,,,,,,,,,,,,,,,,,,,,,,,,,,,,,,,,,,,,,,,,,,,,,,,,,,,,,,,,,,
029_swn_patient_17_blood_BCD0UFANXX_AGCAGGAA-TCTTTCCC_L008.R2.fastq.gz,029_swn_patient_17_blood_BCD0UFANXX_AGCAGGAA-TCTTTCCC_L008.R2.fastq.gz,raw,,genomicVariants,,fastq,,swn_patient_17,,experimentalData,,swn_patient_17_blood,,syn9727752,,,,pairedEnd,,3342573,,Schwannomatosis,,125,,Synodos Schwannomatosis,,Illumina HiSeq 2500,,PRIVATE,,Agilent SureSelect Human All Exon V5+UTR,,whole exome sequencing,,Homo sapiens,,CTF,,Female,,Synodos,,blood,,blood,,2,,False,,bulk cell,,,,,,,,,,,,,,,,,,,,,,,,,,,,,,,,,,,,,,,,,,,,,,,,,,,,,,,,,,,,,,,,,,,,,,,,,,,,,,,,,,,,,,,,,,,,,,,,,,,,,
029_swn_patient_17_tumor_31_BCD0UFANXX_CATCAAGT_L004.R1.fastq.gz,029_swn_patient_17_tumor_31_BCD0UFANXX_CATCAAGT_L004.R1.fastq.gz,raw,,genomicVariants,,fastq,,swn_patient_17,,experimentalData,,swn_patient_17_tumor_31,,syn9727752,,schwannoma,,pairedEnd,,3342573,,Schwannomatosis,,125,,Synodos Schwannomatosis,,Illumina HiSeq 2500,,PRIVATE,,Agilent SureSelect Human All Exon V5+UTR,,whole exome sequencing,,Homo sapiens,,CTF,,Female,,Synodos,,nerves,,primary tumor,,1,,False,,bulk cell,,,,,,,,,,,,,,,,,,,,,,,,,,,,,,,,,,,,,,,,,,,,,,,,,,,,,,,,,,,,,,,,,,,,,,,,,,,,,,,,,,,,,,,,,,,,,,,,,,,,,
029_swn_patient_17_tumor_31_BCD0UFANXX_CATCAAGT_L004.R2.fastq.gz,029_swn_patient_17_tumor_31_BCD0UFANXX_CATCAAGT_L004.R2.fastq.gz,raw,,genomicVariants,,fastq,,swn_patient_17,,experimentalData,,swn_patient_17_tumor_31,,syn9727752,,schwannoma,,pairedEnd,,3342573,,Schwannomatosis,,125,,Synodos Schwannomatosis,,Illumina HiSeq 2500,,PRIVATE,,Agilent SureSelect Human All Exon V5+UTR,,whole exome sequencing,,Homo sapiens,,CTF,,Female,,Synodos,,nerves,,primary tumor,,2,,False,,bulk cell,,,,,,,,,,,,,,,,,,,,,,,,,,,,,,,,,,,,,,,,,,,,,,,,,,,,,,,,,,,,,,,,,,,,,,,,,,,,,,,,,,,,,,,,,,,,,,,,,,,,,
030_swn_patient_3_blood_BCD0UFANXX_GAGCTGAA-TCTTTCCC_L008.R1.fastq.gz,030_swn_patient_3_blood_BCD0UFANXX_GAGCTGAA-TCTTTCCC_L008.R1.fastq.gz,raw,,genomicVariants,,fastq,,swn_patient_3,,experimentalData,,swn_patient_3_blood,,syn9727752,,,,pairedEnd,,3342573,,Schwannomatosis,,125,,Synodos Schwannomatosis,,Illumina HiSeq 2500,,PRIVATE,,Agilent SureSelect Human All Exon V5+UTR,,whole exome sequencing,,Homo sapiens,,CTF,,Male,,Synodos,,blood,,blood,,1,,False,,bulk cell,,,,,,,,,,,,,,,,,,,,,,,,,,,,,,,,,,,,,,,,,,,,,,,,,,,,,,,,,,,,,,,,,,,,,,,,,,,,,,,,,,,,,,,,,,,,,,,,,,,,,
030_swn_patient_3_blood_BCD0UFANXX_GAGCTGAA-TCTTTCCC_L008.R2.fastq.gz,030_swn_patient_3_blood_BCD0UFANXX_GAGCTGAA-TCTTTCCC_L008.R2.fastq.gz,raw,,genomicVariants,,fastq,,swn_patient_3,,experimentalData,,swn_patient_3_blood,,syn9727752,,,,pairedEnd,,3342573,,Schwannomatosis,,125,,Synodos Schwannomatosis,,Illumina HiSeq 2500,,PRIVATE,,Agilent SureSelect Human All Exon V5+UTR,,whole exome sequencing,,Homo sapiens,,CTF,,Male,,Synodos,,blood,,blood,,2,,False,,bulk cell,,,,,,,,,,,,,,,,,,,,,,,,,,,,,,,,,,,,,,,,,,,,,,,,,,,,,,,,,,,,,,,,,,,,,,,,,,,,,,,,,,,,,,,,,,,,,,,,,,,,,
030_swn_patient_3_tumor_32_BCD0UFANXX_AAGGTACA_L004.R1.fastq.gz,030_swn_patient_3_tumor_32_BCD0UFANXX_AAGGTACA_L004.R1.fastq.gz,raw,,genomicVariants,,fastq,,swn_patient_3,,experimentalData,,swn_patient_3_tumor_32,,syn9727752,,schwannoma,,pairedEnd,,3342573,,Schwannomatosis,,125,,Synodos Schwannomatosis,,Illumina HiSeq 2500,,PRIVATE,,Agilent SureSelect Human All Exon V5+UTR,,whole exome sequencing,,Homo sapiens,,CTF,,Male,,Synodos,,nerves,,primary tumor,,1,,False,,bulk cell,,,,,,,,,,,,,,,,,,,,,,,,,,,,,,,,,,,,,,,,,,,,,,,,,,,,,,,,,,,,,,,,,,,,,,,,,,,,,,,,,,,,,,,,,,,,,,,,,,,,,
030_swn_patient_3_tumor_32_BCD0UFANXX_AAGGTACA_L004.R2.fastq.gz,030_swn_patient_3_tumor_32_BCD0UFANXX_AAGGTACA_L004.R2.fastq.gz,raw,,genomicVariants,,fastq,,swn_patient_3,,experimentalData,,swn_patient_3_tumor_32,,syn9727752,,schwannoma,,pairedEnd,,3342573,,Schwannomatosis,,125,,Synodos Schwannomatosis,,Illumina HiSeq 2500,,PRIVATE,,Agilent SureSelect Human All Exon V5+UTR,,whole exome sequencing,,Homo sapiens,,CTF,,Male,,Synodos,,nerves,,primary tumor,,2,,False,,bulk cell,,,,,,,,,,,,,,,,,,,,,,,,,,,,,,,,,,,,,,,,,,,,,,,,,,,,,,,,,,,,,,,,,,,,,,,,,,,,,,,,,,,,,,,,,,,,,,,,,,,,,
031_swn_patient_25_blood_BCD0UFANXX_AAACATCG-TCTTTCCC_L008.R1.fastq.gz,031_swn_patient_25_blood_BCD0UFANXX_AAACATCG-TCTTTCCC_L008.R1.fastq.gz,raw,,genomicVariants,,fastq,,swn_patient_25,,experimentalData,,swn_patient_25_blood,,syn9727752,,,,pairedEnd,,3342573,,Schwannomatosis,,125,,Synodos Schwannomatosis,,Illumina HiSeq 2500,,PRIVATE,,Agilent SureSelect Human All Exon V5+UTR,,whole exome sequencing,,Homo sapiens,,CTF,,Female,,Synodos,,blood,,blood,,1,,False,,bulk cell,,,,,,,,,,,,,,,,,,,,,,,,,,,,,,,,,,,,,,,,,,,,,,,,,,,,,,,,,,,,,,,,,,,,,,,,,,,,,,,,,,,,,,,,,,,,,,,,,,,,,
031_swn_patient_25_blood_BCD0UFANXX_AAACATCG-TCTTTCCC_L008.R2.fastq.gz,031_swn_patient_25_blood_BCD0UFANXX_AAACATCG-TCTTTCCC_L008.R2.fastq.gz,raw,,genomicVariants,,fastq,,swn_patient_25,,experimentalData,,swn_patient_25_blood,,syn9727752,,,,pairedEnd,,3342573,,Schwannomatosis,,125,,Synodos Schwannomatosis,,Illumina HiSeq 2500,,PRIVATE,,Agilent SureSelect Human All Exon V5+UTR,,whole exome sequencing,,Homo sapiens,,CTF,,Female,,Synodos,,blood,,blood,,2,,False,,bulk cell,,,,,,,,,,,,,,,,,,,,,,,,,,,,,,,,,,,,,,,,,,,,,,,,,,,,,,,,,,,,,,,,,,,,,,,,,,,,,,,,,,,,,,,,,,,,,,,,,,,,,
031_swn_patient_25_tumor_56_BCD0UFANXX_CGCTGATC_L005.R1.fastq.gz,031_swn_patient_25_tumor_56_BCD0UFANXX_CGCTGATC_L005.R1.fastq.gz,raw,,genomicVariants,,fastq,,swn_patient_25,,experimentalData,,swn_patient_25_tumor_56,,syn9727752,,schwannoma,,pairedEnd,,3342573,,Schwannomatosis,,125,,Synodos Schwannomatosis,,Illumina HiSeq 2500,,PRIVATE,,Agilent SureSelect Human All Exon V5+UTR,,whole exome sequencing,,Homo sapiens,,CTF,,Female,,Synodos,,nerves,,primary tumor,,1,,False,,bulk cell,,,,,,,,,,,,,,,,,,,,,,,,,,,,,,,,,,,,,,,,,,,,,,,,,,,,,,,,,,,,,,,,,,,,,,,,,,,,,,,,,,,,,,,,,,,,,,,,,,,,,
031_swn_patient_25_tumor_56_BCD0UFANXX_CGCTGATC_L005.R2.fastq.gz,031_swn_patient_25_tumor_56_BCD0UFANXX_CGCTGATC_L005.R2.fastq.gz,raw,,genomicVariants,,fastq,,swn_patient_25,,experimentalData,,swn_patient_25_tumor_56,,syn9727752,,schwannoma,,pairedEnd,,3342573,,Schwannomatosis,,125,,Synodos Schwannomatosis,,Illumina HiSeq 2500,,PRIVATE,,Agilent SureSelect Human All Exon V5+UTR,,whole exome sequencing,,Homo sapiens,,CTF,,Female,,Synodos,,nerves,,primary tumor,,2,,False,,bulk cell,,,,,,,,,,,,,,,,,,,,,,,,,,,,,,,,,,,,,,,,,,,,,,,,,,,,,,,,,,,,,,,,,,,,,,,,,,,,,,,,,,,,,,,,,,,,,,,,,,,,,
032_swn_patient_34_blood_BCD0UFANXX_GAGTTAGC-TCTTTCCC_L008.R1.fastq.gz,032_swn_patient_34_blood_BCD0UFANXX_GAGTTAGC-TCTTTCCC_L008.R1.fastq.gz,raw,,genomicVariants,,fastq,,swn_patient_34,,experimentalData,,swn_patient_34_blood,,syn9727752,,,,pairedEnd,,3342573,,Schwannomatosis,,125,,Synodos Schwannomatosis,,Illumina HiSeq 2500,,PRIVATE,,Agilent SureSelect Human All Exon V5+UTR,,whole exome sequencing,,Homo sapiens,,CTF,,Male,,Synodos,,blood,,blood,,1,,False,,bulk cell,,,,,,,,,,,,,,,,,,,,,,,,,,,,,,,,,,,,,,,,,,,,,,,,,,,,,,,,,,,,,,,,,,,,,,,,,,,,,,,,,,,,,,,,,,,,,,,,,,,,,
032_swn_patient_34_blood_BCD0UFANXX_GAGTTAGC-TCTTTCCC_L008.R2.fastq.gz,032_swn_patient_34_blood_BCD0UFANXX_GAGTTAGC-TCTTTCCC_L008.R2.fastq.gz,raw,,genomicVariants,,fastq,,swn_patient_34,,experimentalData,,swn_patient_34_blood,,syn9727752,,,,pairedEnd,,3342573,,Schwannomatosis,,125,,Synodos Schwannomatosis,,Illumina HiSeq 2500,,PRIVATE,,Agilent SureSelect Human All Exon V5+UTR,,whole exome sequencing,,Homo sapiens,,CTF,,Male,,Synodos,,blood,,blood,,2,,False,,bulk cell,,,,,,,,,,,,,,,,,,,,,,,,,,,,,,,,,,,,,,,,,,,,,,,,,,,,,,,,,,,,,,,,,,,,,,,,,,,,,,,,,,,,,,,,,,,,,,,,,,,,,
032_swn_patient_34_tumor_81_BCD0UFANXX_GGTGCGAA_L005.R1.fastq.gz,032_swn_patient_34_tumor_81_BCD0UFANXX_GGTGCGAA_L005.R1.fastq.gz,raw,Raw,genomicVariants,Genomicvariants,fastq,Gzip,swn_patient_34,patient_34,experimentalData,Result,swn_patient_34_tumor_81,tumor_81,syn9727752,Acta Neuropathologica (2021) 141:101-116,schwannoma,,pairedEnd,PairedEnd,3342573,,Schwannomatosis,Schwannomatosis,125,,Synodos Schwannomatosis,,Illumina HiSeq 2500,IlluminaHiSeq2500,PRIVATE,ControlledAccess,Agilent SureSelect Human All Exon V5+UTR,,whole exome sequencing,Whole genome sequencing,Homo sapiens,Musmusculus,CTF,,Male,Male,Synodos,,nerves,,primary tumor,,1,Read 1,False,,bulk cell,Bulkcell,,,,,,,,,,,,,,,,,,,,,,,,,,,,,,,,,,,,,,,,,GrCh37 (hg19),,,,No,,No,,No,,,,,,,,,,swn_patient_34_tumor_81,,,,,,,,,,,,,,,,,,,,,,Freshcollected,,,,,,,,,,,,,,,,Strelka2,,,
032_swn_patient_34_tumor_81_BCD0UFANXX_GGTGCGAA_L005.R2.fastq.gz,032_swn_patient_34_tumor_81_BCD0UFANXX_GGTGCGAA_L005.R2.fastq.gz,raw,Raw,genomicVariants,Genomicvariants,fastq,Gzip,swn_patient_34,patient_34,experimentalData,Result,swn_patient_34_tumor_81,tumor_81,syn9727752,Acta Neuropathologica (2021) 141:101-116,schwannoma,,pairedEnd,PairedEnd,3342573,,Schwannomatosis,Schwannomatosis,125,,Synodos Schwannomatosis,,Illumina HiSeq 2500,IlluminaHiSeq2500,PRIVATE,ControlledAccess,Agilent SureSelect Human All Exon V5+UTR,,whole exome sequencing,Whole genome sequencing,Homo sapiens,Musmusculus,CTF,,Male,Male,Synodos,,nerves,,primary tumor,,2,Read 2,False,,bulk cell,Bulkcell,,,,,,,,,,,,,,,,,,,,,,,,,,,,,,,,,,,,,,,,,GrCh37 (hg19),,,,No,,No,,No,,,,,,,,,,swn_patient_34_tumor_81,,,,,,,,,,,,,,,,,,,,,,Freshcollected,,,,,,,,,,,,,,,,Strelka2,,,
033_swn_patient_41_blood_BCD0UFANXX_CGAACTTA-TCTTTCCC_L008.R1.fastq.gz,033_swn_patient_41_blood_BCD0UFANXX_CGAACTTA-TCTTTCCC_L008.R1.fastq.gz,raw,Raw,genomicVariants,Genomicvariants,fastq,Gzip,swn_patient_41,patient_41,experimentalData,Result,swn_patient_41_blood,blood,syn9727752,Acta Neuropathologica (2021) 141:101-116,,,pairedEnd,PairedEnd,3342573,,Schwannomatosis,Schwannomatosis,125,,Synodos Schwannomatosis,,Illumina HiSeq 2500,IlluminaHiSeq2500,PRIVATE,ControlledAccess,Agilent SureSelect Human All Exon V5+UTR,,whole exome sequencing,Whole genome sequencing,Homo sapiens,Musmusculus,CTF,,Male,Male,Synodos,,blood,,blood,,1,Read 1,False,,bulk cell,Bulkcell,,,,,,,,,,,,,,,,,,,,,,,,,,,,,,,,,,,,,,,,,GrCh37 (hg19),,,,No,,No,,No,,,,,,,,,,swn_patient_41_blood,,,,,,,,,,,,,,,,,,,,,,Freshcollected,,,,,,,,,,,,,,,,Strelka2,,,
033_swn_patient_41_blood_BCD0UFANXX_CGAACTTA-TCTTTCCC_L008.R2.fastq.gz,033_swn_patient_41_blood_BCD0UFANXX_CGAACTTA-TCTTTCCC_L008.R2.fastq.gz,raw,Raw,genomicVariants,Genomicvariants,fastq,Gzip,swn_patient_41,patient_41,experimentalData,Result,swn_patient_41_blood,blood,syn9727752,Acta Neuropathologica (2021) 141:101-116,,,pairedEnd,PairedEnd,3342573,,Schwannomatosis,Schwannomatosis,125,,Synodos Schwannomatosis,,Illumina HiSeq 2500,IlluminaHiSeq2500,PRIVATE,ControlledAccess,Agilent SureSelect Human All Exon V5+UTR,,whole exome sequencing,Whole genome sequencing,Homo sapiens,Musmusculus,CTF,,Male,Male,Synodos,,blood,,blood,,2,Read 2,False,,bulk cell,Bulkcell,,,,,,,,,,,,,,,,,,,,,,,,,,,,,,,,,,,,,,,,,GrCh37 (hg19),,,,No,,No,,No,,,,,,,,,,swn_patient_41_blood,,,,,,,,,,,,,,,,,,,,,,Freshcollected,,,,,,,,,,,,,,,,Strelka2,,,
033_swn_patient_41_tumor_105_BCD0UFANXX_CTGAGCCA_L006.R1.fastq.gz,033_swn_patient_41_tumor_105_BCD0UFANXX_CTGAGCCA_L006.R1.fastq.gz,raw,Raw,genomicVariants,Genomicvariants,fastq,Gzip,swn_patient_41,patient_41,experimentalData,Result,swn_patient_41_tumor_105,tumor_105,syn9727752,Acta Neuropathologica (2021) 141:101-116,schwannoma,,pairedEnd,PairedEnd,3342573,,Schwannomatosis,Schwannomatosis,125,,Synodos Schwannomatosis,,Illumina HiSeq 2500,IlluminaHiSeq2500,PRIVATE,ControlledAccess,Agilent SureSelect Human All Exon V5+UTR,,whole exome sequencing,Whole genome sequencing,Homo sapiens,Musmusculus,CTF,,Male,Male,Synodos,,nerves,,primary tumor,,1,Read 1,False,,bulk cell,Bulkcell,,,,,,,,,,,,,,,,,,,,,,,,,,,,,,,,,,,,,,,,,GrCh37 (hg19),,,,No,,No,,No,,,,,,,,,,swn_patient_41_tumor_105,,,,,,,,,,,,,,,,,,,,,,Freshcollected,,,,,,,,,,,,,,,,Strelka2,,,
033_swn_patient_41_tumor_105_BCD0UFANXX_CTGAGCCA_L006.R2.fastq.gz,033_swn_patient_41_tumor_105_BCD0UFANXX_CTGAGCCA_L006.R2.fastq.gz,raw,Raw,genomicVariants,Genomicvariants,fastq,Gzip,swn_patient_41,patient_41,experimentalData,Result,swn_patient_41_tumor_105,tumor_105,syn9727752,Acta Neuropathologica (2021) 141:101-116,schwannoma,,pairedEnd,PairedEnd,3342573,,Schwannomatosis,Schwannomatosis,125,,Synodos Schwannomatosis,,Illumina HiSeq 2500,IlluminaHiSeq2500,PRIVATE,ControlledAccess,Agilent SureSelect Human All Exon V5+UTR,,whole exome sequencing,Whole genome sequencing,Homo sapiens,Musmusculus,CTF,,Male,Male,Synodos,,nerves,,primary tumor,,2,Read 2,False,,bulk cell,Bulkcell,,,,,,,,,,,,,,,,,,,,,,,,,,,,,,,,,,,,,,,,,GrCh37 (hg19),,,,No,,No,,No,,,,,,,,,,swn_patient_41_tumor_105,,,,,,,,,,,,,,,,,,,,,,Freshcollected,,,,,,,,,,,,,,,,Strelka2,,,
034_swn_patient_33_tumor_102_BCD0UFANXX_CCTAATCC_L005.R1.fastq.gz,034_swn_patient_33_tumor_102_BCD0UFANXX_CCTAATCC_L005.R1.fastq.gz,raw,Raw,genomicVariants,Genomicvariants,fastq,Gzip,swn_patient_33,patient_33,experimentalData,Result,swn_patient_33_tumor_102,tumor_102,syn9727752,Acta Neuropathologica (2021) 141:101-116,schwannoma,,pairedEnd,PairedEnd,3342573,,Schwannomatosis,Schwannomatosis,125,,Synodos Schwannomatosis,,Illumina HiSeq 2500,IlluminaHiSeq2500,PRIVATE,ControlledAccess,Agilent SureSelect Human All Exon V5+UTR,,whole exome sequencing,Whole genome sequencing,Homo sapiens,Musmusculus,CTF,,Male,Male,Synodos,,nerves,,primary tumor,,1,Read 1,False,,bulk cell,Bulkcell,,,,,,,,,,,,,,,,,,,,,,,,,,,,,,,,,,,,,,,,,GrCh37 (hg19),,,,No,,No,,No,,,,,,,,,,swn_patient_33_tumor_102,,,,,,,,,,,,,,,,,,,,,,Freshcollected,,,,,,,,,,,,,,,,Strelka2,,,
034_swn_patient_33_tumor_102_BCD0UFANXX_CCTAATCC_L005.R2.fastq.gz,034_swn_patient_33_tumor_102_BCD0UFANXX_CCTAATCC_L005.R2.fastq.gz,raw,Raw,genomicVariants,Genomicvariants,fastq,Gzip,swn_patient_33,patient_33,experimentalData,Result,swn_patient_33_tumor_102,tumor_102,syn9727752,Acta Neuropathologica (2021) 141:101-116,schwannoma,,pairedEnd,PairedEnd,3342573,,Schwannomatosis,Schwannomatosis,125,,Synodos Schwannomatosis,,Illumina HiSeq 2500,IlluminaHiSeq2500,PRIVATE,ControlledAccess,Agilent SureSelect Human All Exon V5+UTR,,whole exome sequencing,Whole genome sequencing,Homo sapiens,Musmusculus,CTF,,Male,Male,Synodos,,nerves,,primary tumor,,2,Read 2,False,,bulk cell,Bulkcell,,,,,,,,,,,,,,,,,,,,,,,,,,,,,,,,,,,,,,,,,GrCh37 (hg19),,,,No,,No,,No,,,,,,,,,,swn_patient_33_tumor_102,,,,,,,,,,,,,,,,,,,,,,Freshcollected,,,,,,,,,,,,,,,,Strelka2,,,
swn_patient_16_blood_1.fastq.gz,swn_patient_16_blood_1.fastq.gz,raw,Raw,genomicVariants,Genomicvariants,fastq,Gzip,swn_patient_16,patient_16,experimentalData,Result,swn_patient_16_blood,blood,syn9727752,Acta Neuropathologica (2021) 141:101-116,,,pairedEnd,PairedEnd,3342573,,Schwannomatosis,Schwannomatosis,125,,Synodos Schwannomatosis,,Illumina HiSeq 2500,IlluminaHiSeq2500,PRIVATE,ControlledAccess,Agilent SureSelect Human All Exon V5+UTR,,whole exome sequencing,Whole genome sequencing,Homo sapiens,Musmusculus,CTF,,Female,,Synodos,,blood,,blood,,1,Read 1,False,,bulk cell,Bulkcell,,,,,,,,,,,,,,,,,,,,,,,,,,,,,,,,,,,,,,,,,GrCh37 (hg19),,,,No,,No,,No,,,,,,,,,,swn_patient_16_blood,,,,,,,,,,,,,,,,,,,,,,Freshcollected,,,,,,,,,,,,,,,,Strelka2,,,
swn_patient_16_blood_2.fastq.gz,swn_patient_16_blood_2.fastq.gz,raw,Raw,genomicVariants,Genomicvariants,fastq,Gzip,swn_patient_16,patient_16,experimentalData,Result,swn_patient_16_blood,blood,syn9727752,Acta Neuropathologica (2021) 141:101-116,,,pairedEnd,PairedEnd,3342573,,Schwannomatosis,Schwannomatosis,125,,Synodos Schwannomatosis,,Illumina HiSeq 2500,IlluminaHiSeq2500,PRIVATE,ControlledAccess,Agilent SureSelect Human All Exon V5+UTR,,whole exome sequencing,Whole genome sequencing,Homo sapiens,Musmusculus,CTF,,Female,,Synodos,,blood,,blood,,2,Read 2,False,,bulk cell,Bulkcell,,,,,,,,,,,,,,,,,,,,,,,,,,,,,,,,,,,,,,,,,GrCh37 (hg19),,,,No,,No,,No,,,,,,,,,,swn_patient_16_blood,,,,,,,,,,,,,,,,,,,,,,Freshcollected,,,,,,,,,,,,,,,,Strelka2,,,
swn_patient_17_blood_1.fastq.gz,swn_patient_17_blood_1.fastq.gz,raw,Raw,genomicVariants,Genomicvariants,fastq,Gzip,swn_patient_17,patient_17,experimentalData,Result,swn_patient_17_blood,blood,syn9727752,Acta Neuropathologica (2021) 141:101-116,,,pairedEnd,PairedEnd,3342573,,Schwannomatosis,Schwannomatosis,125,,Synodos Schwannomatosis,,Illumina HiSeq 2500,IlluminaHiSeq2500,PRIVATE,ControlledAccess,Agilent SureSelect Human All Exon V5+UTR,,whole exome sequencing,Whole genome sequencing,Homo sapiens,Musmusculus,CTF,,Female,,Synodos,,blood,,blood,,1,Read 1,False,,bulk cell,Bulkcell,,,,,,,,,,,,,,,,,,,,,,,,,,,,,,,,,,,,,,,,,GrCh37 (hg19),,,,No,,No,,No,,,,,,,,,,swn_patient_17_blood,,,,,,,,,,,,,,,,,,,,,,Freshcollected,,,,,,,,,,,,,,,,Strelka2,,,
swn_patient_17_blood_2.fastq.gz,swn_patient_17_blood_2.fastq.gz,raw,Raw,genomicVariants,Genomicvariants,fastq,Gzip,swn_patient_17,patient_17,experimentalData,Result,swn_patient_17_blood,blood,syn9727752,Acta Neuropathologica (2021) 141:101-116,,,pairedEnd,PairedEnd,3342573,,Schwannomatosis,Schwannomatosis,125,,Synodos Schwannomatosis,,Illumina HiSeq 2500,IlluminaHiSeq2500,PRIVATE,ControlledAccess,Agilent SureSelect Human All Exon V5+UTR,,whole exome sequencing,Whole genome sequencing,Homo sapiens,Musmusculus,CTF,,Female,,Synodos,,blood,,blood,,2,Read 2,False,,bulk cell,Bulkcell,,,,,,,,,,,,,,,,,,,,,,,,,,,,,,,,,,,,,,,,,GrCh37 (hg19),,,,No,,No,,No,,,,,,,,,,swn_patient_17_blood,,,,,,,,,,,,,,,,,,,,,,Freshcollected,,,,,,,,,,,,,,,,Strelka2,,,
swn_patient_17_tumor_31_1.fastq.gz,swn_patient_17_tumor_31_1.fastq.gz,raw,Raw,genomicVariants,Genomicvariants,fastq,Gzip,swn_patient_17,patient_17,experimentalData,Result,swn_patient_17_tumor_31,tumor_31,syn9727752,Acta Neuropathologica (2021) 141:101-116,schwannoma,,pairedEnd,PairedEnd,3342573,,Schwannomatosis,Schwannomatosis,125,,Synodos Schwannomatosis,,Illumina HiSeq 2500,IlluminaHiSeq2500,PRIVATE,ControlledAccess,Agilent SureSelect Human All Exon V5+UTR,,whole exome sequencing,Whole genome sequencing,Homo sapiens,Musmusculus,CTF,,Female,,Synodos,,nerves,,primary tumor,,1,Read 1,False,,bulk cell,Bulkcell,,,,,,,,,,,,,,,,,,,,,,,,,,,,,,,,,,,,,,,,,GrCh37 (hg19),,,,No,,No,,No,,,,,,,,,,swn_patient_17_tumor_31,,,,,,,,,,,,,,,,,,,,,,Freshcollected,,,,,,,,,,,,,,,,Strelka2,,,
swn_patient_17_tumor_31_2.fastq.gz,swn_patient_17_tumor_31_2.fastq.gz,raw,Raw,genomicVariants,Genomicvariants,fastq,Gzip,swn_patient_17,patient_17,experimentalData,Result,swn_patient_17_tumor_31,tumor_31,syn9727752,Acta Neuropathologica (2021) 141:101-116,schwannoma,,pairedEnd,PairedEnd,3342573,,Schwannomatosis,Schwannomatosis,125,,Synodos Schwannomatosis,,Illumina HiSeq 2500,IlluminaHiSeq2500,PRIVATE,ControlledAccess,Agilent SureSelect Human All Exon V5+UTR,,whole exome sequencing,Whole genome sequencing,Homo sapiens,Musmusculus,CTF,,Female,,Synodos,,nerves,,primary tumor,,2,Read 2,False,,bulk cell,Bulkcell,,,,,,,,,,,,,,,,,,,,,,,,,,,,,,,,,,,,,,,,,GrCh37 (hg19),,,,No,,No,,No,,,,,,,,,,swn_patient_17_tumor_31,,,,,,,,,,,,,,,,,,,,,,Freshcollected,,,,,,,,,,,,,,,,Strelka2,,,
swn_patient_19_blood_1.fastq.gz,swn_patient_19_blood_1.fastq.gz,raw,Raw,genomicVariants,Genomicvariants,fastq,Gzip,swn_patient_19,patient_19,experimentalData,Result,swn_patient_19_blood,blood,syn9727752,Acta Neuropathologica (2021) 141:101-116,,,pairedEnd,PairedEnd,3342573,,Schwannomatosis,Schwannomatosis,125,,Synodos Schwannomatosis,,Illumina HiSeq 2500,IlluminaHiSeq2500,PRIVATE,ControlledAccess,Agilent SureSelect Human All Exon V5+UTR,,whole exome sequencing,Whole genome sequencing,Homo sapiens,Musmusculus,CTF,,Male,,Synodos,,blood,,blood,,1,Read 1,False,,bulk cell,Bulkcell,,,,,,,,,,,,,,,,,,,,,,,,,,,,,,,,,,,,,,,,,GrCh37 (hg19),,,,No,,No,,No,,,,,,,,,,swn_patient_19_blood,,,,,,,,,,,,,,,,,,,,,,Freshcollected,,,,,,,,,,,,,,,,Strelka2,,,
swn_patient_19_blood_2.fastq.gz,swn_patient_19_blood_2.fastq.gz,raw,Raw,genomicVariants,Genomicvariants,fastq,Gzip,swn_patient_19,patient_19,experimentalData,Result,swn_patient_19_blood,blood,syn9727752,Acta Neuropathologica (2021) 141:101-116,,,pairedEnd,PairedEnd,3342573,,Schwannomatosis,Schwannomatosis,125,,Synodos Schwannomatosis,,Illumina HiSeq 2500,IlluminaHiSeq2500,PRIVATE,ControlledAccess,Agilent SureSelect Human All Exon V5+UTR,,whole exome sequencing,Whole genome sequencing,Homo sapiens,Musmusculus,CTF,,Male,,Synodos,,blood,,blood,,2,Read 2,False,,bulk cell,Bulkcell,,,,,,,,,,,,,,,,,,,,,,,,,,,,,,,,,,,,,,,,,GrCh37 (hg19),,,,No,,No,,No,,,,,,,,,,swn_patient_19_blood,,,,,,,,,,,,,,,,,,,,,,Freshcollected,,,,,,,,,,,,,,,,Strelka2,,,
swn_patient_19_blood_duplicate_1.fastq.gz,swn_patient_19_blood_duplicate_1.fastq.gz,raw,,genomicVariants,,fastq,Gzip,swn_patient_19?,patient_19,experimentalData,,swn_patient_19_blood?,blood_duplicate,syn9727752,Acta Neuropathologica (2021) 141:101-116,,,pairedEnd,PairedEnd,3342573,,Schwannomatosis,Schwannomatosis,125,,Synodos Schwannomatosis,,Illumina HiSeq 2500,IlluminaHiSeq2500,PRIVATE,ControlledAccess,Agilent SureSelect Human All Exon V5+UTR,,whole exome sequencing,Whole genome sequencing,Homo sapiens,Musmusculus,CTF,,Male,,Synodos,,blood,,blood,,1,Read 1,False,,bulk cell,Bulkcell,,,,,blood_duplicate,,,,,,,,,,,,,,,,,,,,,,,,,,,,,,,,,,,,,,,,No,,No,,,,,,,,,,,,swn_patient_19_blood_duplicate,,,,,,,,,,,,,,,,,,,,,,Freshcollected,,,,,,,,,,,,,,,,,,,
swn_patient_19_blood_duplicate_2.fastq.gz,swn_patient_19_blood_duplicate_2.fastq.gz,raw,,genomicVariants,,fastq,Gzip,swn_patient_19?,patient_19,experimentalData,,swn_patient_19_blood?,blood_duplicate,syn9727752,Acta Neuropathologica (2021) 141:101-116,,,pairedEnd,PairedEnd,3342573,,Schwannomatosis,Schwannomatosis,125,,Synodos Schwannomatosis,,Illumina HiSeq 2500,IlluminaHiSeq2500,PRIVATE,ControlledAccess,Agilent SureSelect Human All Exon V5+UTR,,whole exome sequencing,Whole genome sequencing,Homo sapiens,Musmusculus,CTF,,Male,,Synodos,,blood,,blood,,2,Read 2,False,,bulk cell,Bulkcell,,,,,blood_duplicate,,,,,,,,,,,,,,,,,,,,,,,,,,,,,,,,,,,,,,,,No,,No,,,,,,,,,,,,swn_patient_19_blood_duplicate,,,,,,,,,,,,,,,,,,,,,,Freshcollected,,,,,,,,,,,,,,,,,,,
swn_patient_19_tumor_29_1.fastq.gz,swn_patient_19_tumor_29_1.fastq.gz,raw,,genomicVariants,,fastq,Gzip,swn_patient_19,patient_19,experimentalData,,swn_patient_19_tumor_29,tumor_29,syn9727752,Acta Neuropathologica (2021) 141:101-116,schwannoma,,pairedEnd,PairedEnd,3342573,,Schwannomatosis,Schwannomatosis,125,,Synodos Schwannomatosis,,Illumina HiSeq 2500,IlluminaHiSeq2500,PRIVATE,ControlledAccess,Agilent SureSelect Human All Exon V5+UTR,,whole exome sequencing,Whole genome sequencing,Homo sapiens,Musmusculus,CTF,,Male,,Synodos,,nerves,,primary tumor,,1,Read 1,False,,bulk cell,Bulkcell,,,,,,,,,,,,,,,,,,,,,,,,,,,,,,,,,,,,,,,,,,,,,No,,No,,,,,,,,,,,,swn_patient_19_tumor_29,,,,,,,,,,,,,,,,,,,,,,Freshcollected,,,,,,,,,,,,,,,,,,,
swn_patient_19_tumor_29_2.fastq.gz,swn_patient_19_tumor_29_2.fastq.gz,raw,,genomicVariants,,fastq,Gzip,swn_patient_19,patient_19,experimentalData,,swn_patient_19_tumor_29,tumor_29,syn9727752,Acta Neuropathologica (2021) 141:101-116,schwannoma,,pairedEnd,PairedEnd,3342573,,Schwannomatosis,Schwannomatosis,125,,Synodos Schwannomatosis,,Illumina HiSeq 2500,IlluminaHiSeq2500,PRIVATE,ControlledAccess,Agilent SureSelect Human All Exon V5+UTR,,whole exome sequencing,Whole genome sequencing,Homo sapiens,Musmusculus,CTF,,Male,,Synodos,,nerves,,primary tumor,,2,Read 2,False,,bulk cell,Bulkcell,,,,,,,,,,,,,,,,,,,,,,,,,,,,,,,,,,,,,,,,,,,,,No,,No,,,,,,,,,,,,swn_patient_19_tumor_29,,,,,,,,,,,,,,,,,,,,,,Freshcollected,,,,,,,,,,,,,,,,,,,
swn_patient_24_blood_1.fastq.gz,swn_patient_24_blood_1.fastq.gz,raw,,genomicVariants,,fastq,Gzip,swn_patient_24,patient_24,experimentalData,,swn_patient_24_blood,blood,syn9727752,Acta Neuropathologica (2021) 141:101-116,,,pairedEnd,PairedEnd,3342573,,Schwannomatosis,Schwannomatosis,125,,Synodos Schwannomatosis,,Illumina HiSeq 2500,IlluminaHiSeq2500,PRIVATE,ControlledAccess,Agilent SureSelect Human All Exon V5+UTR,,whole exome sequencing,Whole genome sequencing,Homo sapiens,Musmusculus,CTF,,Male,,Synodos,,blood,,blood,,1,Read 1,False,,bulk cell,Bulkcell,,,,,,,,,,,,,,,,,,,,,,,,,,,,,,,,,,,,,,,,,,,,,No,,No,,,,,,,,,,,,swn_patient_24_blood,,,,,,,,,,,,,,,,,,,,,,Freshcollected,,,,,,,,,,,,,,,,,,,
swn_patient_24_blood_2.fastq.gz,swn_patient_24_blood_2.fastq.gz,raw,,genomicVariants,,fastq,Gzip,swn_patient_24,patient_24,experimentalData,,swn_patient_24_blood,blood,syn9727752,Acta Neuropathologica (2021) 141:101-116,,,pairedEnd,PairedEnd,3342573,,Schwannomatosis,Schwannomatosis,125,,Synodos Schwannomatosis,,Illumina HiSeq 2500,IlluminaHiSeq2500,PRIVATE,ControlledAccess,Agilent SureSelect Human All Exon V5+UTR,,whole exome sequencing,Whole genome sequencing,Homo sapiens,Musmusculus,CTF,,Male,,Synodos,,blood,,blood,,2,Read 2,False,,bulk cell,Bulkcell,,,,,,,,,,,,,,,,,,,,,,,,,,,,,,,,,,,,,,,,,,,,,No,,No,,,,,,,,,,,,swn_patient_24_blood,,,,,,,,,,,,,,,,,,,,,,Freshcollected,,,,,,,,,,,,,,,,,,,
swn_patient_25_blood_1.fastq.gz,swn_patient_25_blood_1.fastq.gz,raw,,genomicVariants,,fastq,Gzip,swn_patient_25,patient_25,experimentalData,,swn_patient_25_blood,blood,syn9727752,Acta Neuropathologica (2021) 141:101-116,,,pairedEnd,PairedEnd,3342573,,Schwannomatosis,Schwannomatosis,125,,Synodos Schwannomatosis,,Illumina HiSeq 2500,IlluminaHiSeq2500,PRIVATE,ControlledAccess,Agilent SureSelect Human All Exon V5+UTR,,whole exome sequencing,Whole genome sequencing,Homo sapiens,Musmusculus,CTF,,Female,,Synodos,,blood,,blood,,1,Read 1,False,,bulk cell,Bulkcell,,,,,,,,,,,,,,,,,,,,,,,,,,,,,,,,,,,,,,,,,,,,,No,,No,,,,,,,,,,,,swn_patient_25_blood,,,,,,,,,,,,,,,,,,,,,,Freshcollected,,,,,,,,,,,,,,,,,,,
swn_patient_25_blood_2.fastq.gz,swn_patient_25_blood_2.fastq.gz,raw,,genomicVariants,,fastq,Gzip,swn_patient_25,patient_25,experimentalData,,swn_patient_25_blood,blood,syn9727752,Acta Neuropathologica (2021) 141:101-116,,,pairedEnd,PairedEnd,3342573,,Schwannomatosis,Schwannomatosis,125,,Synodos Schwannomatosis,,Illumina HiSeq 2500,IlluminaHiSeq2500,PRIVATE,ControlledAccess,Agilent SureSelect Human All Exon V5+UTR,,whole exome sequencing,Whole genome sequencing,Homo sapiens,Musmusculus,CTF,,Female,,Synodos,,blood,,blood,,2,Read 2,False,,bulk cell,Bulkcell,,,,,,,,,,,,,,,,,,,,,,,,,,,,,,,,,,,,,,,,,,,,,No,,No,,,,,,,,,,,,swn_patient_25_blood,,,,,,,,,,,,,,,,,,,,,,Freshcollected,,,,,,,,,,,,,,,,,,,
swn_patient_28_blood_1.fastq.gz,swn_patient_28_blood_1.fastq.gz,raw,,genomicVariants,,fastq,Gzip,swn_patient_28,patient_28,experimentalData,,swn_patient_28_blood,blood,syn9727752,Acta Neuropathologica (2021) 141:101-116,,,pairedEnd,PairedEnd,3342573,,Schwannomatosis,Schwannomatosis,125,,Synodos Schwannomatosis,,Illumina HiSeq 2500,IlluminaHiSeq2500,PRIVATE,ControlledAccess,Agilent SureSelect Human All Exon V5+UTR,,whole exome sequencing,Whole genome sequencing,Homo sapiens,Musmusculus,CTF,,Female,,Synodos,,blood,,blood,,1,Read 1,False,,bulk cell,Bulkcell,,,,,,,,,,,,,,,,,,,,,,,,,,,,,,,,,,,,,,,,,,,,,No,,No,,,,,,,,,,,,swn_patient_28_blood,,,,,,,,,,,,,,,,,,,,,,Freshcollected,,,,,,,,,,,,,,,,,,,
swn_patient_28_blood_2.fastq.gz,swn_patient_28_blood_2.fastq.gz,raw,,genomicVariants,,fastq,Gzip,swn_patient_28,patient_28,experimentalData,,swn_patient_28_blood,blood,syn9727752,Acta Neuropathologica (2021) 141:101-116,,,pairedEnd,PairedEnd,3342573,,Schwannomatosis,Schwannomatosis,125,,Synodos Schwannomatosis,,Illumina HiSeq 2500,IlluminaHiSeq2500,PRIVATE,ControlledAccess,Agilent SureSelect Human All Exon V5+UTR,,whole exome sequencing,Whole genome sequencing,Homo sapiens,Musmusculus,CTF,,Female,,Synodos,,blood,,blood,,2,Read 2,False,,bulk cell,Bulkcell,,,,,,,,,,,,,,,,,,,,,,,,,,,,,,,,,,,,,,,,,,,,,No,,No,,,,,,,,,,,,swn_patient_28_blood,,,,,,,,,,,,,,,,,,,,,,Freshcollected,,,,,,,,,,,,,,,,,,,
swn_patient_28_tumor_62_1.fastq.gz,swn_patient_28_tumor_62_1.fastq.gz,raw,,genomicVariants,,fastq,Gzip,swn_patient_28,patient_28,experimentalData,,swn_patient_28_tumor_62,tumor_62,syn9727752,Acta Neuropathologica (2021) 141:101-116,schwannoma,,pairedEnd,PairedEnd,3342573,,Schwannomatosis,Schwannomatosis,125,,Synodos Schwannomatosis,,Illumina HiSeq 2500,IlluminaHiSeq2500,PRIVATE,ControlledAccess,Agilent SureSelect Human All Exon V5+UTR,,whole exome sequencing,Whole genome sequencing,Homo sapiens,Musmusculus,CTF,,Female,,Synodos,,nerves,,primary tumor,,1,Read 1,False,,bulk cell,Bulkcell,,,,,,,,,,,,,,,,,,,,,,,,,,,,,,,,,,,,,,,,,,,,,No,,No,,,,,,,,,,,,swn_patient_28_tumor_62,,,,,,,,,,,,,,,,,,,,,,Freshcollected,,,,,,,,,,,,,,,,,,,
swn_patient_28_tumor_62_2.fastq.gz,swn_patient_28_tumor_62_2.fastq.gz,raw,,genomicVariants,,fastq,Gzip,swn_patient_28,patient_28,experimentalData,,swn_patient_28_tumor_62,tumor_62,syn9727752,Acta Neuropathologica (2021) 141:101-116,schwannoma,,pairedEnd,PairedEnd,3342573,,Schwannomatosis,Schwannomatosis,125,,Synodos Schwannomatosis,,Illumina HiSeq 2500,IlluminaHiSeq2500,PRIVATE,ControlledAccess,Agilent SureSelect Human All Exon V5+UTR,,whole exome sequencing,Whole genome sequencing,Homo sapiens,Musmusculus,CTF,,Female,,Synodos,,nerves,,primary tumor,,2,Read 2,False,,bulk cell,Bulkcell,,,,,,,,,,,,,,,,,,,,,,,,,,,,,,,,,,,,,,,,,,,,,No,,No,,,,,,,,,,,,swn_patient_28_tumor_62,,,,,,,,,,,,,,,,,,,,,,Freshcollected,,,,,,,,,,,,,,,,,,,
swn_patient_28_tumor_63_1.fastq.gz,swn_patient_28_tumor_63_1.fastq.gz,raw,,genomicVariants,,fastq,Gzip,swn_patient_28,patient_28,experimentalData,,swn_patient_28_tumor_63,tumor_63,syn9727752,Acta Neuropathologica (2021) 141:101-116,schwannoma,,pairedEnd,PairedEnd,3342573,,Schwannomatosis,Schwannomatosis,125,,Synodos Schwannomatosis,,Illumina HiSeq 2500,IlluminaHiSeq2500,PRIVATE,ControlledAccess,Agilent SureSelect Human All Exon V5+UTR,,whole exome sequencing,Whole genome sequencing,Homo sapiens,Musmusculus,CTF,,Female,,Synodos,,nerves,,primary tumor,,1,Read 1,False,,bulk cell,Bulkcell,,,,,,,,,,,,,,,,,,,,,,,,,,,,,,,,,,,,,,,,,,,,,No,,No,,,,,,,,,,,,swn_patient_28_tumor_63,,,,,,,,,,,,,,,,,,,,,,Freshcollected,,,,,,,,,,,,,,,,,,,
swn_patient_28_tumor_63_2.fastq.gz,swn_patient_28_tumor_63_2.fastq.gz,raw,,genomicVariants,,fastq,Gzip,swn_patient_28,patient_28,experimentalData,,swn_patient_28_tumor_63,tumor_63,syn9727752,Acta Neuropathologica (2021) 141:101-116,schwannoma,,pairedEnd,PairedEnd,3342573,,Schwannomatosis,Schwannomatosis,125,,Synodos Schwannomatosis,,Illumina HiSeq 2500,IlluminaHiSeq2500,PRIVATE,ControlledAccess,Agilent SureSelect Human All Exon V5+UTR,,whole exome sequencing,Whole genome sequencing,Homo sapiens,Musmusculus,CTF,,Female,,Synodos,,nerves,,primary tumor,,2,Read 2,False,,bulk cell,Bulkcell,,,,,,,,,,,,,,,,,,,,,,,,,,,,,,,,,,,,,,,,,,,,,No,,No,,,,,,,,,,,,swn_patient_28_tumor_63,,,,,,,,,,,,,,,,,,,,,,Freshcollected,,,,,,,,,,,,,,,,,,,
swn_patient_28_tumor_64_1.fastq.gz,swn_patient_28_tumor_64_1.fastq.gz,raw,,genomicVariants,,fastq,Gzip,swn_patient_28,patient_28,experimentalData,,swn_patient_28_tumor_64,tumor_64,syn9727752,Acta Neuropathologica (2021) 141:101-116,schwannoma,,pairedEnd,PairedEnd,3342573,,Schwannomatosis,Schwannomatosis,125,,Synodos Schwannomatosis,,Illumina HiSeq 2500,IlluminaHiSeq2500,PRIVATE,ControlledAccess,Agilent SureSelect Human All Exon V5+UTR,,whole exome sequencing,Whole genome sequencing,Homo sapiens,Musmusculus,CTF,,Female,,Synodos,,nerves,,primary tumor,,1,Read 1,False,,bulk cell,Bulkcell,,,,,,,,,,,,,,,,,,,,,,,,,,,,,,,,,,,,,,,,,,,,,No,,No,,,,,,,,,,,,swn_patient_28_tumor_64,,,,,,,,,,,,,,,,,,,,,,Freshcollected,,,,,,,,,,,,,,,,,,,
swn_patient_28_tumor_64_2.fastq.gz,swn_patient_28_tumor_64_2.fastq.gz,raw,,genomicVariants,,fastq,Gzip,swn_patient_28,patient_28,experimentalData,,swn_patient_28_tumor_64,tumor_64,syn9727752,Acta Neuropathologica (2021) 141:101-116,schwannoma,,pairedEnd,PairedEnd,3342573,,Schwannomatosis,Schwannomatosis,125,,Synodos Schwannomatosis,,Illumina HiSeq 2500,IlluminaHiSeq2500,PRIVATE,ControlledAccess,Agilent SureSelect Human All Exon V5+UTR,,whole exome sequencing,Whole genome sequencing,Homo sapiens,Musmusculus,CTF,,Female,,Synodos,,nerves,,primary tumor,,2,Read 2,False,,bulk cell,Bulkcell,,,,,,,,,,,,,,,,,,,,,,,,,,,,,,,,,,,,,,,,,,,,,No,,No,,,,,,,,,,,,swn_patient_28_tumor_64,,,,,,,,,,,,,,,,,,,,,,Freshcollected,,,,,,,,,,,,,,,,,,,
swn_patient_28_tumor_65_1.fastq.gz,swn_patient_28_tumor_65_1.fastq.gz,raw,,genomicVariants,,fastq,Gzip,swn_patient_28,patient_28,experimentalData,,swn_patient_28_tumor_65,tumor_65,syn9727752,Acta Neuropathologica (2021) 141:101-116,schwannoma,,pairedEnd,PairedEnd,3342573,,Schwannomatosis,Schwannomatosis,125,,Synodos Schwannomatosis,,Illumina HiSeq 2500,IlluminaHiSeq2500,PRIVATE,ControlledAccess,Agilent SureSelect Human All Exon V5+UTR,,whole exome sequencing,Whole genome sequencing,Homo sapiens,Musmusculus,CTF,,Female,,Synodos,,nerves,,primary tumor,,1,Read 1,False,,bulk cell,Bulkcell,,,,,,,,,,,,,,,,,,,,,,,,,,,,,,,,,,,,,,,,,,,,,No,,No,,,,,,,,,,,,swn_patient_28_tumor_65,,,,,,,,,,,,,,,,,,,,,,Freshcollected,,,,,,,,,,,,,,,,,,,
swn_patient_28_tumor_65_2.fastq.gz,swn_patient_28_tumor_65_2.fastq.gz,raw,,genomicVariants,,fastq,Gzip,swn_patient_28,patient_28,experimentalData,,swn_patient_28_tumor_65,tumor_65,syn9727752,Acta Neuropathologica (2021) 141:101-116,schwannoma,,pairedEnd,PairedEnd,3342573,,Schwannomatosis,Schwannomatosis,125,,Synodos Schwannomatosis,,Illumina HiSeq 2500,IlluminaHiSeq2500,PRIVATE,ControlledAccess,Agilent SureSelect Human All Exon V5+UTR,,whole exome sequencing,Whole genome sequencing,Homo sapiens,Musmusculus,CTF,,Female,,Synodos,,nerves,,primary tumor,,2,Read 2,False,,bulk cell,Bulkcell,,,,,,,,,,,,,,,,,,,,,,,,,,,,,,,,,,,,,,,,,,,,,No,,No,,,,,,,,,,,,swn_patient_28_tumor_65,,,,,,,,,,,,,,,,,,,,,,Freshcollected,,,,,,,,,,,,,,,,,,,
swn_patient_31_blood_1.fastq.gz,swn_patient_31_blood_1.fastq.gz,raw,,genomicVariants,,fastq,Gzip,swn_patient_31,patient_31,experimentalData,,swn_patient_31_blood,blood,syn9727752,Acta Neuropathologica (2021) 141:101-116,,,pairedEnd,PairedEnd,3342573,,Schwannomatosis,Schwannomatosis,125,,Synodos Schwannomatosis,,Illumina HiSeq 2500,IlluminaHiSeq2500,PRIVATE,ControlledAccess,Agilent SureSelect Human All Exon V5+UTR,,whole exome sequencing,Whole genome sequencing,Homo sapiens,Musmusculus,CTF,,Male,,Synodos,,blood,,blood,,1,Read 1,False,,bulk cell,Bulkcell,,,,,,,,,,,,,,,,,,,,,,,,,,,,,,,,,,,,,,,,,,,,,No,,No,,,,,,,,,,,,swn_patient_31_blood,,,,,,,,,,,,,,,,,,,,,,Freshcollected,,,,,,,,,,,,,,,,,,,
swn_patient_31_blood_2.fastq.gz,swn_patient_31_blood_2.fastq.gz,raw,,genomicVariants,,fastq,Gzip,swn_patient_31,patient_31,experimentalData,,swn_patient_31_blood,blood,syn9727752,Acta Neuropathologica (2021) 141:101-116,,,pairedEnd,PairedEnd,3342573,,Schwannomatosis,Schwannomatosis,125,,Synodos Schwannomatosis,,Illumina HiSeq 2500,IlluminaHiSeq2500,PRIVATE,ControlledAccess,Agilent SureSelect Human All Exon V5+UTR,,whole exome sequencing,Whole genome sequencing,Homo sapiens,Musmusculus,CTF,,Male,,Synodos,,blood,,blood,,2,Read 2,False,,bulk cell,Bulkcell,,,,,,,,,,,,,,,,,,,,,,,,,,,,,,,,,,,,,,,,,,,,,No,,No,,,,,,,,,,,,swn_patient_31_blood,,,,,,,,,,,,,,,,,,,,,,Freshcollected,,,,,,,,,,,,,,,,,,,
swn_patient_32_blood_1.fastq.gz,swn_patient_32_blood_1.fastq.gz,raw,,genomicVariants,,fastq,Gzip,swn_patient_32,patient_32,experimentalData,,swn_patient_32_blood,blood,syn9727752,Acta Neuropathologica (2021) 141:101-116,,,pairedEnd,PairedEnd,3342573,,Schwannomatosis,Schwannomatosis,125,,Synodos Schwannomatosis,,Illumina HiSeq 2500,IlluminaHiSeq2500,PRIVATE,ControlledAccess,Agilent SureSelect Human All Exon V5+UTR,,whole exome sequencing,Whole genome sequencing,Homo sapiens,Musmusculus,CTF,,Female,,Synodos,,blood,,blood,,1,Read 1,False,,bulk cell,Bulkcell,,,,,,,,,,,,,,,,,,,,,,,,,,,,,,,,,,,,,,,,,,,,,No,,No,,,,,,,,,,,,swn_patient_32_blood,,,,,,,,,,,,,,,,,,,,,,Freshcollected,,,,,,,,,,,,,,,,,,,
swn_patient_32_blood_2.fastq.gz,swn_patient_32_blood_2.fastq.gz,raw,,genomicVariants,,fastq,Gzip,swn_patient_32,patient_32,experimentalData,,swn_patient_32_blood,blood,syn9727752,Acta Neuropathologica (2021) 141:101-116,,,pairedEnd,PairedEnd,3342573,,Schwannomatosis,Schwannomatosis,125,,Synodos Schwannomatosis,,Illumina HiSeq 2500,IlluminaHiSeq2500,PRIVATE,ControlledAccess,Agilent SureSelect Human All Exon V5+UTR,,whole exome sequencing,Whole genome sequencing,Homo sapiens,Musmusculus,CTF,,Female,,Synodos,,blood,,blood,,2,Read 2,False,,bulk cell,Bulkcell,,,,,,,,,,,,,,,,,,,,,,,,,,,,,,,,,,,,,,,,,,,,,No,,No,,,,,,,,,,,,swn_patient_32_blood,,,,,,,,,,,,,,,,,,,,,,Freshcollected,,,,,,,,,,,,,,,,,,,
swn_patient_33_blood_1.fastq.gz,swn_patient_33_blood_1.fastq.gz,raw,,genomicVariants,,fastq,Gzip,swn_patient_33,patient_33,experimentalData,,swn_patient_33_blood,blood,syn9727752,Acta Neuropathologica (2021) 141:101-116,,,pairedEnd,PairedEnd,3342573,,Schwannomatosis,Schwannomatosis,125,,Synodos Schwannomatosis,,Illumina HiSeq 2500,IlluminaHiSeq2500,PRIVATE,ControlledAccess,Agilent SureSelect Human All Exon V5+UTR,,whole exome sequencing,Whole genome sequencing,Homo sapiens,Musmusculus,CTF,,Male,Male,Synodos,,blood,,blood,,1,Read 1,False,,bulk cell,Bulkcell,,,,,,,,,,,,,,,,,,,,,,,,,,,,,,,,,,,,,,,,,,,,,No,,No,,,,,,,,,,,,swn_patient_33_blood,,,,,,,,,,,,,,,,,,,,,,Freshcollected,,,,,,,,,,,,,,,,,,,
swn_patient_33_blood_2.fastq.gz,swn_patient_33_blood_2.fastq.gz,raw,,genomicVariants,,fastq,Gzip,swn_patient_33,patient_33,experimentalData,,swn_patient_33_blood,blood,syn9727752,Acta Neuropathologica (2021) 141:101-116,,,pairedEnd,PairedEnd,3342573,,Schwannomatosis,Schwannomatosis,125,,Synodos Schwannomatosis,,Illumina HiSeq 2500,IlluminaHiSeq2500,PRIVATE,ControlledAccess,Agilent SureSelect Human All Exon V5+UTR,,whole exome sequencing,Whole genome sequencing,Homo sapiens,Musmusculus,CTF,,Male,Male,Synodos,,blood,,blood,,2,Read 2,False,,bulk cell,Bulkcell,,,,,,,,,,,,,,,,,,,,,,,,,,,,,,,,,,,,,,,,,,,,,No,,No,,,,,,,,,,,,swn_patient_33_blood,,,,,,,,,,,,,,,,,,,,,,Freshcollected,,,,,,,,,,,,,,,,,,,
swn_patient_33_tumor_102_1.fastq.gz,swn_patient_33_tumor_102_1.fastq.gz,raw,,genomicVariants,,fastq,Gzip,swn_patient_33,patient_33,experimentalData,,swn_patient_33_tumor_102,tumor_102,syn9727752,Acta Neuropathologica (2021) 141:101-116,schwannoma,,pairedEnd,PairedEnd,3342573,,Schwannomatosis,Schwannomatosis,125,,Synodos Schwannomatosis,,Illumina HiSeq 2500,IlluminaHiSeq2500,PRIVATE,ControlledAccess,Agilent SureSelect Human All Exon V5+UTR,,whole exome sequencing,Whole genome sequencing,Homo sapiens,Musmusculus,CTF,,Male,Male,Synodos,,nerves,,primary tumor,,1,Read 1,False,,bulk cell,Bulkcell,,,,,,,,,,,,,,,,,,,,,,,,,,,,,,,,,,,,,,,,,,,,,No,,No,,,,,,,,,,,,swn_patient_33_tumor_102,,,,,,,,,,,,,,,,,,,,,,Freshcollected,,,,,,,,,,,,,,,,,,,
swn_patient_33_tumor_102_2.fastq.gz,swn_patient_33_tumor_102_2.fastq.gz,raw,,genomicVariants,,fastq,Gzip,swn_patient_33,patient_33,experimentalData,,swn_patient_33_tumor_102,tumor_102,syn9727752,Acta Neuropathologica (2021) 141:101-116,schwannoma,,pairedEnd,PairedEnd,3342573,,Schwannomatosis,Schwannomatosis,125,,Synodos Schwannomatosis,,Illumina HiSeq 2500,IlluminaHiSeq2500,PRIVATE,ControlledAccess,Agilent SureSelect Human All Exon V5+UTR,,whole exome sequencing,Whole genome sequencing,Homo sapiens,Musmusculus,CTF,,Male,Male,Synodos,,nerves,,primary tumor,,2,Read 2,False,,bulk cell,Bulkcell,,,,,,,,,,,,,,,,,,,,,,,,,,,,,,,,,,,,,,,,,,,,,No,,No,,,,,,,,,,,,swn_patient_33_tumor_102,,,,,,,,,,,,,,,,,,,,,,Freshcollected,,,,,,,,,,,,,,,,,,,
swn_patient_34_blood_1.fastq.gz,swn_patient_34_blood_1.fastq.gz,raw,,genomicVariants,,fastq,Gzip,swn_patient_34,patient_34,experimentalData,,swn_patient_34_blood,blood,syn9727752,Acta Neuropathologica (2021) 141:101-116,,,pairedEnd,PairedEnd,3342573,,Schwannomatosis,Schwannomatosis,125,,Synodos Schwannomatosis,,Illumina HiSeq 2500,IlluminaHiSeq2500,PRIVATE,ControlledAccess,Agilent SureSelect Human All Exon V5+UTR,,whole exome sequencing,Whole genome sequencing,Homo sapiens,Musmusculus,CTF,,Male,Male,Synodos,,blood,,blood,,1,Read 1,False,,bulk cell,Bulkcell,,,,,,,,,,,,,,,,,,,,,,,,,,,,,,,,,,,,,,,,,,,,,No,,No,,,,,,,,,,,,swn_patient_34_blood,,,,,,,,,,,,,,,,,,,,,,Freshcollected,,,,,,,,,,,,,,,,,,,
swn_patient_34_blood_2.fastq.gz,swn_patient_34_blood_2.fastq.gz,raw,,genomicVariants,,fastq,Gzip,swn_patient_34,patient_34,experimentalData,,swn_patient_34_blood,blood,syn9727752,Acta Neuropathologica (2021) 141:101-116,,,pairedEnd,PairedEnd,3342573,,Schwannomatosis,Schwannomatosis,125,,Synodos Schwannomatosis,,Illumina HiSeq 2500,IlluminaHiSeq2500,PRIVATE,ControlledAccess,Agilent SureSelect Human All Exon V5+UTR,,whole exome sequencing,Whole genome sequencing,Homo sapiens,Musmusculus,CTF,,Male,Male,Synodos,,blood,,blood,,2,Read 2,False,,bulk cell,Bulkcell,,,,,,,,,,,,,,,,,,,,,,,,,,,,,,,,,,,,,,,,,,,,,No,,No,,,,,,,,,,,,swn_patient_34_blood,,,,,,,,,,,,,,,,,,,,,,Freshcollected,,,,,,,,,,,,,,,,,,,
swn_patient_34_tumor_81_1.fastq.gz,swn_patient_34_tumor_81_1.fastq.gz,raw,,genomicVariants,,fastq,Gzip,swn_patient_34,patient_34,experimentalData,,swn_patient_34_tumor_81,tumor_81,syn9727752,Acta Neuropathologica (2021) 141:101-116,schwannoma,,pairedEnd,PairedEnd,3342573,,Schwannomatosis,Schwannomatosis,125,,Synodos Schwannomatosis,,Illumina HiSeq 2500,IlluminaHiSeq2500,PRIVATE,ControlledAccess,Agilent SureSelect Human All Exon V5+UTR,,whole exome sequencing,Whole genome sequencing,Homo sapiens,Musmusculus,CTF,,Male,Male,Synodos,,nerves,,primary tumor,,1,Read 1,False,,bulk cell,Bulkcell,,,,,,,,,,,,,,,,,,,,,,,,,,,,,,,,,,,,,,,,,,,,,No,,No,,,,,,,,,,,,swn_patient_34_tumor_81,,,,,,,,,,,,,,,,,,,,,,Freshcollected,,,,,,,,,,,,,,,,,,,
swn_patient_34_tumor_81_2.fastq.gz,swn_patient_34_tumor_81_2.fastq.gz,raw,,genomicVariants,,fastq,Gzip,swn_patient_34,patient_34,experimentalData,,swn_patient_34_tumor_81,tumor_81,syn9727752,Acta Neuropathologica (2021) 141:101-116,schwannoma,,pairedEnd,PairedEnd,3342573,,Schwannomatosis,Schwannomatosis,125,,Synodos Schwannomatosis,,Illumina HiSeq 2500,IlluminaHiSeq2500,PRIVATE,ControlledAccess,Agilent SureSelect Human All Exon V5+UTR,,whole exome sequencing,Whole genome sequencing,Homo sapiens,Musmusculus,CTF,,Male,Male,Synodos,,nerves,,primary tumor,,2,Read 2,False,,bulk cell,Bulkcell,,,,,,,,,,,,,,,,,,,,,,,,,,,,,,,,,,,,,,,,,,,,,No,,No,,,,,,,,,,,,swn_patient_34_tumor_81,,,,,,,,,,,,,,,,,,,,,,Freshcollected,,,,,,,,,,,,,,,,,,,
swn_patient_3_blood_1.fastq.gz,swn_patient_3_blood_1.fastq.gz,raw,,genomicVariants,,fastq,Gzip,swn_patient_3,patient_3,experimentalData,,swn_patient_3_blood,blood,syn9727752,Acta Neuropathologica (2021) 141:101-116,,,pairedEnd,PairedEnd,3342573,,Schwannomatosis,Schwannomatosis,125,,Synodos Schwannomatosis,,Illumina HiSeq 2500,IlluminaHiSeq2500,PRIVATE,ControlledAccess,Agilent SureSelect Human All Exon V5+UTR,,whole exome sequencing,Whole genome sequencing,Homo sapiens,Musmusculus,CTF,,Male,,Synodos,,blood,,blood,,1,Read 1,False,,bulk cell,Bulkcell,,,,,,,,,,,,,,,,,,,,,,,,,,,,,,,,,,,,,,,,,,,,,No,,No,,,,,,,,,,,,swn_patient_3_blood,,,,,,,,,,,,,,,,,,,,,,Freshcollected,,,,,,,,,,,,,,,,,,,
swn_patient_3_blood_2.fastq.gz,swn_patient_3_blood_2.fastq.gz,raw,,genomicVariants,,fastq,Gzip,swn_patient_3,patient_3,experimentalData,,swn_patient_3_blood,blood,syn9727752,Acta Neuropathologica (2021) 141:101-116,,,pairedEnd,PairedEnd,3342573,,Schwannomatosis,Schwannomatosis,125,,Synodos Schwannomatosis,,Illumina HiSeq 2500,IlluminaHiSeq2500,PRIVATE,ControlledAccess,Agilent SureSelect Human All Exon V5+UTR,,whole exome sequencing,Whole genome sequencing,Homo sapiens,Musmusculus,CTF,,Male,,Synodos,,blood,,blood,,2,Read 2,False,,bulk cell,Bulkcell,,,,,,,,,,,,,,,,,,,,,,,,,,,,,,,,,,,,,,,,,,,,,No,,No,,,,,,,,,,,,swn_patient_3_blood,,,,,,,,,,,,,,,,,,,,,,Freshcollected,,,,,,,,,,,,,,,,,,,
swn_patient_3_tumor_32_1.fastq.gz,swn_patient_3_tumor_32_1.fastq.gz,raw,,genomicVariants,,fastq,Gzip,swn_patient_3,patient_3,experimentalData,,swn_patient_3_tumor_32,tumor_32,syn9727752,Acta Neuropathologica (2021) 141:101-116,schwannoma,,pairedEnd,PairedEnd,3342573,,Schwannomatosis,Schwannomatosis,125,,Synodos Schwannomatosis,,Illumina HiSeq 2500,IlluminaHiSeq2500,PRIVATE,ControlledAccess,Agilent SureSelect Human All Exon V5+UTR,,whole exome sequencing,Whole genome sequencing,Homo sapiens,Musmusculus,CTF,,Male,,Synodos,,nerves,,primary tumor,,1,Read 1,False,,bulk cell,Bulkcell,,,,,,,,,,,,,,,,,,,,,,,,,,,,,,,,,,,,,,,,,,,,,No,,No,,,,,,,,,,,,swn_patient_3_tumor_32,,,,,,,,,,,,,,,,,,,,,,Freshcollected,,,,,,,,,,,,,,,,,,,
swn_patient_3_tumor_32_2.fastq.gz,swn_patient_3_tumor_32_2.fastq.gz,raw,,genomicVariants,,fastq,Gzip,swn_patient_3,patient_3,experimentalData,,swn_patient_3_tumor_32,tumor_32,syn9727752,Acta Neuropathologica (2021) 141:101-116,schwannoma,,pairedEnd,PairedEnd,3342573,,Schwannomatosis,Schwannomatosis,125,,Synodos Schwannomatosis,,Illumina HiSeq 2500,IlluminaHiSeq2500,PRIVATE,ControlledAccess,Agilent SureSelect Human All Exon V5+UTR,,whole exome sequencing,Whole genome sequencing,Homo sapiens,Musmusculus,CTF,,Male,,Synodos,,nerves,,primary tumor,,2,Read 2,False,,bulk cell,Bulkcell,,,,,,,,,,,,,,,,,,,,,,,,,,,,,,,,,,,,,,,,,,,,,No,,No,,,,,,,,,,,,swn_patient_3_tumor_32,,,,,,,,,,,,,,,,,,,,,,Freshcollected,,,,,,,,,,,,,,,,,,,
swn_patient_41_blood_1.fastq.gz,swn_patient_41_blood_1.fastq.gz,raw,,genomicVariants,,fastq,Gzip,swn_patient_41,patient_41,experimentalData,,swn_patient_41_blood,blood,syn9727752,Acta Neuropathologica (2021) 141:101-116,,,pairedEnd,PairedEnd,3342573,,Schwannomatosis,Schwannomatosis,125,,Synodos Schwannomatosis,,Illumina HiSeq 2500,IlluminaHiSeq2500,PRIVATE,ControlledAccess,Agilent SureSelect Human All Exon V5+UTR,,whole exome sequencing,Whole genome sequencing,Homo sapiens,Musmusculus,CTF,,Male,Male,Synodos,,blood,,blood,,1,Read 1,False,,bulk cell,Bulkcell,,,,,,,,,,,,,,,,,,,,,,,,,,,,,,,,,,,,,,,,,,,,,No,,No,,,,,,,,,,,,swn_patient_41_blood,,,,,,,,,,,,,,,,,,,,,,Freshcollected,,,,,,,,,,,,,,,,,,,
swn_patient_41_blood_2.fastq.gz,swn_patient_41_blood_2.fastq.gz,raw,,genomicVariants,,fastq,Gzip,swn_patient_41,patient_41,experimentalData,,swn_patient_41_blood,blood,syn9727752,Acta Neuropathologica (2021) 141:101-116,,,pairedEnd,PairedEnd,3342573,,Schwannomatosis,Schwannomatosis,125,,Synodos Schwannomatosis,,Illumina HiSeq 2500,IlluminaHiSeq2500,PRIVATE,ControlledAccess,Agilent SureSelect Human All Exon V5+UTR,,whole exome sequencing,Whole genome sequencing,Homo sapiens,Musmusculus,CTF,,Male,Male,Synodos,,blood,,blood,,2,Read 2,False,,bulk cell,Bulkcell,,,,,,,,,,,,,,,,,,,,,,,,,,,,,,,,,,,,,,,,,,,,,No,,No,,,,,,,,,,,,swn_patient_41_blood,,,,,,,,,,,,,,,,,,,,,,Freshcollected,,,,,,,,,,,,,,,,,,,
swn_patient_41_tumor_105_1.fastq.gz,swn_patient_41_tumor_105_1.fastq.gz,raw,,genomicVariants,,fastq,Gzip,swn_patient_41,patient_41,experimentalData,,swn_patient_41_tumor_105,tumor_105,syn9727752,Acta Neuropathologica (2021) 141:101-116,schwannoma,,pairedEnd,PairedEnd,3342573,,Schwannomatosis,Schwannomatosis,125,,Synodos Schwannomatosis,,Illumina HiSeq 2500,IlluminaHiSeq2500,PRIVATE,ControlledAccess,Agilent SureSelect Human All Exon V5+UTR,,whole exome sequencing,Whole genome sequencing,Homo sapiens,Musmusculus,CTF,,Male,Male,Synodos,,nerves,,primary tumor,,1,Read 1,False,,bulk cell,Bulkcell,,,,,,,,,,,,,,,,,,,,,,,,,,,,,,,,,,,,,,,,,,,,,No,,No,,,,,,,,,,,,swn_patient_41_tumor_105,,,,,,,,,,,,,,,,,,,,,,Freshcollected,,,,,,,,,,,,,,,,,,,
swn_patient_41_tumor_105_2.fastq.gz,swn_patient_41_tumor_105_2.fastq.gz,raw,,genomicVariants,,fastq,Gzip,swn_patient_41,patient_41,experimentalData,,swn_patient_41_tumor_105,tumor_105,syn9727752,Acta Neuropathologica (2021) 141:101-116,schwannoma,,pairedEnd,PairedEnd,3342573,,Schwannomatosis,Schwannomatosis,125,,Synodos Schwannomatosis,,Illumina HiSeq 2500,IlluminaHiSeq2500,PRIVATE,ControlledAccess,Agilent SureSelect Human All Exon V5+UTR,,whole exome sequencing,Whole genome sequencing,Homo sapiens,Musmusculus,CTF,,Male,Male,Synodos,,nerves,,primary tumor,,2,Read 2,False,,bulk cell,Bulkcell,,,,,,,,,,,,,,,,,,,,,,,,,,,,,,,,,,,,,,,,,,,,,No,,No,,,,,,,,,,,,swn_patient_41_tumor_105,,,,,,,,,,,,,,,,,,,,,,Freshcollected,,,,,,,,,,,,,,,,,,,
swn_patient_47_tumor_7_1.fastq.gz,swn_patient_47_tumor_7_1.fastq.gz,raw,,genomicVariants,,fastq,Gzip,swn_patient_47,patient_47,experimentalData,,swn_patient_47_tumor_7,tumor_7,syn9727752,Acta Neuropathologica (2021) 141:101-116,schwannoma,,pairedEnd,PairedEnd,3342573,,Schwannomatosis,Schwannomatosis,125,,Synodos Schwannomatosis,,Illumina HiSeq 2500,IlluminaHiSeq2500,PRIVATE,ControlledAccess,Agilent SureSelect Human All Exon V5+UTR,,whole exome sequencing,Whole genome sequencing,Homo sapiens,Musmusculus,CTF,,Female,,Synodos,,nerves,,primary tumor,,1,Read 1,False,,bulk cell,Bulkcell,,,,,,,,,,,,,,,,,,,,,,,,,,,,,,,,,,,,,,,,,,,,,No,,No,,,,,,,,,,,,swn_patient_47_tumor_7,,,,,,,,,,,,,,,,,,,,,,Freshcollected,,,,,,,,,,,,,,,,,,,
swn_patient_47_tumor_7_2.fastq.gz,swn_patient_47_tumor_7_2.fastq.gz,raw,,genomicVariants,,fastq,Gzip,swn_patient_47,patient_47,experimentalData,,swn_patient_47_tumor_7,tumor_7,syn9727752,Acta Neuropathologica (2021) 141:101-116,schwannoma,,pairedEnd,PairedEnd,3342573,,Schwannomatosis,Schwannomatosis,125,,Synodos Schwannomatosis,,Illumina HiSeq 2500,IlluminaHiSeq2500,PRIVATE,ControlledAccess,Agilent SureSelect Human All Exon V5+UTR,,whole exome sequencing,Whole genome sequencing,Homo sapiens,Musmusculus,CTF,,Female,,Synodos,,nerves,,primary tumor,,2,Read 2,False,,bulk cell,Bulkcell,,,,,,,,,,,,,,,,,,,,,,,,,,,,,,,,,,,,,,,,,,,,,No,,No,,,,,,,,,,,,swn_patient_47_tumor_7,,,,,,,,,,,,,,,,,,,,,,Freshcollected,,,,,,,,,,,,,,,,,,,
swn_patient_52_tumor_119_BCD0UFANXX_GTACGCAA_L006.R1.fastq.gz,swn_patient_52_tumor_119_BCD0UFANXX_GTACGCAA_L006.R1.fastq.gz,raw,,genomicVariants,,fastq,Gzip,swn_patient_52,patient_52,experimentalData,,swn_patient_52_tumor_119,tumor_119,syn9727752,Acta Neuropathologica (2021) 141:101-116,,,pairedEnd,PairedEnd,3342573,,Schwannomatosis,Schwannomatosis,125,,Synodos Schwannomatosis,,Illumina HiSeq 2500,IlluminaHiSeq2500,PRIVATE,ControlledAccess,Agilent SureSelect Human All Exon V5+UTR,,whole exome sequencing,Whole genome sequencing,Homo sapiens,Musmusculus,CTF,,Male,,Synodos,,nerves,,primary tumor,,1,Read 1,False,,bulk cell,Bulkcell,,,,,,,,,,,,,,,,,,,,,,,,,,,,,,,,,,,,,,,,,,,,,No,,No,,,,,,,,,,,,swn_patient_52_tumor_119,,,,,,,,,,,,,,,,,,,,,,Freshcollected,,,,,,,,,,,,,,,,,,,
swn_patient_52_tumor_119_BCD0UFANXX_GTACGCAA_L006.R2.fastq.gz,swn_patient_52_tumor_119_BCD0UFANXX_GTACGCAA_L006.R2.fastq.gz,raw,,genomicVariants,,fastq,Gzip,swn_patient_52,patient_52,experimentalData,,swn_patient_52_tumor_119,tumor_119,syn9727752,Acta Neuropathologica (2021) 141:101-116,,,pairedEnd,PairedEnd,3342573,,Schwannomatosis,Schwannomatosis,125,,Synodos Schwannomatosis,,Illumina HiSeq 2500,IlluminaHiSeq2500,PRIVATE,ControlledAccess,Agilent SureSelect Human All Exon V5+UTR,,whole exome sequencing,Whole genome sequencing,Homo sapiens,Musmusculus,CTF,,Male,,Synodos,,nerves,,primary tumor,,2,Read 2,False,,bulk cell,Bulkcell,,,,,,,,,,,,,,,,,,,,,,,,,,,,,,,,,,,,,,,,,,,,,No,,No,,,,,,,,,,,,swn_patient_52_tumor_119,,,,,,,,,,,,,,,,,,,,,,Freshcollected,,,,,,,,,,,,,,,,,,,
swn_patient_55_tumor_118_BCD0UFANXX_AGCCATGC_L006.R1.fastq.gz,swn_patient_55_tumor_118_BCD0UFANXX_AGCCATGC_L006.R1.fastq.gz,raw,,genomicVariants,,fastq,Gzip,swn_patient_55,patient_55,experimentalData,,swn_patient_55_tumor_118,tumor_118,syn9727752,Acta Neuropathologica (2021) 141:101-116,,,pairedEnd,PairedEnd,3342573,,Schwannomatosis,Schwannomatosis,125,,Synodos Schwannomatosis,,Illumina HiSeq 2500,IlluminaHiSeq2500,PRIVATE,ControlledAccess,Agilent SureSelect Human All Exon V5+UTR,,whole exome sequencing,Whole genome sequencing,Homo sapiens,Musmusculus,CTF,,Male,,Synodos,,nerves,,primary tumor,,1,Read 1,False,,bulk cell,Bulkcell,,,,,,,,,,,,,,,,,,,,,,,,,,,,,,,,,,,,,,,,,,,,,No,,No,,,,,,,,,,,,swn_patient_55_tumor_118,,,,,,,,,,,,,,,,,,,,,,Freshcollected,,,,,,,,,,,,,,,,,,,
swn_patient_55_tumor_118_BCD0UFANXX_AGCCATGC_L006.R2.fastq.gz,swn_patient_55_tumor_118_BCD0UFANXX_AGCCATGC_L006.R2.fastq.gz,raw,,genomicVariants,,fastq,Gzip,swn_patient_55,patient_55,experimentalData,,swn_patient_55_tumor_118,tumor_118,syn9727752,Acta Neuropathologica (2021) 141:101-116,,,pairedEnd,PairedEnd,3342573,,Schwannomatosis,Schwannomatosis,125,,Synodos Schwannomatosis,,Illumina HiSeq 2500,IlluminaHiSeq2500,PRIVATE,ControlledAccess,Agilent SureSelect Human All Exon V5+UTR,,whole exome sequencing,Whole genome sequencing,Homo sapiens,Musmusculus,CTF,,Male,,Synodos,,nerves,,primary tumor,,2,Read 2,False,,bulk cell,Bulkcell,,,,,,,,,,,,,,,,,,,,,,,,,,,,,,,,,,,,,,,,,,,,,No,,No,,,,,,,,,,,,swn_patient_55_tumor_118,,,,,,,,,,,,,,,,,,,,,,Freshcollected,,,,,,,,,,,,,,,,,,,
swn_patient_55_tumor_122_BCD0UFANXX_ACATTGGC_L007.R1.fastq.gz,swn_patient_55_tumor_122_BCD0UFANXX_ACATTGGC_L007.R1.fastq.gz,raw,,genomicVariants,,fastq,Gzip,swn_patient_55,patient_55,experimentalData,,swn_patient_55_tumor_122,tumor_122,syn9727752,Acta Neuropathologica (2021) 141:101-116,,,pairedEnd,PairedEnd,3342573,,Schwannomatosis,Schwannomatosis,125,,Synodos Schwannomatosis,,Illumina HiSeq 2500,IlluminaHiSeq2500,PRIVATE,ControlledAccess,Agilent SureSelect Human All Exon V5+UTR,,whole exome sequencing,Whole genome sequencing,Homo sapiens,Musmusculus,CTF,,Male,,Synodos,,nerves,,primary tumor,,1,Read 1,False,,bulk cell,Bulkcell,,,,,,,,,,,,,,,,,,,,,,,,,,,,,,,,,,,,,,,,,,,,,No,,No,,,,,,,,,,,,swn_patient_55_tumor_122,,,,,,,,,,,,,,,,,,,,,,Freshcollected,,,,,,,,,,,,,,,,,,,
swn_patient_55_tumor_122_BCD0UFANXX_ACATTGGC_L007.R2.fastq.gz,swn_patient_55_tumor_122_BCD0UFANXX_ACATTGGC_L007.R2.fastq.gz,raw,,genomicVariants,,fastq,Gzip,swn_patient_55,patient_55,experimentalData,,swn_patient_55_tumor_122,tumor_122,syn9727752,Acta Neuropathologica (2021) 141:101-116,,,pairedEnd,PairedEnd,3342573,,Schwannomatosis,Schwannomatosis,125,,Synodos Schwannomatosis,,Illumina HiSeq 2500,IlluminaHiSeq2500,PRIVATE,ControlledAccess,Agilent SureSelect Human All Exon V5+UTR,,whole exome sequencing,Whole genome sequencing,Homo sapiens,Musmusculus,CTF,,Male,,Synodos,,nerves,,primary tumor,,2,Read 2,False,,bulk cell,Bulkcell,,,,,,,,,,,,,,,,,,,,,,,,,,,,,,,,,,,,,,,,,,,,,No,,No,,,,,,,,,,,,swn_patient_55_tumor_122,,,,,,,,,,,,,,,,,,,,,,Freshcollected,,,,,,,,,,,,,,,,,,,
swn_patient_62_tumor_120_BCD0UFANXX_AGTACAAG_L007.R1.fastq.gz,swn_patient_62_tumor_120_BCD0UFANXX_AGTACAAG_L007.R1.fastq.gz,raw,,genomicVariants,,fastq,Gzip,swn_patient_62,patient_62,experimentalData,,swn_patient_62_tumor_120,tumor_120,syn9727752,Acta Neuropathologica (2021) 141:101-116,,,pairedEnd,PairedEnd,3342573,,Schwannomatosis,Schwannomatosis,125,,Synodos Schwannomatosis,,Illumina HiSeq 2500,IlluminaHiSeq2500,PRIVATE,ControlledAccess,Agilent SureSelect Human All Exon V5+UTR,,whole exome sequencing,Whole genome sequencing,Homo sapiens,Musmusculus,CTF,,Female,,Synodos,,nerves,,primary tumor,,1,Read 1,False,,bulk cell,Bulkcell,,,,,,,,,,,,,,,,,,,,,,,,,,,,,,,,,,,,,,,,,,,,,No,,No,,,,,,,,,,,,swn_patient_62_tumor_120,,,,,,,,,,,,,,,,,,,,,,Freshcollected,,,,,,,,,,,,,,,,,,,
swn_patient_62_tumor_120_BCD0UFANXX_AGTACAAG_L007.R2.fastq.gz,swn_patient_62_tumor_120_BCD0UFANXX_AGTACAAG_L007.R2.fastq.gz,raw,,genomicVariants,,fastq,Gzip,swn_patient_62,patient_62,experimentalData,,swn_patient_62_tumor_120,tumor_120,syn9727752,Acta Neuropathologica (2021) 141:101-116,,,pairedEnd,PairedEnd,3342573,,Schwannomatosis,Schwannomatosis,125,,Synodos Schwannomatosis,,Illumina HiSeq 2500,IlluminaHiSeq2500,PRIVATE,ControlledAccess,Agilent SureSelect Human All Exon V5+UTR,,whole exome sequencing,Whole genome sequencing,Homo sapiens,Musmusculus,CTF,,Female,,Synodos,,nerves,,primary tumor,,2,Read 2,False,,bulk cell,Bulkcell,,,,,,,,,,,,,,,,,,,,,,,,,,,,,,,,,,,,,,,,,,,,,No,,No,,,,,,,,,,,,swn_patient_62_tumor_120,,,,,,,,,,,,,,,,,,,,,,Freshcollected,,,,,,,,,,,,,,,,,,,
swn_patient_67_blood_1.fastq.gz,swn_patient_67_blood_1.fastq.gz,raw,,genomicVariants,,fastq,Gzip,swn_patient_67,patient_67,experimentalData,,swn_patient_67_blood,blood,syn9727752,Acta Neuropathologica (2021) 141:101-116,,,pairedEnd,PairedEnd,3342573,,Schwannomatosis,Schwannomatosis,125,,Synodos Schwannomatosis,,Illumina HiSeq 2500,IlluminaHiSeq2500,PRIVATE,ControlledAccess,Agilent SureSelect Human All Exon V5+UTR,,whole exome sequencing,Whole genome sequencing,Homo sapiens,Musmusculus,CTF,,Male,,Synodos,,blood,,blood,,1,Read 1,False,,bulk cell,Bulkcell,,,,,,,,,,,,,,,,,,,,,,,,,,,,,,,,,,,,,,,,,,,,,No,,No,,,,,,,,,,,,swn_patient_67_blood,,,,,,,,,,,,,,,,,,,,,,Freshcollected,,,,,,,,,,,,,,,,,,,
swn_patient_67_blood_2.fastq.gz,swn_patient_67_blood_2.fastq.gz,raw,,genomicVariants,,fastq,Gzip,swn_patient_67,patient_67,experimentalData,,swn_patient_67_blood,blood,syn9727752,Acta Neuropathologica (2021) 141:101-116,,,pairedEnd,PairedEnd,3342573,,Schwannomatosis,Schwannomatosis,125,,Synodos Schwannomatosis,,Illumina HiSeq 2500,IlluminaHiSeq2500,PRIVATE,ControlledAccess,Agilent SureSelect Human All Exon V5+UTR,,whole exome sequencing,Whole genome sequencing,Homo sapiens,Musmusculus,CTF,,Male,,Synodos,,blood,,blood,,2,Read 2,False,,bulk cell,Bulkcell,,,,,,,,,,,,,,,,,,,,,,,,,,,,,,,,,,,,,,,,,,,,,No,,No,,,,,,,,,,,,swn_patient_67_blood,,,,,,,,,,,,,,,,,,,,,,Freshcollected,,,,,,,,,,,,,,,,,,,
swn_patient_6_blood_1.fastq.gz,swn_patient_6_blood_1.fastq.gz,raw,,genomicVariants,,fastq,Gzip,swn_patient_6,patient_6,experimentalData,,swn_patient_6_blood,blood,syn9727752,Acta Neuropathologica (2021) 141:101-116,,,pairedEnd,PairedEnd,3342573,,Schwannomatosis,Schwannomatosis,125,,Synodos Schwannomatosis,,Illumina HiSeq 2500,IlluminaHiSeq2500,PRIVATE,ControlledAccess,Agilent SureSelect Human All Exon V5+UTR,,whole exome sequencing,Whole genome sequencing,Homo sapiens,Musmusculus,CTF,,Female,,Synodos,,blood,,blood,,1,Read 1,False,,bulk cell,Bulkcell,,,,,,,,,,,,,,,,,,,,,,,,,,,,,,,,,,,,,,,,,,,,,No,,No,,,,,,,,,,,,swn_patient_6_blood,,,,,,,,,,,,,,,,,,,,,,Freshcollected,,,,,,,,,,,,,,,,,,,
swn_patient_6_blood_2.fastq.gz,swn_patient_6_blood_2.fastq.gz,raw,,genomicVariants,,fastq,Gzip,swn_patient_6,patient_6,experimentalData,,swn_patient_6_blood,blood,syn9727752,Acta Neuropathologica (2021) 141:101-116,,,pairedEnd,PairedEnd,3342573,,Schwannomatosis,Schwannomatosis,125,,Synodos Schwannomatosis,,Illumina HiSeq 2500,IlluminaHiSeq2500,PRIVATE,ControlledAccess,Agilent SureSelect Human All Exon V5+UTR,,whole exome sequencing,Whole genome sequencing,Homo sapiens,Musmusculus,CTF,,Female,,Synodos,,blood,,blood,,2,Read 2,False,,bulk cell,Bulkcell,,,,,,,,,,,,,,,,,,,,,,,,,,,,,,,,,,,,,,,,,,,,,No,,No,,,,,,,,,,,,swn_patient_6_blood,,,,,,,,,,,,,,,,,,,,,,Freshcollected,,,,,,,,,,,,,,,,,,,
swn_patient_6_tumor_14_1.fastq.gz,swn_patient_6_tumor_14_1.fastq.gz,raw,,genomicVariants,,fastq,Gzip,swn_patient_6,patient_6,experimentalData,,swn_patient_6_tumor_14,tumor_14,syn9727752,Acta Neuropathologica (2021) 141:101-116,schwannoma,,pairedEnd,PairedEnd,3342573,,Schwannomatosis,Schwannomatosis,125,,Synodos Schwannomatosis,,Illumina HiSeq 2500,IlluminaHiSeq2500,PRIVATE,ControlledAccess,Agilent SureSelect Human All Exon V5+UTR,,whole exome sequencing,Whole genome sequencing,Homo sapiens,Musmusculus,CTF,,Female,,Synodos,,nerves,,primary tumor,,1,Read 1,False,,bulk cell,Bulkcell,,,,,,,,,,,,,,,,,,,,,,,,,,,,,,,,,,,,,,,,,,,,,No,,No,,,,,,,,,,,,swn_patient_6_tumor_14,,,,,,,,,,,,,,,,,,,,,,Freshcollected,,,,,,,,,,,,,,,,,,,
swn_patient_6_tumor_14_2.fastq.gz,swn_patient_6_tumor_14_2.fastq.gz,raw,,genomicVariants,,fastq,Gzip,swn_patient_6,patient_6,experimentalData,,swn_patient_6_tumor_14,tumor_14,syn9727752,Acta Neuropathologica (2021) 141:101-116,schwannoma,,pairedEnd,PairedEnd,3342573,,Schwannomatosis,Schwannomatosis,125,,Synodos Schwannomatosis,,Illumina HiSeq 2500,IlluminaHiSeq2500,PRIVATE,ControlledAccess,Agilent SureSelect Human All Exon V5+UTR,,whole exome sequencing,Whole genome sequencing,Homo sapiens,Musmusculus,CTF,,Female,,Synodos,,nerves,,primary tumor,,2,Read 2,False,,bulk cell,Bulkcell,,,,,,,,,,,,,,,,,,,,,,,,,,,,,,,,,,,,,,,,,,,,,No,,No,,,,,,,,,,,,swn_patient_6_tumor_14,,,,,,,,,,,,,,,,,,,,,,Freshcollected,,,,,,,,,,,,,,,,,,,
swn_patient_7_blood_1.fastq.gz,swn_patient_7_blood_1.fastq.gz,raw,,genomicVariants,,fastq,Gzip,swn_patient_7,patient_7,experimentalData,,swn_patient_7_blood,blood,syn9727752,Acta Neuropathologica (2021) 141:101-116,,,pairedEnd,PairedEnd,3342573,,Schwannomatosis,Schwannomatosis,125,,Synodos Schwannomatosis,,Illumina HiSeq 2500,IlluminaHiSeq2500,PRIVATE,ControlledAccess,Agilent SureSelect Human All Exon V5+UTR,,whole exome sequencing,Whole genome sequencing,Homo sapiens,Musmusculus,CTF,,Male,,Synodos,,blood,,blood,,1,Read 1,False,,bulk cell,Bulkcell,,,,,,,,,,,,,,,,,,,,,,,,,,,,,,,,,,,,,,,,,,,,,No,,No,,,,,,,,,,,,swn_patient_7_blood,,,,,,,,,,,,,,,,,,,,,,Freshcollected,,,,,,,,,,,,,,,,,,,
swn_patient_7_blood_2.fastq.gz,swn_patient_7_blood_2.fastq.gz,raw,,genomicVariants,,fastq,Gzip,swn_patient_7,patient_7,experimentalData,,swn_patient_7_blood,blood,syn9727752,Acta Neuropathologica (2021) 141:101-116,,,pairedEnd,PairedEnd,3342573,,Schwannomatosis,Schwannomatosis,125,,Synodos Schwannomatosis,,Illumina HiSeq 2500,IlluminaHiSeq2500,PRIVATE,ControlledAccess,Agilent SureSelect Human All Exon V5+UTR,,whole exome sequencing,Whole genome sequencing,Homo sapiens,Musmusculus,CTF,,Male,,Synodos,,blood,,blood,,2,Read 2,False,,bulk cell,Bulkcell,,,,,,,,,,,,,,,,,,,,,,,,,,,,,,,,,,,,,,,,,,,,,No,,No,,,,,,,,,,,,swn_patient_7_blood,,,,,,,,,,,,,,,,,,,,,,Freshcollected,,,,,,,,,,,,,,,,,,,
swn_patient_7_tumor_16_1.fastq.gz,swn_patient_7_tumor_16_1.fastq.gz,raw,,genomicVariants,,fastq,Gzip,swn_patient_7,patient_7,experimentalData,,swn_patient_7_tumor_16,tumor_16,syn9727752,Acta Neuropathologica (2021) 141:101-116,schwannoma,,pairedEnd,PairedEnd,3342573,,Schwannomatosis,Schwannomatosis,125,,Synodos Schwannomatosis,,Illumina HiSeq 2500,IlluminaHiSeq2500,PRIVATE,ControlledAccess,Agilent SureSelect Human All Exon V5+UTR,,whole exome sequencing,Whole genome sequencing,Homo sapiens,Musmusculus,CTF,,Male,,Synodos,,nerves,,primary tumor,,1,Read 1,False,,bulk cell,Bulkcell,,,,,,,,,,,,,,,,,,,,,,,,,,,,,,,,,,,,,,,,,,,,,No,,No,,,,,,,,,,,,swn_patient_7_tumor_16,,,,,,,,,,,,,,,,,,,,,,Freshcollected,,,,,,,,,,,,,,,,,,,
swn_patient_7_tumor_16_2.fastq.gz,swn_patient_7_tumor_16_2.fastq.gz,raw,,genomicVariants,,fastq,Gzip,swn_patient_7,patient_7,experimentalData,,swn_patient_7_tumor_16,tumor_16,syn9727752,Acta Neuropathologica (2021) 141:101-116,schwannoma,,pairedEnd,PairedEnd,3342573,,Schwannomatosis,Schwannomatosis,125,,Synodos Schwannomatosis,,Illumina HiSeq 2500,IlluminaHiSeq2500,PRIVATE,ControlledAccess,Agilent SureSelect Human All Exon V5+UTR,,whole exome sequencing,Whole genome sequencing,Homo sapiens,Musmusculus,CTF,,Male,,Synodos,,nerves,,primary tumor,,2,Read 2,False,,bulk cell,Bulkcell,,,,,,,,,,,,,,,,,,,,,,,,,,,,,,,,,,,,,,,,,,,,,No,,No,,,,,,,,,,,,swn_patient_7_tumor_16,,,,,,,,,,,,,,,,,,,,,,Freshcollected,,,,,,,,,,,,,,,,,,,
swn_patient_8_blood_1.fastq.gz,swn_patient_8_blood_1.fastq.gz,raw,,genomicVariants,,fastq,Gzip,swn_patient_8,patient_8,experimentalData,,swn_patient_8_blood,blood,syn9727752,Acta Neuropathologica (2021) 141:101-116,,,pairedEnd,PairedEnd,3342573,,Schwannomatosis,Schwannomatosis,125,,Synodos Schwannomatosis,,Illumina HiSeq 2500,IlluminaHiSeq2500,PRIVATE,ControlledAccess,Agilent SureSelect Human All Exon V5+UTR,,whole exome sequencing,Whole genome sequencing,Homo sapiens,Musmusculus,CTF,,Female,,Synodos,,blood,,blood,,1,Read 1,False,,bulk cell,Bulkcell,,,,,,,,,,,,,,,,,,,,,,,,,,,,,,,,,,,,,,,,,,,,,No,,No,,,,,,,,,,,,swn_patient_8_blood,,,,,,,,,,,,,,,,,,,,,,Freshcollected,,,,,,,,,,,,,,,,,,,
swn_patient_8_blood_2.fastq.gz,swn_patient_8_blood_2.fastq.gz,raw,,genomicVariants,,fastq,Gzip,swn_patient_8,patient_8,experimentalData,,swn_patient_8_blood,blood,syn9727752,Acta Neuropathologica (2021) 141:101-116,,,pairedEnd,PairedEnd,3342573,,Schwannomatosis,Schwannomatosis,125,,Synodos Schwannomatosis,,Illumina HiSeq 2500,IlluminaHiSeq2500,PRIVATE,ControlledAccess,Agilent SureSelect Human All Exon V5+UTR,,whole exome sequencing,Whole genome sequencing,Homo sapiens,Musmusculus,CTF,,Female,,Synodos,,blood,,blood,,2,Read 2,False,,bulk cell,Bulkcell,,,,,,,,,,,,,,,,,,,,,,,,,,,,,,,,,,,,,,,,,,,,,No,,No,,,,,,,,,,,,swn_patient_8_blood,,,,,,,,,,,,,,,,,,,,,,Freshcollected,,,,,,,,,,,,,,,,,,,
swn_patient_8_tumor_21_1.fastq.gz,swn_patient_8_tumor_21_1.fastq.gz,raw,,genomicVariants,,fastq,Gzip,swn_patient_8,patient_8,experimentalData,,swn_patient_8_tumor_21,tumor_21,syn9727752,Acta Neuropathologica (2021) 141:101-116,schwannoma,,pairedEnd,PairedEnd,3342573,,Schwannomatosis,Schwannomatosis,125,,Synodos Schwannomatosis,,Illumina HiSeq 2500,IlluminaHiSeq2500,PRIVATE,ControlledAccess,Agilent SureSelect Human All Exon V5+UTR,,whole exome sequencing,Whole genome sequencing,Homo sapiens,Musmusculus,CTF,,Female,,Synodos,,nerves,,primary tumor,,1,Read 1,False,,bulk cell,Bulkcell,,,,,,,,,,,,,,,,,,,,,,,,,,,,,,,,,,,,,,,,,,,,,No,,No,,,,,,,,,,,,swn_patient_8_tumor_21,,,,,,,,,,,,,,,,,,,,,,Freshcollected,,,,,,,,,,,,,,,,,,,
swn_patient_8_tumor_21_2.fastq.gz,swn_patient_8_tumor_21_2.fastq.gz,raw,,genomicVariants,,fastq,Gzip,swn_patient_8,patient_8,experimentalData,,swn_patient_8_tumor_21,tumor_21,syn9727752,Acta Neuropathologica (2021) 141:101-116,schwannoma,,pairedEnd,PairedEnd,3342573,,Schwannomatosis,Schwannomatosis,125,,Synodos Schwannomatosis,,Illumina HiSeq 2500,IlluminaHiSeq2500,PRIVATE,ControlledAccess,Agilent SureSelect Human All Exon V5+UTR,,whole exome sequencing,Whole genome sequencing,Homo sapiens,Musmusculus,CTF,,Female,,Synodos,,nerves,,primary tumor,,2,Read 2,False,,bulk cell,Bulkcell,,,,,,,,,,,,,,,,,,,,,,,,,,,,,,,,,,,,,,,,,,,,,No,,No,,,,,,,,,,,,swn_patient_8_tumor_21,,,,,,,,,,,,,,,,,,,,,,Freshcollected,,,,,,,,,,,,,,,,,,,
swn_patient_8_tumor_30_1.fastq.gz,swn_patient_8_tumor_30_1.fastq.gz,raw,,genomicVariants,,fastq,Gzip,swn_patient_8,patient_8,experimentalData,,swn_patient_8_tumor_30,tumor_30,syn9727752,Acta Neuropathologica (2021) 141:101-116,schwannoma,,pairedEnd,PairedEnd,3342573,,Schwannomatosis,Schwannomatosis,125,,Synodos Schwannomatosis,,Illumina HiSeq 2500,IlluminaHiSeq2500,PRIVATE,ControlledAccess,Agilent SureSelect Human All Exon V5+UTR,,whole exome sequencing,Whole genome sequencing,Homo sapiens,Musmusculus,CTF,,Female,,Synodos,,nerves,,primary tumor,,1,Read 1,False,,bulk cell,Bulkcell,,,,,,,,,,,,,,,,,,,,,,,,,,,,,,,,,,,,,,,,,,,,,No,,No,,,,,,,,,,,,swn_patient_8_tumor_30,,,,,,,,,,,,,,,,,,,,,,Freshcollected,,,,,,,,,,,,,,,,,,,
swn_patient_8_tumor_30_2.fastq.gz,swn_patient_8_tumor_30_2.fastq.gz,raw,,genomicVariants,,fastq,Gzip,swn_patient_8,patient_8,experimentalData,,swn_patient_8_tumor_30,tumor_30,syn9727752,Acta Neuropathologica (2021) 141:101-116,schwannoma,,pairedEnd,PairedEnd,3342573,,Schwannomatosis,Schwannomatosis,125,,Synodos Schwannomatosis,,Illumina HiSeq 2500,IlluminaHiSeq2500,PRIVATE,ControlledAccess,Agilent SureSelect Human All Exon V5+UTR,,whole exome sequencing,Whole genome sequencing,Homo sapiens,Musmusculus,CTF,,Female,,Synodos,,nerves,,primary tumor,,2,Read 2,False,,bulk cell,Bulkcell,,,,,,,,,,,,,,,,,,,,,,,,,,,,,,,,,,,,,,,,,,,,,No,,No,,,,,,,,,,,,swn_patient_8_tumor_30,,,,,,,,,,,,,,,,,,,,,,Freshcollected,,,,,,,,,,,,,,,,,,,
